ISO-10303-21;
HEADER;
/* Generated by software containing ST-Developer
 * from STEP Tools, Inc. (www.steptools.com) 
 */
/* OPTION: using custom renumber hook */

FILE_DESCRIPTION(
/* description */ ('STEP AP203'),
/* implementation_level */ '2;1');

FILE_NAME(
/* name */ 'T1M-03-F-SH-L',
/* time_stamp */ '2026-06-06T22:30:34+02:00',
/* author */ ('License CC BY-ND 4.0'),
/* organization */ ('CADENAS'),
/* preprocessor_version */ 'ST-DEVELOPER v20',
/* originating_system */ 'PARTsolutions',
/* authorisation */ '  ');

FILE_SCHEMA (('CONFIG_CONTROL_DESIGN'));
ENDSEC;

DATA;
#10=PROPERTY_DEFINITION_REPRESENTATION(#14,#12);
#11=PROPERTY_DEFINITION_REPRESENTATION(#15,#13);
#12=REPRESENTATION('',(#16),#4501);
#13=REPRESENTATION('',(#17),#4501);
#14=PROPERTY_DEFINITION('pmi validation property','',#4512);
#15=PROPERTY_DEFINITION('pmi validation property','',#4512);
#16=VALUE_REPRESENTATION_ITEM('number of annotations',COUNT_MEASURE(0.));
#17=VALUE_REPRESENTATION_ITEM('number of views',COUNT_MEASURE(0.));
#18=CONTEXT_DEPENDENT_SHAPE_REPRESENTATION(#24,#4514);
#19=CONTEXT_DEPENDENT_SHAPE_REPRESENTATION(#25,#4516);
#20=CONTEXT_DEPENDENT_SHAPE_REPRESENTATION(#26,#4518);
#21=NEXT_ASSEMBLY_USAGE_OCCURRENCE('NAUO1','T1T1M-03-T-SH-L',
'T1T1M-03-T-SH-L',#4519,#4520,'');
#22=NEXT_ASSEMBLY_USAGE_OCCURRENCE('NAUO2','P2T1M-03-F-SH-L',
'P2T1M-03-F-SH-L',#4519,#4521,'');
#23=NEXT_ASSEMBLY_USAGE_OCCURRENCE('NAUO3','P22T1M-03-F-SH-L',
'P22T1M-03-F-SH-L',#4519,#4522,'');
#24=(
REPRESENTATION_RELATIONSHIP(' ',' ',#2816,#2815)
REPRESENTATION_RELATIONSHIP_WITH_TRANSFORMATION(#27)
SHAPE_REPRESENTATION_RELATIONSHIP()
);
#25=(
REPRESENTATION_RELATIONSHIP(' ',' ',#2817,#2815)
REPRESENTATION_RELATIONSHIP_WITH_TRANSFORMATION(#28)
SHAPE_REPRESENTATION_RELATIONSHIP()
);
#26=(
REPRESENTATION_RELATIONSHIP(' ',' ',#2818,#2815)
REPRESENTATION_RELATIONSHIP_WITH_TRANSFORMATION(#29)
SHAPE_REPRESENTATION_RELATIONSHIP()
);
#27=ITEM_DEFINED_TRANSFORMATION(' ',' ',#2819,#2926);
#28=ITEM_DEFINED_TRANSFORMATION(' ',' ',#2819,#2961);
#29=ITEM_DEFINED_TRANSFORMATION(' ',' ',#2819,#2990);
#30=SHAPE_REPRESENTATION_RELATIONSHIP('','',#2816,#33);
#31=SHAPE_REPRESENTATION_RELATIONSHIP('','',#2817,#34);
#32=SHAPE_REPRESENTATION_RELATIONSHIP('','',#2818,#35);
#33=ADVANCED_BREP_SHAPE_REPRESENTATION('',(#2808),#4502);
#34=ADVANCED_BREP_SHAPE_REPRESENTATION('',(#2809),#4503);
#35=ADVANCED_BREP_SHAPE_REPRESENTATION('',(#2810),#4504);
#36=CYLINDRICAL_SURFACE('',#2877,0.3);
#37=CYLINDRICAL_SURFACE('',#2879,0.300000000000001);
#38=CYLINDRICAL_SURFACE('',#2897,0.0499999999999997);
#39=CYLINDRICAL_SURFACE('',#2900,0.0500000000000005);
#40=CYLINDRICAL_SURFACE('',#2902,0.0500000000000006);
#41=CYLINDRICAL_SURFACE('',#2918,0.0499999999999997);
#42=CYLINDRICAL_SURFACE('',#2921,0.0500000000000005);
#43=CYLINDRICAL_SURFACE('',#2923,0.0500000000000006);
#44=CYLINDRICAL_SURFACE('',#2934,0.15);
#45=CYLINDRICAL_SURFACE('',#2937,0.15);
#46=CYLINDRICAL_SURFACE('',#2940,0.15);
#47=CYLINDRICAL_SURFACE('',#2969,0.12);
#48=CYLINDRICAL_SURFACE('',#2972,0.12);
#49=CYLINDRICAL_SURFACE('',#2975,0.12);
#50=CIRCLE('',#2823,0.3);
#51=CIRCLE('',#2824,0.300000000000001);
#52=CIRCLE('',#2826,0.3);
#53=CIRCLE('',#2827,0.300000000000001);
#54=CIRCLE('',#2886,0.0500000000000005);
#55=CIRCLE('',#2887,0.0500000000000006);
#56=CIRCLE('',#2888,0.0499999999999997);
#57=CIRCLE('',#2890,0.0499999999999997);
#58=CIRCLE('',#2891,0.0500000000000006);
#59=CIRCLE('',#2892,0.0500000000000005);
#60=CIRCLE('',#2907,0.0500000000000005);
#61=CIRCLE('',#2908,0.0500000000000006);
#62=CIRCLE('',#2909,0.0499999999999997);
#63=CIRCLE('',#2911,0.0499999999999997);
#64=CIRCLE('',#2912,0.0500000000000006);
#65=CIRCLE('',#2913,0.0500000000000005);
#66=CIRCLE('',#2935,0.15);
#67=CIRCLE('',#2936,0.15);
#68=CIRCLE('',#2938,0.15);
#69=CIRCLE('',#2939,0.15);
#70=CIRCLE('',#2941,0.15);
#71=CIRCLE('',#2942,0.15);
#72=CIRCLE('',#2970,0.12);
#73=CIRCLE('',#2971,0.12);
#74=CIRCLE('',#2973,0.12);
#75=CIRCLE('',#2974,0.12);
#76=CIRCLE('',#2976,0.12);
#77=CIRCLE('',#2977,0.12);
#78=ORIENTED_EDGE('',*,*,#868,.F.);
#79=ORIENTED_EDGE('',*,*,#869,.T.);
#80=ORIENTED_EDGE('',*,*,#870,.F.);
#81=ORIENTED_EDGE('',*,*,#871,.F.);
#82=ORIENTED_EDGE('',*,*,#872,.F.);
#83=ORIENTED_EDGE('',*,*,#873,.F.);
#84=ORIENTED_EDGE('',*,*,#874,.F.);
#85=ORIENTED_EDGE('',*,*,#875,.F.);
#86=ORIENTED_EDGE('',*,*,#876,.F.);
#87=ORIENTED_EDGE('',*,*,#877,.T.);
#88=ORIENTED_EDGE('',*,*,#878,.F.);
#89=ORIENTED_EDGE('',*,*,#879,.F.);
#90=ORIENTED_EDGE('',*,*,#880,.T.);
#91=ORIENTED_EDGE('',*,*,#881,.T.);
#92=ORIENTED_EDGE('',*,*,#882,.T.);
#93=ORIENTED_EDGE('',*,*,#883,.T.);
#94=ORIENTED_EDGE('',*,*,#884,.T.);
#95=ORIENTED_EDGE('',*,*,#885,.T.);
#96=ORIENTED_EDGE('',*,*,#886,.T.);
#97=ORIENTED_EDGE('',*,*,#887,.T.);
#98=ORIENTED_EDGE('',*,*,#888,.T.);
#99=ORIENTED_EDGE('',*,*,#889,.T.);
#100=ORIENTED_EDGE('',*,*,#890,.T.);
#101=ORIENTED_EDGE('',*,*,#891,.T.);
#102=ORIENTED_EDGE('',*,*,#892,.T.);
#103=ORIENTED_EDGE('',*,*,#893,.T.);
#104=ORIENTED_EDGE('',*,*,#894,.T.);
#105=ORIENTED_EDGE('',*,*,#895,.T.);
#106=ORIENTED_EDGE('',*,*,#896,.T.);
#107=ORIENTED_EDGE('',*,*,#897,.T.);
#108=ORIENTED_EDGE('',*,*,#898,.F.);
#109=ORIENTED_EDGE('',*,*,#899,.F.);
#110=ORIENTED_EDGE('',*,*,#900,.T.);
#111=ORIENTED_EDGE('',*,*,#901,.T.);
#112=ORIENTED_EDGE('',*,*,#902,.F.);
#113=ORIENTED_EDGE('',*,*,#903,.T.);
#114=ORIENTED_EDGE('',*,*,#904,.F.);
#115=ORIENTED_EDGE('',*,*,#905,.F.);
#116=ORIENTED_EDGE('',*,*,#902,.T.);
#117=ORIENTED_EDGE('',*,*,#906,.T.);
#118=ORIENTED_EDGE('',*,*,#907,.T.);
#119=ORIENTED_EDGE('',*,*,#898,.T.);
#120=ORIENTED_EDGE('',*,*,#908,.T.);
#121=ORIENTED_EDGE('',*,*,#909,.T.);
#122=ORIENTED_EDGE('',*,*,#910,.T.);
#123=ORIENTED_EDGE('',*,*,#911,.F.);
#124=ORIENTED_EDGE('',*,*,#912,.F.);
#125=ORIENTED_EDGE('',*,*,#913,.T.);
#126=ORIENTED_EDGE('',*,*,#914,.T.);
#127=ORIENTED_EDGE('',*,*,#915,.F.);
#128=ORIENTED_EDGE('',*,*,#916,.F.);
#129=ORIENTED_EDGE('',*,*,#917,.F.);
#130=ORIENTED_EDGE('',*,*,#918,.F.);
#131=ORIENTED_EDGE('',*,*,#919,.F.);
#132=ORIENTED_EDGE('',*,*,#920,.F.);
#133=ORIENTED_EDGE('',*,*,#921,.F.);
#134=ORIENTED_EDGE('',*,*,#922,.F.);
#135=ORIENTED_EDGE('',*,*,#923,.F.);
#136=ORIENTED_EDGE('',*,*,#924,.T.);
#137=ORIENTED_EDGE('',*,*,#925,.F.);
#138=ORIENTED_EDGE('',*,*,#926,.F.);
#139=ORIENTED_EDGE('',*,*,#927,.F.);
#140=ORIENTED_EDGE('',*,*,#928,.T.);
#141=ORIENTED_EDGE('',*,*,#929,.T.);
#142=ORIENTED_EDGE('',*,*,#930,.F.);
#143=ORIENTED_EDGE('',*,*,#931,.T.);
#144=ORIENTED_EDGE('',*,*,#932,.T.);
#145=ORIENTED_EDGE('',*,*,#881,.F.);
#146=ORIENTED_EDGE('',*,*,#933,.F.);
#147=ORIENTED_EDGE('',*,*,#934,.F.);
#148=ORIENTED_EDGE('',*,*,#935,.T.);
#149=ORIENTED_EDGE('',*,*,#936,.F.);
#150=ORIENTED_EDGE('',*,*,#937,.F.);
#151=ORIENTED_EDGE('',*,*,#938,.F.);
#152=ORIENTED_EDGE('',*,*,#939,.F.);
#153=ORIENTED_EDGE('',*,*,#940,.F.);
#154=ORIENTED_EDGE('',*,*,#941,.T.);
#155=ORIENTED_EDGE('',*,*,#942,.F.);
#156=ORIENTED_EDGE('',*,*,#943,.T.);
#157=ORIENTED_EDGE('',*,*,#944,.F.);
#158=ORIENTED_EDGE('',*,*,#945,.F.);
#159=ORIENTED_EDGE('',*,*,#946,.F.);
#160=ORIENTED_EDGE('',*,*,#947,.T.);
#161=ORIENTED_EDGE('',*,*,#948,.F.);
#162=ORIENTED_EDGE('',*,*,#949,.F.);
#163=ORIENTED_EDGE('',*,*,#950,.F.);
#164=ORIENTED_EDGE('',*,*,#951,.F.);
#165=ORIENTED_EDGE('',*,*,#952,.F.);
#166=ORIENTED_EDGE('',*,*,#945,.T.);
#167=ORIENTED_EDGE('',*,*,#953,.F.);
#168=ORIENTED_EDGE('',*,*,#954,.F.);
#169=ORIENTED_EDGE('',*,*,#955,.F.);
#170=ORIENTED_EDGE('',*,*,#949,.T.);
#171=ORIENTED_EDGE('',*,*,#956,.F.);
#172=ORIENTED_EDGE('',*,*,#957,.F.);
#173=ORIENTED_EDGE('',*,*,#958,.F.);
#174=ORIENTED_EDGE('',*,*,#937,.T.);
#175=ORIENTED_EDGE('',*,*,#959,.F.);
#176=ORIENTED_EDGE('',*,*,#960,.F.);
#177=ORIENTED_EDGE('',*,*,#961,.T.);
#178=ORIENTED_EDGE('',*,*,#962,.F.);
#179=ORIENTED_EDGE('',*,*,#963,.F.);
#180=ORIENTED_EDGE('',*,*,#964,.F.);
#181=ORIENTED_EDGE('',*,*,#965,.F.);
#182=ORIENTED_EDGE('',*,*,#939,.T.);
#183=ORIENTED_EDGE('',*,*,#879,.T.);
#184=ORIENTED_EDGE('',*,*,#966,.T.);
#185=ORIENTED_EDGE('',*,*,#963,.T.);
#186=ORIENTED_EDGE('',*,*,#967,.T.);
#187=ORIENTED_EDGE('',*,*,#968,.T.);
#188=ORIENTED_EDGE('',*,*,#969,.T.);
#189=ORIENTED_EDGE('',*,*,#970,.T.);
#190=ORIENTED_EDGE('',*,*,#971,.T.);
#191=ORIENTED_EDGE('',*,*,#972,.F.);
#192=ORIENTED_EDGE('',*,*,#903,.F.);
#193=ORIENTED_EDGE('',*,*,#910,.F.);
#194=ORIENTED_EDGE('',*,*,#973,.F.);
#195=ORIENTED_EDGE('',*,*,#974,.F.);
#196=ORIENTED_EDGE('',*,*,#975,.F.);
#197=ORIENTED_EDGE('',*,*,#976,.F.);
#198=ORIENTED_EDGE('',*,*,#961,.F.);
#199=ORIENTED_EDGE('',*,*,#977,.F.);
#200=ORIENTED_EDGE('',*,*,#872,.T.);
#201=ORIENTED_EDGE('',*,*,#978,.T.);
#202=ORIENTED_EDGE('',*,*,#979,.F.);
#203=ORIENTED_EDGE('',*,*,#979,.T.);
#204=ORIENTED_EDGE('',*,*,#980,.F.);
#205=ORIENTED_EDGE('',*,*,#935,.F.);
#206=ORIENTED_EDGE('',*,*,#981,.F.);
#207=ORIENTED_EDGE('',*,*,#982,.F.);
#208=ORIENTED_EDGE('',*,*,#983,.F.);
#209=ORIENTED_EDGE('',*,*,#947,.F.);
#210=ORIENTED_EDGE('',*,*,#984,.F.);
#211=ORIENTED_EDGE('',*,*,#985,.F.);
#212=ORIENTED_EDGE('',*,*,#986,.F.);
#213=ORIENTED_EDGE('',*,*,#943,.F.);
#214=ORIENTED_EDGE('',*,*,#987,.F.);
#215=ORIENTED_EDGE('',*,*,#988,.F.);
#216=ORIENTED_EDGE('',*,*,#989,.F.);
#217=ORIENTED_EDGE('',*,*,#941,.F.);
#218=ORIENTED_EDGE('',*,*,#990,.F.);
#219=ORIENTED_EDGE('',*,*,#909,.F.);
#220=ORIENTED_EDGE('',*,*,#991,.F.);
#221=ORIENTED_EDGE('',*,*,#914,.F.);
#222=ORIENTED_EDGE('',*,*,#992,.F.);
#223=ORIENTED_EDGE('',*,*,#993,.F.);
#224=ORIENTED_EDGE('',*,*,#970,.F.);
#225=ORIENTED_EDGE('',*,*,#994,.T.);
#226=ORIENTED_EDGE('',*,*,#973,.T.);
#227=ORIENTED_EDGE('',*,*,#929,.F.);
#228=ORIENTED_EDGE('',*,*,#995,.F.);
#229=ORIENTED_EDGE('',*,*,#931,.F.);
#230=ORIENTED_EDGE('',*,*,#996,.F.);
#231=ORIENTED_EDGE('',*,*,#912,.T.);
#232=ORIENTED_EDGE('',*,*,#997,.F.);
#233=ORIENTED_EDGE('',*,*,#998,.F.);
#234=ORIENTED_EDGE('',*,*,#999,.F.);
#235=ORIENTED_EDGE('',*,*,#897,.F.);
#236=ORIENTED_EDGE('',*,*,#1000,.T.);
#237=ORIENTED_EDGE('',*,*,#998,.T.);
#238=ORIENTED_EDGE('',*,*,#1001,.T.);
#239=ORIENTED_EDGE('',*,*,#976,.T.);
#240=ORIENTED_EDGE('',*,*,#1002,.F.);
#241=ORIENTED_EDGE('',*,*,#967,.F.);
#242=ORIENTED_EDGE('',*,*,#962,.T.);
#243=ORIENTED_EDGE('',*,*,#975,.T.);
#244=ORIENTED_EDGE('',*,*,#1003,.F.);
#245=ORIENTED_EDGE('',*,*,#968,.F.);
#246=ORIENTED_EDGE('',*,*,#1002,.T.);
#247=ORIENTED_EDGE('',*,*,#974,.T.);
#248=ORIENTED_EDGE('',*,*,#994,.F.);
#249=ORIENTED_EDGE('',*,*,#969,.F.);
#250=ORIENTED_EDGE('',*,*,#1003,.T.);
#251=ORIENTED_EDGE('',*,*,#991,.T.);
#252=ORIENTED_EDGE('',*,*,#908,.F.);
#253=ORIENTED_EDGE('',*,*,#1001,.F.);
#254=ORIENTED_EDGE('',*,*,#997,.T.);
#255=ORIENTED_EDGE('',*,*,#911,.T.);
#256=ORIENTED_EDGE('',*,*,#992,.T.);
#257=ORIENTED_EDGE('',*,*,#913,.F.);
#258=ORIENTED_EDGE('',*,*,#996,.T.);
#259=ORIENTED_EDGE('',*,*,#933,.T.);
#260=ORIENTED_EDGE('',*,*,#1004,.T.);
#261=ORIENTED_EDGE('',*,*,#993,.T.);
#262=ORIENTED_EDGE('',*,*,#1004,.F.);
#263=ORIENTED_EDGE('',*,*,#880,.F.);
#264=ORIENTED_EDGE('',*,*,#971,.F.);
#265=ORIENTED_EDGE('',*,*,#1005,.F.);
#266=ORIENTED_EDGE('',*,*,#1006,.F.);
#267=ORIENTED_EDGE('',*,*,#1007,.T.);
#268=ORIENTED_EDGE('',*,*,#904,.T.);
#269=ORIENTED_EDGE('',*,*,#972,.T.);
#270=ORIENTED_EDGE('',*,*,#960,.T.);
#271=ORIENTED_EDGE('',*,*,#1008,.F.);
#272=ORIENTED_EDGE('',*,*,#870,.T.);
#273=ORIENTED_EDGE('',*,*,#980,.T.);
#274=ORIENTED_EDGE('',*,*,#978,.F.);
#275=ORIENTED_EDGE('',*,*,#871,.T.);
#276=ORIENTED_EDGE('',*,*,#1008,.T.);
#277=ORIENTED_EDGE('',*,*,#959,.T.);
#278=ORIENTED_EDGE('',*,*,#936,.T.);
#279=ORIENTED_EDGE('',*,*,#1009,.F.);
#280=ORIENTED_EDGE('',*,*,#1010,.F.);
#281=ORIENTED_EDGE('',*,*,#1011,.T.);
#282=ORIENTED_EDGE('',*,*,#874,.T.);
#283=ORIENTED_EDGE('',*,*,#1012,.T.);
#284=ORIENTED_EDGE('',*,*,#964,.T.);
#285=ORIENTED_EDGE('',*,*,#966,.F.);
#286=ORIENTED_EDGE('',*,*,#878,.T.);
#287=ORIENTED_EDGE('',*,*,#990,.T.);
#288=ORIENTED_EDGE('',*,*,#940,.T.);
#289=ORIENTED_EDGE('',*,*,#965,.T.);
#290=ORIENTED_EDGE('',*,*,#1012,.F.);
#291=ORIENTED_EDGE('',*,*,#873,.T.);
#292=ORIENTED_EDGE('',*,*,#977,.T.);
#293=ORIENTED_EDGE('',*,*,#957,.T.);
#294=ORIENTED_EDGE('',*,*,#1013,.F.);
#295=ORIENTED_EDGE('',*,*,#982,.T.);
#296=ORIENTED_EDGE('',*,*,#1014,.T.);
#297=ORIENTED_EDGE('',*,*,#948,.T.);
#298=ORIENTED_EDGE('',*,*,#983,.T.);
#299=ORIENTED_EDGE('',*,*,#1013,.T.);
#300=ORIENTED_EDGE('',*,*,#956,.T.);
#301=ORIENTED_EDGE('',*,*,#934,.T.);
#302=ORIENTED_EDGE('',*,*,#958,.T.);
#303=ORIENTED_EDGE('',*,*,#1014,.F.);
#304=ORIENTED_EDGE('',*,*,#981,.T.);
#305=ORIENTED_EDGE('',*,*,#946,.T.);
#306=ORIENTED_EDGE('',*,*,#955,.T.);
#307=ORIENTED_EDGE('',*,*,#1015,.F.);
#308=ORIENTED_EDGE('',*,*,#984,.T.);
#309=ORIENTED_EDGE('',*,*,#954,.T.);
#310=ORIENTED_EDGE('',*,*,#1016,.F.);
#311=ORIENTED_EDGE('',*,*,#985,.T.);
#312=ORIENTED_EDGE('',*,*,#1015,.T.);
#313=ORIENTED_EDGE('',*,*,#944,.T.);
#314=ORIENTED_EDGE('',*,*,#986,.T.);
#315=ORIENTED_EDGE('',*,*,#1016,.T.);
#316=ORIENTED_EDGE('',*,*,#953,.T.);
#317=ORIENTED_EDGE('',*,*,#938,.T.);
#318=ORIENTED_EDGE('',*,*,#989,.T.);
#319=ORIENTED_EDGE('',*,*,#1017,.T.);
#320=ORIENTED_EDGE('',*,*,#950,.T.);
#321=ORIENTED_EDGE('',*,*,#951,.T.);
#322=ORIENTED_EDGE('',*,*,#1017,.F.);
#323=ORIENTED_EDGE('',*,*,#988,.T.);
#324=ORIENTED_EDGE('',*,*,#1018,.T.);
#325=ORIENTED_EDGE('',*,*,#942,.T.);
#326=ORIENTED_EDGE('',*,*,#952,.T.);
#327=ORIENTED_EDGE('',*,*,#1018,.F.);
#328=ORIENTED_EDGE('',*,*,#987,.T.);
#329=ORIENTED_EDGE('',*,*,#1019,.F.);
#330=ORIENTED_EDGE('',*,*,#1020,.F.);
#331=ORIENTED_EDGE('',*,*,#1021,.T.);
#332=ORIENTED_EDGE('',*,*,#893,.F.);
#333=ORIENTED_EDGE('',*,*,#1022,.F.);
#334=ORIENTED_EDGE('',*,*,#1023,.F.);
#335=ORIENTED_EDGE('',*,*,#1019,.T.);
#336=ORIENTED_EDGE('',*,*,#892,.F.);
#337=ORIENTED_EDGE('',*,*,#1024,.F.);
#338=ORIENTED_EDGE('',*,*,#1025,.F.);
#339=ORIENTED_EDGE('',*,*,#1022,.T.);
#340=ORIENTED_EDGE('',*,*,#891,.F.);
#341=ORIENTED_EDGE('',*,*,#1026,.F.);
#342=ORIENTED_EDGE('',*,*,#1027,.F.);
#343=ORIENTED_EDGE('',*,*,#1024,.T.);
#344=ORIENTED_EDGE('',*,*,#890,.F.);
#345=ORIENTED_EDGE('',*,*,#1028,.F.);
#346=ORIENTED_EDGE('',*,*,#1029,.F.);
#347=ORIENTED_EDGE('',*,*,#1026,.T.);
#348=ORIENTED_EDGE('',*,*,#889,.F.);
#349=ORIENTED_EDGE('',*,*,#1030,.F.);
#350=ORIENTED_EDGE('',*,*,#1031,.F.);
#351=ORIENTED_EDGE('',*,*,#1028,.T.);
#352=ORIENTED_EDGE('',*,*,#888,.F.);
#353=ORIENTED_EDGE('',*,*,#1032,.F.);
#354=ORIENTED_EDGE('',*,*,#1033,.F.);
#355=ORIENTED_EDGE('',*,*,#1030,.T.);
#356=ORIENTED_EDGE('',*,*,#887,.F.);
#357=ORIENTED_EDGE('',*,*,#1034,.F.);
#358=ORIENTED_EDGE('',*,*,#1035,.F.);
#359=ORIENTED_EDGE('',*,*,#1032,.T.);
#360=ORIENTED_EDGE('',*,*,#886,.F.);
#361=ORIENTED_EDGE('',*,*,#1036,.F.);
#362=ORIENTED_EDGE('',*,*,#1037,.F.);
#363=ORIENTED_EDGE('',*,*,#1034,.T.);
#364=ORIENTED_EDGE('',*,*,#885,.F.);
#365=ORIENTED_EDGE('',*,*,#1038,.F.);
#366=ORIENTED_EDGE('',*,*,#1039,.F.);
#367=ORIENTED_EDGE('',*,*,#1036,.T.);
#368=ORIENTED_EDGE('',*,*,#884,.F.);
#369=ORIENTED_EDGE('',*,*,#1040,.F.);
#370=ORIENTED_EDGE('',*,*,#1041,.F.);
#371=ORIENTED_EDGE('',*,*,#1038,.T.);
#372=ORIENTED_EDGE('',*,*,#883,.F.);
#373=ORIENTED_EDGE('',*,*,#1042,.F.);
#374=ORIENTED_EDGE('',*,*,#1043,.F.);
#375=ORIENTED_EDGE('',*,*,#1044,.T.);
#376=ORIENTED_EDGE('',*,*,#895,.F.);
#377=ORIENTED_EDGE('',*,*,#1021,.F.);
#378=ORIENTED_EDGE('',*,*,#1045,.F.);
#379=ORIENTED_EDGE('',*,*,#1042,.T.);
#380=ORIENTED_EDGE('',*,*,#894,.F.);
#381=ORIENTED_EDGE('',*,*,#932,.F.);
#382=ORIENTED_EDGE('',*,*,#995,.T.);
#383=ORIENTED_EDGE('',*,*,#928,.F.);
#384=ORIENTED_EDGE('',*,*,#1046,.T.);
#385=ORIENTED_EDGE('',*,*,#919,.T.);
#386=ORIENTED_EDGE('',*,*,#1047,.F.);
#387=ORIENTED_EDGE('',*,*,#924,.F.);
#388=ORIENTED_EDGE('',*,*,#1048,.F.);
#389=ORIENTED_EDGE('',*,*,#1040,.T.);
#390=ORIENTED_EDGE('',*,*,#882,.F.);
#391=ORIENTED_EDGE('',*,*,#1044,.F.);
#392=ORIENTED_EDGE('',*,*,#1049,.F.);
#393=ORIENTED_EDGE('',*,*,#922,.T.);
#394=ORIENTED_EDGE('',*,*,#1050,.T.);
#395=ORIENTED_EDGE('',*,*,#915,.T.);
#396=ORIENTED_EDGE('',*,*,#1051,.F.);
#397=ORIENTED_EDGE('',*,*,#930,.T.);
#398=ORIENTED_EDGE('',*,*,#999,.T.);
#399=ORIENTED_EDGE('',*,*,#1000,.F.);
#400=ORIENTED_EDGE('',*,*,#896,.F.);
#401=ORIENTED_EDGE('',*,*,#1020,.T.);
#402=ORIENTED_EDGE('',*,*,#1023,.T.);
#403=ORIENTED_EDGE('',*,*,#1025,.T.);
#404=ORIENTED_EDGE('',*,*,#1027,.T.);
#405=ORIENTED_EDGE('',*,*,#1029,.T.);
#406=ORIENTED_EDGE('',*,*,#1031,.T.);
#407=ORIENTED_EDGE('',*,*,#1033,.T.);
#408=ORIENTED_EDGE('',*,*,#1035,.T.);
#409=ORIENTED_EDGE('',*,*,#1037,.T.);
#410=ORIENTED_EDGE('',*,*,#1039,.T.);
#411=ORIENTED_EDGE('',*,*,#1041,.T.);
#412=ORIENTED_EDGE('',*,*,#1048,.T.);
#413=ORIENTED_EDGE('',*,*,#923,.T.);
#414=ORIENTED_EDGE('',*,*,#1049,.T.);
#415=ORIENTED_EDGE('',*,*,#1043,.T.);
#416=ORIENTED_EDGE('',*,*,#1045,.T.);
#417=ORIENTED_EDGE('',*,*,#916,.T.);
#418=ORIENTED_EDGE('',*,*,#1050,.F.);
#419=ORIENTED_EDGE('',*,*,#921,.T.);
#420=ORIENTED_EDGE('',*,*,#1052,.T.);
#421=ORIENTED_EDGE('',*,*,#917,.T.);
#422=ORIENTED_EDGE('',*,*,#1052,.F.);
#423=ORIENTED_EDGE('',*,*,#926,.T.);
#424=ORIENTED_EDGE('',*,*,#1053,.T.);
#425=ORIENTED_EDGE('',*,*,#918,.T.);
#426=ORIENTED_EDGE('',*,*,#1053,.F.);
#427=ORIENTED_EDGE('',*,*,#925,.T.);
#428=ORIENTED_EDGE('',*,*,#1047,.T.);
#429=ORIENTED_EDGE('',*,*,#920,.T.);
#430=ORIENTED_EDGE('',*,*,#1046,.F.);
#431=ORIENTED_EDGE('',*,*,#927,.T.);
#432=ORIENTED_EDGE('',*,*,#1051,.T.);
#433=ORIENTED_EDGE('',*,*,#901,.F.);
#434=ORIENTED_EDGE('',*,*,#1054,.T.);
#435=ORIENTED_EDGE('',*,*,#1055,.T.);
#436=ORIENTED_EDGE('',*,*,#906,.F.);
#437=ORIENTED_EDGE('',*,*,#1055,.F.);
#438=ORIENTED_EDGE('',*,*,#1056,.T.);
#439=ORIENTED_EDGE('',*,*,#899,.T.);
#440=ORIENTED_EDGE('',*,*,#907,.F.);
#441=ORIENTED_EDGE('',*,*,#900,.F.);
#442=ORIENTED_EDGE('',*,*,#1056,.F.);
#443=ORIENTED_EDGE('',*,*,#1054,.F.);
#444=ORIENTED_EDGE('',*,*,#1057,.F.);
#445=ORIENTED_EDGE('',*,*,#876,.T.);
#446=ORIENTED_EDGE('',*,*,#1058,.T.);
#447=ORIENTED_EDGE('',*,*,#1059,.F.);
#448=ORIENTED_EDGE('',*,*,#877,.F.);
#449=ORIENTED_EDGE('',*,*,#1057,.T.);
#450=ORIENTED_EDGE('',*,*,#1060,.T.);
#451=ORIENTED_EDGE('',*,*,#1061,.T.);
#452=ORIENTED_EDGE('',*,*,#1062,.F.);
#453=ORIENTED_EDGE('',*,*,#1063,.T.);
#454=ORIENTED_EDGE('',*,*,#1064,.F.);
#455=ORIENTED_EDGE('',*,*,#1065,.T.);
#456=ORIENTED_EDGE('',*,*,#1066,.T.);
#457=ORIENTED_EDGE('',*,*,#1067,.T.);
#458=ORIENTED_EDGE('',*,*,#1068,.T.);
#459=ORIENTED_EDGE('',*,*,#1069,.T.);
#460=ORIENTED_EDGE('',*,*,#1070,.T.);
#461=ORIENTED_EDGE('',*,*,#1071,.F.);
#462=ORIENTED_EDGE('',*,*,#1009,.T.);
#463=ORIENTED_EDGE('',*,*,#1058,.F.);
#464=ORIENTED_EDGE('',*,*,#875,.T.);
#465=ORIENTED_EDGE('',*,*,#1011,.F.);
#466=ORIENTED_EDGE('',*,*,#1072,.T.);
#467=ORIENTED_EDGE('',*,*,#1073,.F.);
#468=ORIENTED_EDGE('',*,*,#1074,.F.);
#469=ORIENTED_EDGE('',*,*,#1075,.F.);
#470=ORIENTED_EDGE('',*,*,#1076,.F.);
#471=ORIENTED_EDGE('',*,*,#1077,.F.);
#472=ORIENTED_EDGE('',*,*,#1078,.F.);
#473=ORIENTED_EDGE('',*,*,#1079,.T.);
#474=ORIENTED_EDGE('',*,*,#1080,.F.);
#475=ORIENTED_EDGE('',*,*,#1081,.T.);
#476=ORIENTED_EDGE('',*,*,#1082,.F.);
#477=ORIENTED_EDGE('',*,*,#1083,.F.);
#478=ORIENTED_EDGE('',*,*,#1076,.T.);
#479=ORIENTED_EDGE('',*,*,#1084,.F.);
#480=ORIENTED_EDGE('',*,*,#1067,.F.);
#481=ORIENTED_EDGE('',*,*,#1085,.T.);
#482=ORIENTED_EDGE('',*,*,#1075,.T.);
#483=ORIENTED_EDGE('',*,*,#1086,.F.);
#484=ORIENTED_EDGE('',*,*,#1068,.F.);
#485=ORIENTED_EDGE('',*,*,#1084,.T.);
#486=ORIENTED_EDGE('',*,*,#1074,.T.);
#487=ORIENTED_EDGE('',*,*,#1087,.F.);
#488=ORIENTED_EDGE('',*,*,#1069,.F.);
#489=ORIENTED_EDGE('',*,*,#1086,.T.);
#490=ORIENTED_EDGE('',*,*,#1073,.T.);
#491=ORIENTED_EDGE('',*,*,#1088,.F.);
#492=ORIENTED_EDGE('',*,*,#1070,.F.);
#493=ORIENTED_EDGE('',*,*,#1087,.T.);
#494=ORIENTED_EDGE('',*,*,#1072,.F.);
#495=ORIENTED_EDGE('',*,*,#1010,.T.);
#496=ORIENTED_EDGE('',*,*,#1071,.T.);
#497=ORIENTED_EDGE('',*,*,#1088,.T.);
#498=ORIENTED_EDGE('',*,*,#1083,.T.);
#499=ORIENTED_EDGE('',*,*,#1089,.F.);
#500=ORIENTED_EDGE('',*,*,#1060,.F.);
#501=ORIENTED_EDGE('',*,*,#1059,.T.);
#502=ORIENTED_EDGE('',*,*,#1082,.T.);
#503=ORIENTED_EDGE('',*,*,#1090,.F.);
#504=ORIENTED_EDGE('',*,*,#1061,.F.);
#505=ORIENTED_EDGE('',*,*,#1089,.T.);
#506=ORIENTED_EDGE('',*,*,#1081,.F.);
#507=ORIENTED_EDGE('',*,*,#1091,.F.);
#508=ORIENTED_EDGE('',*,*,#1062,.T.);
#509=ORIENTED_EDGE('',*,*,#1090,.T.);
#510=ORIENTED_EDGE('',*,*,#1080,.T.);
#511=ORIENTED_EDGE('',*,*,#1092,.F.);
#512=ORIENTED_EDGE('',*,*,#1063,.F.);
#513=ORIENTED_EDGE('',*,*,#1091,.T.);
#514=ORIENTED_EDGE('',*,*,#1079,.F.);
#515=ORIENTED_EDGE('',*,*,#1093,.F.);
#516=ORIENTED_EDGE('',*,*,#1064,.T.);
#517=ORIENTED_EDGE('',*,*,#1092,.T.);
#518=ORIENTED_EDGE('',*,*,#1078,.T.);
#519=ORIENTED_EDGE('',*,*,#1094,.F.);
#520=ORIENTED_EDGE('',*,*,#1065,.F.);
#521=ORIENTED_EDGE('',*,*,#1093,.T.);
#522=ORIENTED_EDGE('',*,*,#1077,.T.);
#523=ORIENTED_EDGE('',*,*,#1085,.F.);
#524=ORIENTED_EDGE('',*,*,#1066,.F.);
#525=ORIENTED_EDGE('',*,*,#1094,.T.);
#526=ORIENTED_EDGE('',*,*,#1095,.F.);
#527=ORIENTED_EDGE('',*,*,#868,.T.);
#528=ORIENTED_EDGE('',*,*,#1096,.T.);
#529=ORIENTED_EDGE('',*,*,#1097,.F.);
#530=ORIENTED_EDGE('',*,*,#869,.F.);
#531=ORIENTED_EDGE('',*,*,#1095,.T.);
#532=ORIENTED_EDGE('',*,*,#1098,.T.);
#533=ORIENTED_EDGE('',*,*,#1099,.T.);
#534=ORIENTED_EDGE('',*,*,#1100,.F.);
#535=ORIENTED_EDGE('',*,*,#1101,.T.);
#536=ORIENTED_EDGE('',*,*,#1102,.F.);
#537=ORIENTED_EDGE('',*,*,#1103,.T.);
#538=ORIENTED_EDGE('',*,*,#1104,.T.);
#539=ORIENTED_EDGE('',*,*,#1105,.T.);
#540=ORIENTED_EDGE('',*,*,#1106,.T.);
#541=ORIENTED_EDGE('',*,*,#1107,.T.);
#542=ORIENTED_EDGE('',*,*,#1108,.T.);
#543=ORIENTED_EDGE('',*,*,#1109,.F.);
#544=ORIENTED_EDGE('',*,*,#1005,.T.);
#545=ORIENTED_EDGE('',*,*,#1096,.F.);
#546=ORIENTED_EDGE('',*,*,#905,.T.);
#547=ORIENTED_EDGE('',*,*,#1007,.F.);
#548=ORIENTED_EDGE('',*,*,#1110,.T.);
#549=ORIENTED_EDGE('',*,*,#1111,.F.);
#550=ORIENTED_EDGE('',*,*,#1112,.F.);
#551=ORIENTED_EDGE('',*,*,#1113,.F.);
#552=ORIENTED_EDGE('',*,*,#1114,.F.);
#553=ORIENTED_EDGE('',*,*,#1115,.F.);
#554=ORIENTED_EDGE('',*,*,#1116,.F.);
#555=ORIENTED_EDGE('',*,*,#1117,.T.);
#556=ORIENTED_EDGE('',*,*,#1118,.F.);
#557=ORIENTED_EDGE('',*,*,#1119,.T.);
#558=ORIENTED_EDGE('',*,*,#1120,.F.);
#559=ORIENTED_EDGE('',*,*,#1121,.F.);
#560=ORIENTED_EDGE('',*,*,#1114,.T.);
#561=ORIENTED_EDGE('',*,*,#1122,.F.);
#562=ORIENTED_EDGE('',*,*,#1105,.F.);
#563=ORIENTED_EDGE('',*,*,#1123,.T.);
#564=ORIENTED_EDGE('',*,*,#1113,.T.);
#565=ORIENTED_EDGE('',*,*,#1124,.F.);
#566=ORIENTED_EDGE('',*,*,#1106,.F.);
#567=ORIENTED_EDGE('',*,*,#1122,.T.);
#568=ORIENTED_EDGE('',*,*,#1112,.T.);
#569=ORIENTED_EDGE('',*,*,#1125,.F.);
#570=ORIENTED_EDGE('',*,*,#1107,.F.);
#571=ORIENTED_EDGE('',*,*,#1124,.T.);
#572=ORIENTED_EDGE('',*,*,#1111,.T.);
#573=ORIENTED_EDGE('',*,*,#1126,.F.);
#574=ORIENTED_EDGE('',*,*,#1108,.F.);
#575=ORIENTED_EDGE('',*,*,#1125,.T.);
#576=ORIENTED_EDGE('',*,*,#1110,.F.);
#577=ORIENTED_EDGE('',*,*,#1006,.T.);
#578=ORIENTED_EDGE('',*,*,#1109,.T.);
#579=ORIENTED_EDGE('',*,*,#1126,.T.);
#580=ORIENTED_EDGE('',*,*,#1121,.T.);
#581=ORIENTED_EDGE('',*,*,#1127,.F.);
#582=ORIENTED_EDGE('',*,*,#1098,.F.);
#583=ORIENTED_EDGE('',*,*,#1097,.T.);
#584=ORIENTED_EDGE('',*,*,#1120,.T.);
#585=ORIENTED_EDGE('',*,*,#1128,.F.);
#586=ORIENTED_EDGE('',*,*,#1099,.F.);
#587=ORIENTED_EDGE('',*,*,#1127,.T.);
#588=ORIENTED_EDGE('',*,*,#1119,.F.);
#589=ORIENTED_EDGE('',*,*,#1129,.F.);
#590=ORIENTED_EDGE('',*,*,#1100,.T.);
#591=ORIENTED_EDGE('',*,*,#1128,.T.);
#592=ORIENTED_EDGE('',*,*,#1118,.T.);
#593=ORIENTED_EDGE('',*,*,#1130,.F.);
#594=ORIENTED_EDGE('',*,*,#1101,.F.);
#595=ORIENTED_EDGE('',*,*,#1129,.T.);
#596=ORIENTED_EDGE('',*,*,#1117,.F.);
#597=ORIENTED_EDGE('',*,*,#1131,.F.);
#598=ORIENTED_EDGE('',*,*,#1102,.T.);
#599=ORIENTED_EDGE('',*,*,#1130,.T.);
#600=ORIENTED_EDGE('',*,*,#1116,.T.);
#601=ORIENTED_EDGE('',*,*,#1132,.F.);
#602=ORIENTED_EDGE('',*,*,#1103,.F.);
#603=ORIENTED_EDGE('',*,*,#1131,.T.);
#604=ORIENTED_EDGE('',*,*,#1115,.T.);
#605=ORIENTED_EDGE('',*,*,#1123,.F.);
#606=ORIENTED_EDGE('',*,*,#1104,.F.);
#607=ORIENTED_EDGE('',*,*,#1132,.T.);
#608=ORIENTED_EDGE('',*,*,#1133,.F.);
#609=ORIENTED_EDGE('',*,*,#1134,.T.);
#610=ORIENTED_EDGE('',*,*,#1135,.T.);
#611=ORIENTED_EDGE('',*,*,#1136,.F.);
#612=ORIENTED_EDGE('',*,*,#1137,.T.);
#613=ORIENTED_EDGE('',*,*,#1138,.F.);
#614=ORIENTED_EDGE('',*,*,#1139,.F.);
#615=ORIENTED_EDGE('',*,*,#1140,.F.);
#616=ORIENTED_EDGE('',*,*,#1141,.F.);
#617=ORIENTED_EDGE('',*,*,#1142,.T.);
#618=ORIENTED_EDGE('',*,*,#1143,.T.);
#619=ORIENTED_EDGE('',*,*,#1144,.T.);
#620=ORIENTED_EDGE('',*,*,#1145,.T.);
#621=ORIENTED_EDGE('',*,*,#1146,.T.);
#622=ORIENTED_EDGE('',*,*,#1147,.F.);
#623=ORIENTED_EDGE('',*,*,#1148,.T.);
#624=ORIENTED_EDGE('',*,*,#1134,.F.);
#625=ORIENTED_EDGE('',*,*,#1149,.T.);
#626=ORIENTED_EDGE('',*,*,#1141,.T.);
#627=ORIENTED_EDGE('',*,*,#1150,.T.);
#628=ORIENTED_EDGE('',*,*,#1147,.T.);
#629=ORIENTED_EDGE('',*,*,#1151,.T.);
#630=ORIENTED_EDGE('',*,*,#1137,.F.);
#631=ORIENTED_EDGE('',*,*,#1152,.T.);
#632=ORIENTED_EDGE('',*,*,#1153,.T.);
#633=ORIENTED_EDGE('',*,*,#1154,.F.);
#634=ORIENTED_EDGE('',*,*,#1155,.F.);
#635=ORIENTED_EDGE('',*,*,#1156,.F.);
#636=ORIENTED_EDGE('',*,*,#1157,.F.);
#637=ORIENTED_EDGE('',*,*,#1158,.F.);
#638=ORIENTED_EDGE('',*,*,#1159,.F.);
#639=ORIENTED_EDGE('',*,*,#1155,.T.);
#640=ORIENTED_EDGE('',*,*,#1160,.F.);
#641=ORIENTED_EDGE('',*,*,#1139,.T.);
#642=ORIENTED_EDGE('',*,*,#1161,.F.);
#643=ORIENTED_EDGE('',*,*,#1162,.F.);
#644=ORIENTED_EDGE('',*,*,#1163,.F.);
#645=ORIENTED_EDGE('',*,*,#1136,.T.);
#646=ORIENTED_EDGE('',*,*,#1164,.T.);
#647=ORIENTED_EDGE('',*,*,#1165,.F.);
#648=ORIENTED_EDGE('',*,*,#1166,.F.);
#649=ORIENTED_EDGE('',*,*,#1167,.F.);
#650=ORIENTED_EDGE('',*,*,#1168,.F.);
#651=ORIENTED_EDGE('',*,*,#1158,.T.);
#652=ORIENTED_EDGE('',*,*,#1169,.F.);
#653=ORIENTED_EDGE('',*,*,#1162,.T.);
#654=ORIENTED_EDGE('',*,*,#1170,.F.);
#655=ORIENTED_EDGE('',*,*,#1171,.F.);
#656=ORIENTED_EDGE('',*,*,#1172,.F.);
#657=ORIENTED_EDGE('',*,*,#1165,.T.);
#658=ORIENTED_EDGE('',*,*,#1173,.T.);
#659=ORIENTED_EDGE('',*,*,#1174,.F.);
#660=ORIENTED_EDGE('',*,*,#1175,.F.);
#661=ORIENTED_EDGE('',*,*,#1176,.F.);
#662=ORIENTED_EDGE('',*,*,#1177,.F.);
#663=ORIENTED_EDGE('',*,*,#1167,.T.);
#664=ORIENTED_EDGE('',*,*,#1178,.F.);
#665=ORIENTED_EDGE('',*,*,#1171,.T.);
#666=ORIENTED_EDGE('',*,*,#1179,.F.);
#667=ORIENTED_EDGE('',*,*,#1180,.F.);
#668=ORIENTED_EDGE('',*,*,#1181,.F.);
#669=ORIENTED_EDGE('',*,*,#1174,.T.);
#670=ORIENTED_EDGE('',*,*,#1182,.T.);
#671=ORIENTED_EDGE('',*,*,#1183,.F.);
#672=ORIENTED_EDGE('',*,*,#1184,.F.);
#673=ORIENTED_EDGE('',*,*,#1185,.T.);
#674=ORIENTED_EDGE('',*,*,#1183,.T.);
#675=ORIENTED_EDGE('',*,*,#1186,.T.);
#676=ORIENTED_EDGE('',*,*,#1187,.F.);
#677=ORIENTED_EDGE('',*,*,#1188,.F.);
#678=ORIENTED_EDGE('',*,*,#1176,.T.);
#679=ORIENTED_EDGE('',*,*,#1189,.T.);
#680=ORIENTED_EDGE('',*,*,#1190,.F.);
#681=ORIENTED_EDGE('',*,*,#1191,.T.);
#682=ORIENTED_EDGE('',*,*,#1180,.T.);
#683=ORIENTED_EDGE('',*,*,#1192,.T.);
#684=ORIENTED_EDGE('',*,*,#1193,.T.);
#685=ORIENTED_EDGE('',*,*,#1143,.F.);
#686=ORIENTED_EDGE('',*,*,#1194,.F.);
#687=ORIENTED_EDGE('',*,*,#1145,.F.);
#688=ORIENTED_EDGE('',*,*,#1195,.F.);
#689=ORIENTED_EDGE('',*,*,#1196,.F.);
#690=ORIENTED_EDGE('',*,*,#1197,.F.);
#691=ORIENTED_EDGE('',*,*,#1187,.T.);
#692=ORIENTED_EDGE('',*,*,#1196,.T.);
#693=ORIENTED_EDGE('',*,*,#1198,.T.);
#694=ORIENTED_EDGE('',*,*,#1199,.F.);
#695=ORIENTED_EDGE('',*,*,#1200,.F.);
#696=ORIENTED_EDGE('',*,*,#1199,.T.);
#697=ORIENTED_EDGE('',*,*,#1201,.T.);
#698=ORIENTED_EDGE('',*,*,#1153,.F.);
#699=ORIENTED_EDGE('',*,*,#1202,.F.);
#700=ORIENTED_EDGE('',*,*,#1177,.T.);
#701=ORIENTED_EDGE('',*,*,#1188,.T.);
#702=ORIENTED_EDGE('',*,*,#1197,.T.);
#703=ORIENTED_EDGE('',*,*,#1200,.T.);
#704=ORIENTED_EDGE('',*,*,#1202,.T.);
#705=ORIENTED_EDGE('',*,*,#1156,.T.);
#706=ORIENTED_EDGE('',*,*,#1159,.T.);
#707=ORIENTED_EDGE('',*,*,#1168,.T.);
#708=ORIENTED_EDGE('',*,*,#1164,.F.);
#709=ORIENTED_EDGE('',*,*,#1135,.F.);
#710=ORIENTED_EDGE('',*,*,#1150,.F.);
#711=ORIENTED_EDGE('',*,*,#1144,.F.);
#712=ORIENTED_EDGE('',*,*,#1193,.F.);
#713=ORIENTED_EDGE('',*,*,#1186,.F.);
#714=ORIENTED_EDGE('',*,*,#1182,.F.);
#715=ORIENTED_EDGE('',*,*,#1173,.F.);
#716=ORIENTED_EDGE('',*,*,#1181,.T.);
#717=ORIENTED_EDGE('',*,*,#1185,.F.);
#718=ORIENTED_EDGE('',*,*,#1203,.F.);
#719=ORIENTED_EDGE('',*,*,#1142,.F.);
#720=ORIENTED_EDGE('',*,*,#1149,.F.);
#721=ORIENTED_EDGE('',*,*,#1133,.T.);
#722=ORIENTED_EDGE('',*,*,#1163,.T.);
#723=ORIENTED_EDGE('',*,*,#1172,.T.);
#724=ORIENTED_EDGE('',*,*,#1138,.T.);
#725=ORIENTED_EDGE('',*,*,#1151,.F.);
#726=ORIENTED_EDGE('',*,*,#1146,.F.);
#727=ORIENTED_EDGE('',*,*,#1204,.F.);
#728=ORIENTED_EDGE('',*,*,#1192,.F.);
#729=ORIENTED_EDGE('',*,*,#1179,.T.);
#730=ORIENTED_EDGE('',*,*,#1170,.T.);
#731=ORIENTED_EDGE('',*,*,#1161,.T.);
#732=ORIENTED_EDGE('',*,*,#1154,.T.);
#733=ORIENTED_EDGE('',*,*,#1201,.F.);
#734=ORIENTED_EDGE('',*,*,#1198,.F.);
#735=ORIENTED_EDGE('',*,*,#1205,.F.);
#736=ORIENTED_EDGE('',*,*,#1189,.F.);
#737=ORIENTED_EDGE('',*,*,#1175,.T.);
#738=ORIENTED_EDGE('',*,*,#1166,.T.);
#739=ORIENTED_EDGE('',*,*,#1157,.T.);
#740=ORIENTED_EDGE('',*,*,#1178,.T.);
#741=ORIENTED_EDGE('',*,*,#1191,.F.);
#742=ORIENTED_EDGE('',*,*,#1206,.F.);
#743=ORIENTED_EDGE('',*,*,#1148,.F.);
#744=ORIENTED_EDGE('',*,*,#1152,.F.);
#745=ORIENTED_EDGE('',*,*,#1140,.T.);
#746=ORIENTED_EDGE('',*,*,#1160,.T.);
#747=ORIENTED_EDGE('',*,*,#1169,.T.);
#748=ORIENTED_EDGE('',*,*,#1190,.T.);
#749=ORIENTED_EDGE('',*,*,#1205,.T.);
#750=ORIENTED_EDGE('',*,*,#1195,.T.);
#751=ORIENTED_EDGE('',*,*,#1206,.T.);
#752=ORIENTED_EDGE('',*,*,#1184,.T.);
#753=ORIENTED_EDGE('',*,*,#1204,.T.);
#754=ORIENTED_EDGE('',*,*,#1194,.T.);
#755=ORIENTED_EDGE('',*,*,#1203,.T.);
#756=ORIENTED_EDGE('',*,*,#1207,.F.);
#757=ORIENTED_EDGE('',*,*,#1208,.T.);
#758=ORIENTED_EDGE('',*,*,#1209,.T.);
#759=ORIENTED_EDGE('',*,*,#1210,.F.);
#760=ORIENTED_EDGE('',*,*,#1211,.F.);
#761=ORIENTED_EDGE('',*,*,#1212,.F.);
#762=ORIENTED_EDGE('',*,*,#1213,.F.);
#763=ORIENTED_EDGE('',*,*,#1214,.T.);
#764=ORIENTED_EDGE('',*,*,#1215,.F.);
#765=ORIENTED_EDGE('',*,*,#1216,.F.);
#766=ORIENTED_EDGE('',*,*,#1217,.F.);
#767=ORIENTED_EDGE('',*,*,#1218,.T.);
#768=ORIENTED_EDGE('',*,*,#1219,.F.);
#769=ORIENTED_EDGE('',*,*,#1220,.F.);
#770=ORIENTED_EDGE('',*,*,#1221,.F.);
#771=ORIENTED_EDGE('',*,*,#1222,.F.);
#772=ORIENTED_EDGE('',*,*,#1223,.F.);
#773=ORIENTED_EDGE('',*,*,#1224,.F.);
#774=ORIENTED_EDGE('',*,*,#1225,.F.);
#775=ORIENTED_EDGE('',*,*,#1226,.F.);
#776=ORIENTED_EDGE('',*,*,#1227,.F.);
#777=ORIENTED_EDGE('',*,*,#1228,.T.);
#778=ORIENTED_EDGE('',*,*,#1229,.T.);
#779=ORIENTED_EDGE('',*,*,#1230,.F.);
#780=ORIENTED_EDGE('',*,*,#1231,.F.);
#781=ORIENTED_EDGE('',*,*,#1230,.T.);
#782=ORIENTED_EDGE('',*,*,#1232,.T.);
#783=ORIENTED_EDGE('',*,*,#1233,.F.);
#784=ORIENTED_EDGE('',*,*,#1234,.F.);
#785=ORIENTED_EDGE('',*,*,#1235,.F.);
#786=ORIENTED_EDGE('',*,*,#1236,.F.);
#787=ORIENTED_EDGE('',*,*,#1222,.T.);
#788=ORIENTED_EDGE('',*,*,#1237,.F.);
#789=ORIENTED_EDGE('',*,*,#1238,.F.);
#790=ORIENTED_EDGE('',*,*,#1239,.F.);
#791=ORIENTED_EDGE('',*,*,#1226,.T.);
#792=ORIENTED_EDGE('',*,*,#1240,.F.);
#793=ORIENTED_EDGE('',*,*,#1233,.T.);
#794=ORIENTED_EDGE('',*,*,#1241,.T.);
#795=ORIENTED_EDGE('',*,*,#1242,.F.);
#796=ORIENTED_EDGE('',*,*,#1243,.F.);
#797=ORIENTED_EDGE('',*,*,#1244,.F.);
#798=ORIENTED_EDGE('',*,*,#1245,.F.);
#799=ORIENTED_EDGE('',*,*,#1235,.T.);
#800=ORIENTED_EDGE('',*,*,#1246,.F.);
#801=ORIENTED_EDGE('',*,*,#1247,.F.);
#802=ORIENTED_EDGE('',*,*,#1248,.F.);
#803=ORIENTED_EDGE('',*,*,#1238,.T.);
#804=ORIENTED_EDGE('',*,*,#1249,.F.);
#805=ORIENTED_EDGE('',*,*,#1242,.T.);
#806=ORIENTED_EDGE('',*,*,#1250,.T.);
#807=ORIENTED_EDGE('',*,*,#1208,.F.);
#808=ORIENTED_EDGE('',*,*,#1251,.F.);
#809=ORIENTED_EDGE('',*,*,#1214,.F.);
#810=ORIENTED_EDGE('',*,*,#1252,.F.);
#811=ORIENTED_EDGE('',*,*,#1244,.T.);
#812=ORIENTED_EDGE('',*,*,#1253,.F.);
#813=ORIENTED_EDGE('',*,*,#1218,.F.);
#814=ORIENTED_EDGE('',*,*,#1254,.F.);
#815=ORIENTED_EDGE('',*,*,#1247,.T.);
#816=ORIENTED_EDGE('',*,*,#1255,.T.);
#817=ORIENTED_EDGE('',*,*,#1228,.F.);
#818=ORIENTED_EDGE('',*,*,#1256,.F.);
#819=ORIENTED_EDGE('',*,*,#1216,.T.);
#820=ORIENTED_EDGE('',*,*,#1257,.F.);
#821=ORIENTED_EDGE('',*,*,#1212,.T.);
#822=ORIENTED_EDGE('',*,*,#1258,.F.);
#823=ORIENTED_EDGE('',*,*,#1210,.T.);
#824=ORIENTED_EDGE('',*,*,#1217,.T.);
#825=ORIENTED_EDGE('',*,*,#1256,.T.);
#826=ORIENTED_EDGE('',*,*,#1227,.T.);
#827=ORIENTED_EDGE('',*,*,#1239,.T.);
#828=ORIENTED_EDGE('',*,*,#1248,.T.);
#829=ORIENTED_EDGE('',*,*,#1254,.T.);
#830=ORIENTED_EDGE('',*,*,#1232,.F.);
#831=ORIENTED_EDGE('',*,*,#1229,.F.);
#832=ORIENTED_EDGE('',*,*,#1255,.F.);
#833=ORIENTED_EDGE('',*,*,#1209,.F.);
#834=ORIENTED_EDGE('',*,*,#1250,.F.);
#835=ORIENTED_EDGE('',*,*,#1241,.F.);
#836=ORIENTED_EDGE('',*,*,#1215,.T.);
#837=ORIENTED_EDGE('',*,*,#1253,.T.);
#838=ORIENTED_EDGE('',*,*,#1246,.T.);
#839=ORIENTED_EDGE('',*,*,#1237,.T.);
#840=ORIENTED_EDGE('',*,*,#1225,.T.);
#841=ORIENTED_EDGE('',*,*,#1259,.F.);
#842=ORIENTED_EDGE('',*,*,#1213,.T.);
#843=ORIENTED_EDGE('',*,*,#1260,.T.);
#844=ORIENTED_EDGE('',*,*,#1223,.T.);
#845=ORIENTED_EDGE('',*,*,#1236,.T.);
#846=ORIENTED_EDGE('',*,*,#1245,.T.);
#847=ORIENTED_EDGE('',*,*,#1252,.T.);
#848=ORIENTED_EDGE('',*,*,#1257,.T.);
#849=ORIENTED_EDGE('',*,*,#1259,.T.);
#850=ORIENTED_EDGE('',*,*,#1224,.T.);
#851=ORIENTED_EDGE('',*,*,#1260,.F.);
#852=ORIENTED_EDGE('',*,*,#1258,.T.);
#853=ORIENTED_EDGE('',*,*,#1261,.T.);
#854=ORIENTED_EDGE('',*,*,#1220,.T.);
#855=ORIENTED_EDGE('',*,*,#1262,.F.);
#856=ORIENTED_EDGE('',*,*,#1207,.T.);
#857=ORIENTED_EDGE('',*,*,#1262,.T.);
#858=ORIENTED_EDGE('',*,*,#1219,.T.);
#859=ORIENTED_EDGE('',*,*,#1231,.T.);
#860=ORIENTED_EDGE('',*,*,#1240,.T.);
#861=ORIENTED_EDGE('',*,*,#1249,.T.);
#862=ORIENTED_EDGE('',*,*,#1211,.T.);
#863=ORIENTED_EDGE('',*,*,#1251,.T.);
#864=ORIENTED_EDGE('',*,*,#1243,.T.);
#865=ORIENTED_EDGE('',*,*,#1234,.T.);
#866=ORIENTED_EDGE('',*,*,#1221,.T.);
#867=ORIENTED_EDGE('',*,*,#1261,.F.);
#868=EDGE_CURVE('',#1263,#1264,#1523,.T.);
#869=EDGE_CURVE('',#1263,#1265,#1524,.T.);
#870=EDGE_CURVE('',#1266,#1265,#1525,.T.);
#871=EDGE_CURVE('',#1267,#1266,#1526,.T.);
#872=EDGE_CURVE('',#1268,#1267,#1527,.T.);
#873=EDGE_CURVE('',#1269,#1268,#1528,.T.);
#874=EDGE_CURVE('',#1270,#1269,#1529,.T.);
#875=EDGE_CURVE('',#1271,#1270,#1530,.T.);
#876=EDGE_CURVE('',#1272,#1271,#1531,.T.);
#877=EDGE_CURVE('',#1272,#1273,#1532,.T.);
#878=EDGE_CURVE('',#1274,#1273,#1533,.T.);
#879=EDGE_CURVE('',#1275,#1274,#1534,.T.);
#880=EDGE_CURVE('',#1275,#1276,#1535,.T.);
#881=EDGE_CURVE('',#1276,#1277,#1536,.T.);
#882=EDGE_CURVE('',#1277,#1278,#1537,.T.);
#883=EDGE_CURVE('',#1278,#1279,#1538,.T.);
#884=EDGE_CURVE('',#1279,#1280,#1539,.T.);
#885=EDGE_CURVE('',#1280,#1281,#1540,.T.);
#886=EDGE_CURVE('',#1281,#1282,#1541,.T.);
#887=EDGE_CURVE('',#1282,#1283,#1542,.T.);
#888=EDGE_CURVE('',#1283,#1284,#1543,.T.);
#889=EDGE_CURVE('',#1284,#1285,#1544,.T.);
#890=EDGE_CURVE('',#1285,#1286,#1545,.T.);
#891=EDGE_CURVE('',#1286,#1287,#1546,.T.);
#892=EDGE_CURVE('',#1287,#1288,#1547,.T.);
#893=EDGE_CURVE('',#1288,#1289,#1548,.T.);
#894=EDGE_CURVE('',#1289,#1290,#1549,.T.);
#895=EDGE_CURVE('',#1290,#1291,#1550,.T.);
#896=EDGE_CURVE('',#1291,#1292,#1551,.T.);
#897=EDGE_CURVE('',#1292,#1293,#1552,.T.);
#898=EDGE_CURVE('',#1294,#1293,#1553,.T.);
#899=EDGE_CURVE('',#1295,#1294,#1554,.T.);
#900=EDGE_CURVE('',#1295,#1296,#1555,.T.);
#901=EDGE_CURVE('',#1296,#1297,#1556,.T.);
#902=EDGE_CURVE('',#1298,#1297,#1557,.T.);
#903=EDGE_CURVE('',#1298,#1299,#1558,.T.);
#904=EDGE_CURVE('',#1300,#1299,#1559,.T.);
#905=EDGE_CURVE('',#1264,#1300,#1560,.T.);
#906=EDGE_CURVE('',#1297,#1301,#1561,.T.);
#907=EDGE_CURVE('',#1301,#1294,#1562,.T.);
#908=EDGE_CURVE('',#1293,#1302,#1563,.T.);
#909=EDGE_CURVE('',#1302,#1303,#1564,.T.);
#910=EDGE_CURVE('',#1303,#1298,#1565,.T.);
#911=EDGE_CURVE('',#1304,#1305,#1566,.T.);
#912=EDGE_CURVE('',#1306,#1304,#1567,.T.);
#913=EDGE_CURVE('',#1306,#1307,#1568,.T.);
#914=EDGE_CURVE('',#1307,#1305,#1569,.T.);
#915=EDGE_CURVE('',#1308,#1309,#1570,.T.);
#916=EDGE_CURVE('',#1310,#1308,#50,.F.);
#917=EDGE_CURVE('',#1311,#1310,#1571,.T.);
#918=EDGE_CURVE('',#1312,#1311,#51,.F.);
#919=EDGE_CURVE('',#1313,#1312,#1572,.T.);
#920=EDGE_CURVE('',#1309,#1313,#1573,.T.);
#921=EDGE_CURVE('',#1314,#1315,#52,.T.);
#922=EDGE_CURVE('',#1316,#1314,#1574,.T.);
#923=EDGE_CURVE('',#1317,#1316,#1575,.T.);
#924=EDGE_CURVE('',#1317,#1318,#1576,.T.);
#925=EDGE_CURVE('',#1319,#1318,#53,.T.);
#926=EDGE_CURVE('',#1315,#1319,#1577,.T.);
#927=EDGE_CURVE('',#1320,#1321,#1578,.T.);
#928=EDGE_CURVE('',#1320,#1322,#1579,.T.);
#929=EDGE_CURVE('',#1322,#1323,#1580,.T.);
#930=EDGE_CURVE('',#1321,#1323,#1581,.T.);
#931=EDGE_CURVE('',#1324,#1325,#1582,.T.);
#932=EDGE_CURVE('',#1325,#1277,#1583,.T.);
#933=EDGE_CURVE('',#1324,#1276,#1584,.T.);
#934=EDGE_CURVE('',#1326,#1327,#1585,.T.);
#935=EDGE_CURVE('',#1326,#1328,#1586,.T.);
#936=EDGE_CURVE('',#1329,#1328,#1587,.T.);
#937=EDGE_CURVE('',#1327,#1329,#1588,.T.);
#938=EDGE_CURVE('',#1330,#1331,#1589,.T.);
#939=EDGE_CURVE('',#1332,#1330,#1590,.T.);
#940=EDGE_CURVE('',#1333,#1332,#1591,.T.);
#941=EDGE_CURVE('',#1333,#1331,#1592,.T.);
#942=EDGE_CURVE('',#1334,#1335,#1593,.T.);
#943=EDGE_CURVE('',#1334,#1336,#1594,.T.);
#944=EDGE_CURVE('',#1337,#1336,#1595,.T.);
#945=EDGE_CURVE('',#1335,#1337,#1596,.T.);
#946=EDGE_CURVE('',#1338,#1339,#1597,.T.);
#947=EDGE_CURVE('',#1338,#1340,#1598,.T.);
#948=EDGE_CURVE('',#1341,#1340,#1599,.T.);
#949=EDGE_CURVE('',#1339,#1341,#1600,.T.);
#950=EDGE_CURVE('',#1342,#1330,#1601,.T.);
#951=EDGE_CURVE('',#1343,#1342,#1602,.T.);
#952=EDGE_CURVE('',#1335,#1343,#1603,.T.);
#953=EDGE_CURVE('',#1344,#1337,#1604,.T.);
#954=EDGE_CURVE('',#1345,#1344,#1605,.T.);
#955=EDGE_CURVE('',#1339,#1345,#1606,.T.);
#956=EDGE_CURVE('',#1346,#1341,#1607,.T.);
#957=EDGE_CURVE('',#1347,#1346,#1608,.T.);
#958=EDGE_CURVE('',#1327,#1347,#1609,.T.);
#959=EDGE_CURVE('',#1348,#1329,#1610,.T.);
#960=EDGE_CURVE('',#1349,#1348,#1611,.T.);
#961=EDGE_CURVE('',#1349,#1350,#1612,.T.);
#962=EDGE_CURVE('',#1351,#1350,#1613,.T.);
#963=EDGE_CURVE('',#1352,#1351,#1614,.T.);
#964=EDGE_CURVE('',#1353,#1352,#1615,.T.);
#965=EDGE_CURVE('',#1332,#1353,#1616,.T.);
#966=EDGE_CURVE('',#1274,#1352,#1617,.T.);
#967=EDGE_CURVE('',#1351,#1354,#1618,.T.);
#968=EDGE_CURVE('',#1354,#1355,#1619,.T.);
#969=EDGE_CURVE('',#1355,#1356,#1620,.T.);
#970=EDGE_CURVE('',#1356,#1357,#1621,.T.);
#971=EDGE_CURVE('',#1357,#1275,#1622,.T.);
#972=EDGE_CURVE('',#1299,#1349,#1623,.T.);
#973=EDGE_CURVE('',#1358,#1303,#1624,.T.);
#974=EDGE_CURVE('',#1359,#1358,#1625,.T.);
#975=EDGE_CURVE('',#1360,#1359,#1626,.T.);
#976=EDGE_CURVE('',#1350,#1360,#1627,.T.);
#977=EDGE_CURVE('',#1268,#1361,#1628,.T.);
#978=EDGE_CURVE('',#1267,#1362,#1629,.T.);
#979=EDGE_CURVE('',#1361,#1362,#1630,.T.);
#980=EDGE_CURVE('',#1328,#1362,#1631,.T.);
#981=EDGE_CURVE('',#1363,#1326,#1632,.T.);
#982=EDGE_CURVE('',#1364,#1363,#1633,.T.);
#983=EDGE_CURVE('',#1340,#1364,#1634,.T.);
#984=EDGE_CURVE('',#1365,#1338,#1635,.T.);
#985=EDGE_CURVE('',#1366,#1365,#1636,.T.);
#986=EDGE_CURVE('',#1336,#1366,#1637,.T.);
#987=EDGE_CURVE('',#1367,#1334,#1638,.T.);
#988=EDGE_CURVE('',#1368,#1367,#1639,.T.);
#989=EDGE_CURVE('',#1331,#1368,#1640,.T.);
#990=EDGE_CURVE('',#1361,#1333,#1641,.T.);
#991=EDGE_CURVE('',#1305,#1302,#1642,.T.);
#992=EDGE_CURVE('',#1369,#1307,#1643,.T.);
#993=EDGE_CURVE('',#1357,#1369,#1644,.T.);
#994=EDGE_CURVE('',#1356,#1358,#1645,.T.);
#995=EDGE_CURVE('',#1325,#1322,#1646,.T.);
#996=EDGE_CURVE('',#1306,#1324,#1647,.T.);
#997=EDGE_CURVE('',#1370,#1304,#1648,.T.);
#998=EDGE_CURVE('',#1371,#1370,#1649,.T.);
#999=EDGE_CURVE('',#1323,#1371,#1650,.T.);
#1000=EDGE_CURVE('',#1292,#1371,#1651,.T.);
#1001=EDGE_CURVE('',#1370,#1293,#1652,.T.);
#1002=EDGE_CURVE('',#1354,#1360,#1653,.T.);
#1003=EDGE_CURVE('',#1355,#1359,#1654,.T.);
#1004=EDGE_CURVE('',#1276,#1369,#1655,.T.);
#1005=EDGE_CURVE('',#1372,#1265,#1656,.T.);
#1006=EDGE_CURVE('',#1373,#1372,#1657,.F.);
#1007=EDGE_CURVE('',#1373,#1300,#1658,.T.);
#1008=EDGE_CURVE('',#1266,#1348,#1659,.T.);
#1009=EDGE_CURVE('',#1374,#1273,#1660,.T.);
#1010=EDGE_CURVE('',#1375,#1374,#1661,.F.);
#1011=EDGE_CURVE('',#1375,#1270,#1662,.T.);
#1012=EDGE_CURVE('',#1269,#1353,#1663,.T.);
#1013=EDGE_CURVE('',#1364,#1346,#1664,.T.);
#1014=EDGE_CURVE('',#1363,#1347,#1665,.T.);
#1015=EDGE_CURVE('',#1365,#1345,#1666,.T.);
#1016=EDGE_CURVE('',#1366,#1344,#1667,.T.);
#1017=EDGE_CURVE('',#1368,#1342,#1668,.T.);
#1018=EDGE_CURVE('',#1367,#1343,#1669,.T.);
#1019=EDGE_CURVE('',#1376,#1288,#1670,.T.);
#1020=EDGE_CURVE('',#1377,#1376,#1671,.T.);
#1021=EDGE_CURVE('',#1377,#1289,#1672,.T.);
#1022=EDGE_CURVE('',#1378,#1287,#1673,.T.);
#1023=EDGE_CURVE('',#1376,#1378,#1674,.T.);
#1024=EDGE_CURVE('',#1379,#1286,#1675,.T.);
#1025=EDGE_CURVE('',#1378,#1379,#1676,.T.);
#1026=EDGE_CURVE('',#1380,#1285,#1677,.T.);
#1027=EDGE_CURVE('',#1379,#1380,#1678,.T.);
#1028=EDGE_CURVE('',#1381,#1284,#1679,.T.);
#1029=EDGE_CURVE('',#1380,#1381,#1680,.T.);
#1030=EDGE_CURVE('',#1382,#1283,#1681,.T.);
#1031=EDGE_CURVE('',#1381,#1382,#1682,.T.);
#1032=EDGE_CURVE('',#1383,#1282,#1683,.T.);
#1033=EDGE_CURVE('',#1382,#1383,#1684,.T.);
#1034=EDGE_CURVE('',#1384,#1281,#1685,.T.);
#1035=EDGE_CURVE('',#1383,#1384,#1686,.T.);
#1036=EDGE_CURVE('',#1385,#1280,#1687,.T.);
#1037=EDGE_CURVE('',#1384,#1385,#1688,.T.);
#1038=EDGE_CURVE('',#1386,#1279,#1689,.T.);
#1039=EDGE_CURVE('',#1385,#1386,#1690,.T.);
#1040=EDGE_CURVE('',#1387,#1278,#1691,.T.);
#1041=EDGE_CURVE('',#1386,#1387,#1692,.T.);
#1042=EDGE_CURVE('',#1388,#1290,#1693,.T.);
#1043=EDGE_CURVE('',#1389,#1388,#1694,.T.);
#1044=EDGE_CURVE('',#1389,#1291,#1695,.T.);
#1045=EDGE_CURVE('',#1388,#1377,#1696,.T.);
#1046=EDGE_CURVE('',#1320,#1313,#1697,.T.);
#1047=EDGE_CURVE('',#1318,#1312,#1698,.T.);
#1048=EDGE_CURVE('',#1387,#1317,#1699,.T.);
#1049=EDGE_CURVE('',#1316,#1389,#1700,.T.);
#1050=EDGE_CURVE('',#1314,#1308,#1701,.T.);
#1051=EDGE_CURVE('',#1321,#1309,#1702,.T.);
#1052=EDGE_CURVE('',#1315,#1310,#1703,.T.);
#1053=EDGE_CURVE('',#1319,#1311,#1704,.T.);
#1054=EDGE_CURVE('',#1296,#1390,#1705,.T.);
#1055=EDGE_CURVE('',#1390,#1301,#1706,.T.);
#1056=EDGE_CURVE('',#1390,#1295,#1707,.T.);
#1057=EDGE_CURVE('',#1272,#1391,#1708,.T.);
#1058=EDGE_CURVE('',#1271,#1392,#1709,.T.);
#1059=EDGE_CURVE('',#1391,#1392,#1710,.T.);
#1060=EDGE_CURVE('',#1391,#1393,#1711,.T.);
#1061=EDGE_CURVE('',#1393,#1394,#1712,.T.);
#1062=EDGE_CURVE('',#1395,#1394,#54,.T.);
#1063=EDGE_CURVE('',#1395,#1396,#1713,.T.);
#1064=EDGE_CURVE('',#1397,#1396,#55,.T.);
#1065=EDGE_CURVE('',#1397,#1398,#1714,.T.);
#1066=EDGE_CURVE('',#1398,#1399,#1715,.T.);
#1067=EDGE_CURVE('',#1399,#1400,#1716,.T.);
#1068=EDGE_CURVE('',#1400,#1401,#1717,.T.);
#1069=EDGE_CURVE('',#1401,#1402,#1718,.T.);
#1070=EDGE_CURVE('',#1402,#1403,#1719,.T.);
#1071=EDGE_CURVE('',#1374,#1403,#56,.T.);
#1072=EDGE_CURVE('',#1375,#1404,#57,.T.);
#1073=EDGE_CURVE('',#1405,#1404,#1720,.T.);
#1074=EDGE_CURVE('',#1406,#1405,#1721,.T.);
#1075=EDGE_CURVE('',#1407,#1406,#1722,.T.);
#1076=EDGE_CURVE('',#1408,#1407,#1723,.T.);
#1077=EDGE_CURVE('',#1409,#1408,#1724,.T.);
#1078=EDGE_CURVE('',#1410,#1409,#1725,.T.);
#1079=EDGE_CURVE('',#1410,#1411,#58,.T.);
#1080=EDGE_CURVE('',#1412,#1411,#1726,.T.);
#1081=EDGE_CURVE('',#1412,#1413,#59,.T.);
#1082=EDGE_CURVE('',#1414,#1413,#1727,.T.);
#1083=EDGE_CURVE('',#1392,#1414,#1728,.T.);
#1084=EDGE_CURVE('',#1400,#1407,#1729,.T.);
#1085=EDGE_CURVE('',#1399,#1408,#1730,.T.);
#1086=EDGE_CURVE('',#1401,#1406,#1731,.T.);
#1087=EDGE_CURVE('',#1402,#1405,#1732,.T.);
#1088=EDGE_CURVE('',#1403,#1404,#1733,.T.);
#1089=EDGE_CURVE('',#1393,#1414,#1734,.T.);
#1090=EDGE_CURVE('',#1394,#1413,#1735,.T.);
#1091=EDGE_CURVE('',#1395,#1412,#1736,.T.);
#1092=EDGE_CURVE('',#1396,#1411,#1737,.T.);
#1093=EDGE_CURVE('',#1397,#1410,#1738,.T.);
#1094=EDGE_CURVE('',#1398,#1409,#1739,.T.);
#1095=EDGE_CURVE('',#1263,#1415,#1740,.T.);
#1096=EDGE_CURVE('',#1264,#1416,#1741,.T.);
#1097=EDGE_CURVE('',#1415,#1416,#1742,.T.);
#1098=EDGE_CURVE('',#1415,#1417,#1743,.T.);
#1099=EDGE_CURVE('',#1417,#1418,#1744,.T.);
#1100=EDGE_CURVE('',#1419,#1418,#60,.T.);
#1101=EDGE_CURVE('',#1419,#1420,#1745,.T.);
#1102=EDGE_CURVE('',#1421,#1420,#61,.T.);
#1103=EDGE_CURVE('',#1421,#1422,#1746,.T.);
#1104=EDGE_CURVE('',#1422,#1423,#1747,.T.);
#1105=EDGE_CURVE('',#1423,#1424,#1748,.T.);
#1106=EDGE_CURVE('',#1424,#1425,#1749,.T.);
#1107=EDGE_CURVE('',#1425,#1426,#1750,.T.);
#1108=EDGE_CURVE('',#1426,#1427,#1751,.T.);
#1109=EDGE_CURVE('',#1372,#1427,#62,.T.);
#1110=EDGE_CURVE('',#1373,#1428,#63,.T.);
#1111=EDGE_CURVE('',#1429,#1428,#1752,.T.);
#1112=EDGE_CURVE('',#1430,#1429,#1753,.T.);
#1113=EDGE_CURVE('',#1431,#1430,#1754,.T.);
#1114=EDGE_CURVE('',#1432,#1431,#1755,.T.);
#1115=EDGE_CURVE('',#1433,#1432,#1756,.T.);
#1116=EDGE_CURVE('',#1434,#1433,#1757,.T.);
#1117=EDGE_CURVE('',#1434,#1435,#64,.T.);
#1118=EDGE_CURVE('',#1436,#1435,#1758,.T.);
#1119=EDGE_CURVE('',#1436,#1437,#65,.T.);
#1120=EDGE_CURVE('',#1438,#1437,#1759,.T.);
#1121=EDGE_CURVE('',#1416,#1438,#1760,.T.);
#1122=EDGE_CURVE('',#1424,#1431,#1761,.T.);
#1123=EDGE_CURVE('',#1423,#1432,#1762,.T.);
#1124=EDGE_CURVE('',#1425,#1430,#1763,.T.);
#1125=EDGE_CURVE('',#1426,#1429,#1764,.T.);
#1126=EDGE_CURVE('',#1427,#1428,#1765,.T.);
#1127=EDGE_CURVE('',#1417,#1438,#1766,.T.);
#1128=EDGE_CURVE('',#1418,#1437,#1767,.T.);
#1129=EDGE_CURVE('',#1419,#1436,#1768,.T.);
#1130=EDGE_CURVE('',#1420,#1435,#1769,.T.);
#1131=EDGE_CURVE('',#1421,#1434,#1770,.T.);
#1132=EDGE_CURVE('',#1422,#1433,#1771,.T.);
#1133=EDGE_CURVE('',#1439,#1440,#1772,.T.);
#1134=EDGE_CURVE('',#1439,#1441,#1773,.T.);
#1135=EDGE_CURVE('',#1441,#1442,#1774,.T.);
#1136=EDGE_CURVE('',#1440,#1442,#1775,.T.);
#1137=EDGE_CURVE('',#1443,#1444,#1776,.T.);
#1138=EDGE_CURVE('',#1445,#1444,#1777,.T.);
#1139=EDGE_CURVE('',#1446,#1445,#1778,.T.);
#1140=EDGE_CURVE('',#1443,#1446,#1779,.T.);
#1141=EDGE_CURVE('',#1447,#1448,#1780,.T.);
#1142=EDGE_CURVE('',#1447,#1449,#1781,.T.);
#1143=EDGE_CURVE('',#1449,#1450,#1782,.T.);
#1144=EDGE_CURVE('',#1450,#1448,#1783,.T.);
#1145=EDGE_CURVE('',#1451,#1452,#1784,.T.);
#1146=EDGE_CURVE('',#1452,#1453,#1785,.T.);
#1147=EDGE_CURVE('',#1454,#1453,#1786,.T.);
#1148=EDGE_CURVE('',#1454,#1451,#1787,.T.);
#1149=EDGE_CURVE('',#1439,#1447,#1788,.T.);
#1150=EDGE_CURVE('',#1448,#1441,#1789,.T.);
#1151=EDGE_CURVE('',#1453,#1444,#1790,.T.);
#1152=EDGE_CURVE('',#1443,#1454,#1791,.T.);
#1153=EDGE_CURVE('',#1455,#1456,#1792,.T.);
#1154=EDGE_CURVE('',#1457,#1456,#1793,.T.);
#1155=EDGE_CURVE('',#1458,#1457,#1794,.T.);
#1156=EDGE_CURVE('',#1455,#1458,#1795,.T.);
#1157=EDGE_CURVE('',#1459,#1457,#66,.T.);
#1158=EDGE_CURVE('',#1460,#1459,#1796,.T.);
#1159=EDGE_CURVE('',#1458,#1460,#67,.T.);
#1160=EDGE_CURVE('',#1446,#1461,#68,.T.);
#1161=EDGE_CURVE('',#1462,#1445,#69,.T.);
#1162=EDGE_CURVE('',#1461,#1462,#1797,.T.);
#1163=EDGE_CURVE('',#1440,#1463,#70,.T.);
#1164=EDGE_CURVE('',#1442,#1464,#71,.T.);
#1165=EDGE_CURVE('',#1463,#1464,#1798,.T.);
#1166=EDGE_CURVE('',#1465,#1459,#1799,.T.);
#1167=EDGE_CURVE('',#1466,#1465,#1800,.T.);
#1168=EDGE_CURVE('',#1460,#1466,#1801,.T.);
#1169=EDGE_CURVE('',#1461,#1467,#1802,.T.);
#1170=EDGE_CURVE('',#1468,#1462,#1803,.T.);
#1171=EDGE_CURVE('',#1467,#1468,#1804,.T.);
#1172=EDGE_CURVE('',#1463,#1469,#1805,.T.);
#1173=EDGE_CURVE('',#1464,#1470,#1806,.T.);
#1174=EDGE_CURVE('',#1469,#1470,#1807,.T.);
#1175=EDGE_CURVE('',#1471,#1465,#1808,.T.);
#1176=EDGE_CURVE('',#1472,#1471,#1809,.T.);
#1177=EDGE_CURVE('',#1466,#1472,#1810,.T.);
#1178=EDGE_CURVE('',#1467,#1473,#1811,.T.);
#1179=EDGE_CURVE('',#1474,#1468,#1812,.T.);
#1180=EDGE_CURVE('',#1473,#1474,#1813,.T.);
#1181=EDGE_CURVE('',#1469,#1475,#1814,.T.);
#1182=EDGE_CURVE('',#1470,#1476,#1815,.T.);
#1183=EDGE_CURVE('',#1475,#1476,#1816,.T.);
#1184=EDGE_CURVE('',#1477,#1478,#1817,.T.);
#1185=EDGE_CURVE('',#1477,#1475,#1818,.T.);
#1186=EDGE_CURVE('',#1476,#1479,#1819,.T.);
#1187=EDGE_CURVE('',#1480,#1479,#1820,.T.);
#1188=EDGE_CURVE('',#1472,#1480,#1821,.T.);
#1189=EDGE_CURVE('',#1471,#1481,#1822,.T.);
#1190=EDGE_CURVE('',#1482,#1481,#1823,.T.);
#1191=EDGE_CURVE('',#1482,#1473,#1824,.T.);
#1192=EDGE_CURVE('',#1474,#1478,#1825,.T.);
#1193=EDGE_CURVE('',#1479,#1450,#1826,.T.);
#1194=EDGE_CURVE('',#1452,#1449,#1827,.T.);
#1195=EDGE_CURVE('',#1483,#1451,#1828,.T.);
#1196=EDGE_CURVE('',#1484,#1483,#1829,.T.);
#1197=EDGE_CURVE('',#1480,#1484,#1830,.T.);
#1198=EDGE_CURVE('',#1483,#1485,#1831,.T.);
#1199=EDGE_CURVE('',#1486,#1485,#1832,.T.);
#1200=EDGE_CURVE('',#1484,#1486,#1833,.T.);
#1201=EDGE_CURVE('',#1485,#1456,#1834,.T.);
#1202=EDGE_CURVE('',#1486,#1455,#1835,.T.);
#1203=EDGE_CURVE('',#1449,#1477,#1836,.T.);
#1204=EDGE_CURVE('',#1478,#1452,#1837,.T.);
#1205=EDGE_CURVE('',#1481,#1483,#1838,.T.);
#1206=EDGE_CURVE('',#1451,#1482,#1839,.T.);
#1207=EDGE_CURVE('',#1487,#1488,#1840,.T.);
#1208=EDGE_CURVE('',#1487,#1489,#1841,.T.);
#1209=EDGE_CURVE('',#1489,#1490,#1842,.T.);
#1210=EDGE_CURVE('',#1488,#1490,#1843,.T.);
#1211=EDGE_CURVE('',#1491,#1492,#1844,.T.);
#1212=EDGE_CURVE('',#1493,#1491,#1845,.T.);
#1213=EDGE_CURVE('',#1494,#1493,#1846,.T.);
#1214=EDGE_CURVE('',#1494,#1492,#1847,.T.);
#1215=EDGE_CURVE('',#1495,#1496,#1848,.T.);
#1216=EDGE_CURVE('',#1497,#1495,#1849,.T.);
#1217=EDGE_CURVE('',#1498,#1497,#1850,.T.);
#1218=EDGE_CURVE('',#1498,#1496,#1851,.T.);
#1219=EDGE_CURVE('',#1499,#1500,#1852,.T.);
#1220=EDGE_CURVE('',#1501,#1499,#1853,.T.);
#1221=EDGE_CURVE('',#1502,#1501,#1854,.T.);
#1222=EDGE_CURVE('',#1503,#1502,#1855,.T.);
#1223=EDGE_CURVE('',#1504,#1503,#1856,.T.);
#1224=EDGE_CURVE('',#1505,#1504,#1857,.T.);
#1225=EDGE_CURVE('',#1506,#1505,#1858,.T.);
#1226=EDGE_CURVE('',#1507,#1506,#1859,.T.);
#1227=EDGE_CURVE('',#1508,#1507,#1860,.T.);
#1228=EDGE_CURVE('',#1508,#1509,#1861,.T.);
#1229=EDGE_CURVE('',#1509,#1510,#1862,.T.);
#1230=EDGE_CURVE('',#1500,#1510,#1863,.T.);
#1231=EDGE_CURVE('',#1500,#1511,#1864,.T.);
#1232=EDGE_CURVE('',#1510,#1512,#1865,.T.);
#1233=EDGE_CURVE('',#1511,#1512,#1866,.T.);
#1234=EDGE_CURVE('',#1513,#1502,#1867,.T.);
#1235=EDGE_CURVE('',#1514,#1513,#1868,.T.);
#1236=EDGE_CURVE('',#1503,#1514,#1869,.T.);
#1237=EDGE_CURVE('',#1515,#1506,#1870,.T.);
#1238=EDGE_CURVE('',#1516,#1515,#1871,.T.);
#1239=EDGE_CURVE('',#1507,#1516,#1872,.T.);
#1240=EDGE_CURVE('',#1511,#1517,#72,.T.);
#1241=EDGE_CURVE('',#1512,#1518,#73,.T.);
#1242=EDGE_CURVE('',#1517,#1518,#1873,.T.);
#1243=EDGE_CURVE('',#1519,#1513,#74,.T.);
#1244=EDGE_CURVE('',#1520,#1519,#1874,.T.);
#1245=EDGE_CURVE('',#1514,#1520,#75,.T.);
#1246=EDGE_CURVE('',#1521,#1515,#76,.T.);
#1247=EDGE_CURVE('',#1522,#1521,#1875,.T.);
#1248=EDGE_CURVE('',#1516,#1522,#77,.T.);
#1249=EDGE_CURVE('',#1517,#1487,#1876,.T.);
#1250=EDGE_CURVE('',#1518,#1489,#1877,.T.);
#1251=EDGE_CURVE('',#1492,#1519,#1878,.T.);
#1252=EDGE_CURVE('',#1520,#1494,#1879,.T.);
#1253=EDGE_CURVE('',#1496,#1521,#1880,.T.);
#1254=EDGE_CURVE('',#1522,#1498,#1881,.T.);
#1255=EDGE_CURVE('',#1490,#1509,#1882,.T.);
#1256=EDGE_CURVE('',#1497,#1508,#1883,.T.);
#1257=EDGE_CURVE('',#1493,#1495,#1884,.T.);
#1258=EDGE_CURVE('',#1488,#1491,#1885,.T.);
#1259=EDGE_CURVE('',#1495,#1505,#1886,.T.);
#1260=EDGE_CURVE('',#1493,#1504,#1887,.T.);
#1261=EDGE_CURVE('',#1491,#1501,#1888,.T.);
#1262=EDGE_CURVE('',#1488,#1499,#1889,.T.);
#1263=VERTEX_POINT('',#3705);
#1264=VERTEX_POINT('',#3706);
#1265=VERTEX_POINT('',#3708);
#1266=VERTEX_POINT('',#3710);
#1267=VERTEX_POINT('',#3712);
#1268=VERTEX_POINT('',#3714);
#1269=VERTEX_POINT('',#3716);
#1270=VERTEX_POINT('',#3718);
#1271=VERTEX_POINT('',#3720);
#1272=VERTEX_POINT('',#3722);
#1273=VERTEX_POINT('',#3724);
#1274=VERTEX_POINT('',#3726);
#1275=VERTEX_POINT('',#3728);
#1276=VERTEX_POINT('',#3730);
#1277=VERTEX_POINT('',#3732);
#1278=VERTEX_POINT('',#3734);
#1279=VERTEX_POINT('',#3736);
#1280=VERTEX_POINT('',#3738);
#1281=VERTEX_POINT('',#3740);
#1282=VERTEX_POINT('',#3742);
#1283=VERTEX_POINT('',#3744);
#1284=VERTEX_POINT('',#3746);
#1285=VERTEX_POINT('',#3748);
#1286=VERTEX_POINT('',#3750);
#1287=VERTEX_POINT('',#3752);
#1288=VERTEX_POINT('',#3754);
#1289=VERTEX_POINT('',#3756);
#1290=VERTEX_POINT('',#3758);
#1291=VERTEX_POINT('',#3760);
#1292=VERTEX_POINT('',#3762);
#1293=VERTEX_POINT('',#3764);
#1294=VERTEX_POINT('',#3766);
#1295=VERTEX_POINT('',#3768);
#1296=VERTEX_POINT('',#3770);
#1297=VERTEX_POINT('',#3772);
#1298=VERTEX_POINT('',#3774);
#1299=VERTEX_POINT('',#3776);
#1300=VERTEX_POINT('',#3778);
#1301=VERTEX_POINT('',#3782);
#1302=VERTEX_POINT('',#3785);
#1303=VERTEX_POINT('',#3787);
#1304=VERTEX_POINT('',#3791);
#1305=VERTEX_POINT('',#3792);
#1306=VERTEX_POINT('',#3794);
#1307=VERTEX_POINT('',#3796);
#1308=VERTEX_POINT('',#3799);
#1309=VERTEX_POINT('',#3800);
#1310=VERTEX_POINT('',#3802);
#1311=VERTEX_POINT('',#3804);
#1312=VERTEX_POINT('',#3806);
#1313=VERTEX_POINT('',#3808);
#1314=VERTEX_POINT('',#3812);
#1315=VERTEX_POINT('',#3813);
#1316=VERTEX_POINT('',#3815);
#1317=VERTEX_POINT('',#3817);
#1318=VERTEX_POINT('',#3819);
#1319=VERTEX_POINT('',#3821);
#1320=VERTEX_POINT('',#3825);
#1321=VERTEX_POINT('',#3826);
#1322=VERTEX_POINT('',#3828);
#1323=VERTEX_POINT('',#3830);
#1324=VERTEX_POINT('',#3834);
#1325=VERTEX_POINT('',#3835);
#1326=VERTEX_POINT('',#3840);
#1327=VERTEX_POINT('',#3841);
#1328=VERTEX_POINT('',#3843);
#1329=VERTEX_POINT('',#3845);
#1330=VERTEX_POINT('',#3849);
#1331=VERTEX_POINT('',#3850);
#1332=VERTEX_POINT('',#3852);
#1333=VERTEX_POINT('',#3854);
#1334=VERTEX_POINT('',#3858);
#1335=VERTEX_POINT('',#3859);
#1336=VERTEX_POINT('',#3861);
#1337=VERTEX_POINT('',#3863);
#1338=VERTEX_POINT('',#3867);
#1339=VERTEX_POINT('',#3868);
#1340=VERTEX_POINT('',#3870);
#1341=VERTEX_POINT('',#3872);
#1342=VERTEX_POINT('',#3876);
#1343=VERTEX_POINT('',#3878);
#1344=VERTEX_POINT('',#3881);
#1345=VERTEX_POINT('',#3883);
#1346=VERTEX_POINT('',#3886);
#1347=VERTEX_POINT('',#3888);
#1348=VERTEX_POINT('',#3891);
#1349=VERTEX_POINT('',#3893);
#1350=VERTEX_POINT('',#3895);
#1351=VERTEX_POINT('',#3897);
#1352=VERTEX_POINT('',#3899);
#1353=VERTEX_POINT('',#3901);
#1354=VERTEX_POINT('',#3906);
#1355=VERTEX_POINT('',#3908);
#1356=VERTEX_POINT('',#3910);
#1357=VERTEX_POINT('',#3912);
#1358=VERTEX_POINT('',#3917);
#1359=VERTEX_POINT('',#3919);
#1360=VERTEX_POINT('',#3921);
#1361=VERTEX_POINT('',#3925);
#1362=VERTEX_POINT('',#3927);
#1363=VERTEX_POINT('',#3932);
#1364=VERTEX_POINT('',#3934);
#1365=VERTEX_POINT('',#3937);
#1366=VERTEX_POINT('',#3939);
#1367=VERTEX_POINT('',#3942);
#1368=VERTEX_POINT('',#3944);
#1369=VERTEX_POINT('',#3950);
#1370=VERTEX_POINT('',#3957);
#1371=VERTEX_POINT('',#3959);
#1372=VERTEX_POINT('',#3975);
#1373=VERTEX_POINT('',#3977);
#1374=VERTEX_POINT('',#3983);
#1375=VERTEX_POINT('',#3985);
#1376=VERTEX_POINT('',#4006);
#1377=VERTEX_POINT('',#4008);
#1378=VERTEX_POINT('',#4012);
#1379=VERTEX_POINT('',#4016);
#1380=VERTEX_POINT('',#4020);
#1381=VERTEX_POINT('',#4024);
#1382=VERTEX_POINT('',#4028);
#1383=VERTEX_POINT('',#4032);
#1384=VERTEX_POINT('',#4036);
#1385=VERTEX_POINT('',#4040);
#1386=VERTEX_POINT('',#4044);
#1387=VERTEX_POINT('',#4048);
#1388=VERTEX_POINT('',#4052);
#1389=VERTEX_POINT('',#4054);
#1390=VERTEX_POINT('',#4075);
#1391=VERTEX_POINT('',#4082);
#1392=VERTEX_POINT('',#4084);
#1393=VERTEX_POINT('',#4088);
#1394=VERTEX_POINT('',#4090);
#1395=VERTEX_POINT('',#4092);
#1396=VERTEX_POINT('',#4094);
#1397=VERTEX_POINT('',#4096);
#1398=VERTEX_POINT('',#4098);
#1399=VERTEX_POINT('',#4100);
#1400=VERTEX_POINT('',#4102);
#1401=VERTEX_POINT('',#4104);
#1402=VERTEX_POINT('',#4106);
#1403=VERTEX_POINT('',#4108);
#1404=VERTEX_POINT('',#4112);
#1405=VERTEX_POINT('',#4114);
#1406=VERTEX_POINT('',#4116);
#1407=VERTEX_POINT('',#4118);
#1408=VERTEX_POINT('',#4120);
#1409=VERTEX_POINT('',#4122);
#1410=VERTEX_POINT('',#4124);
#1411=VERTEX_POINT('',#4126);
#1412=VERTEX_POINT('',#4128);
#1413=VERTEX_POINT('',#4130);
#1414=VERTEX_POINT('',#4132);
#1415=VERTEX_POINT('',#4159);
#1416=VERTEX_POINT('',#4161);
#1417=VERTEX_POINT('',#4165);
#1418=VERTEX_POINT('',#4167);
#1419=VERTEX_POINT('',#4169);
#1420=VERTEX_POINT('',#4171);
#1421=VERTEX_POINT('',#4173);
#1422=VERTEX_POINT('',#4175);
#1423=VERTEX_POINT('',#4177);
#1424=VERTEX_POINT('',#4179);
#1425=VERTEX_POINT('',#4181);
#1426=VERTEX_POINT('',#4183);
#1427=VERTEX_POINT('',#4185);
#1428=VERTEX_POINT('',#4189);
#1429=VERTEX_POINT('',#4191);
#1430=VERTEX_POINT('',#4193);
#1431=VERTEX_POINT('',#4195);
#1432=VERTEX_POINT('',#4197);
#1433=VERTEX_POINT('',#4199);
#1434=VERTEX_POINT('',#4201);
#1435=VERTEX_POINT('',#4203);
#1436=VERTEX_POINT('',#4205);
#1437=VERTEX_POINT('',#4207);
#1438=VERTEX_POINT('',#4209);
#1439=VERTEX_POINT('',#4237);
#1440=VERTEX_POINT('',#4238);
#1441=VERTEX_POINT('',#4240);
#1442=VERTEX_POINT('',#4242);
#1443=VERTEX_POINT('',#4246);
#1444=VERTEX_POINT('',#4247);
#1445=VERTEX_POINT('',#4249);
#1446=VERTEX_POINT('',#4251);
#1447=VERTEX_POINT('',#4255);
#1448=VERTEX_POINT('',#4256);
#1449=VERTEX_POINT('',#4258);
#1450=VERTEX_POINT('',#4260);
#1451=VERTEX_POINT('',#4264);
#1452=VERTEX_POINT('',#4265);
#1453=VERTEX_POINT('',#4267);
#1454=VERTEX_POINT('',#4269);
#1455=VERTEX_POINT('',#4279);
#1456=VERTEX_POINT('',#4280);
#1457=VERTEX_POINT('',#4282);
#1458=VERTEX_POINT('',#4284);
#1459=VERTEX_POINT('',#4288);
#1460=VERTEX_POINT('',#4290);
#1461=VERTEX_POINT('',#4294);
#1462=VERTEX_POINT('',#4296);
#1463=VERTEX_POINT('',#4300);
#1464=VERTEX_POINT('',#4302);
#1465=VERTEX_POINT('',#4306);
#1466=VERTEX_POINT('',#4308);
#1467=VERTEX_POINT('',#4312);
#1468=VERTEX_POINT('',#4314);
#1469=VERTEX_POINT('',#4318);
#1470=VERTEX_POINT('',#4320);
#1471=VERTEX_POINT('',#4324);
#1472=VERTEX_POINT('',#4326);
#1473=VERTEX_POINT('',#4330);
#1474=VERTEX_POINT('',#4332);
#1475=VERTEX_POINT('',#4336);
#1476=VERTEX_POINT('',#4338);
#1477=VERTEX_POINT('',#4342);
#1478=VERTEX_POINT('',#4343);
#1479=VERTEX_POINT('',#4346);
#1480=VERTEX_POINT('',#4348);
#1481=VERTEX_POINT('',#4351);
#1482=VERTEX_POINT('',#4353);
#1483=VERTEX_POINT('',#4360);
#1484=VERTEX_POINT('',#4362);
#1485=VERTEX_POINT('',#4366);
#1486=VERTEX_POINT('',#4368);
#1487=VERTEX_POINT('',#4388);
#1488=VERTEX_POINT('',#4389);
#1489=VERTEX_POINT('',#4391);
#1490=VERTEX_POINT('',#4393);
#1491=VERTEX_POINT('',#4397);
#1492=VERTEX_POINT('',#4398);
#1493=VERTEX_POINT('',#4400);
#1494=VERTEX_POINT('',#4402);
#1495=VERTEX_POINT('',#4406);
#1496=VERTEX_POINT('',#4407);
#1497=VERTEX_POINT('',#4409);
#1498=VERTEX_POINT('',#4411);
#1499=VERTEX_POINT('',#4415);
#1500=VERTEX_POINT('',#4416);
#1501=VERTEX_POINT('',#4418);
#1502=VERTEX_POINT('',#4420);
#1503=VERTEX_POINT('',#4422);
#1504=VERTEX_POINT('',#4424);
#1505=VERTEX_POINT('',#4426);
#1506=VERTEX_POINT('',#4428);
#1507=VERTEX_POINT('',#4430);
#1508=VERTEX_POINT('',#4432);
#1509=VERTEX_POINT('',#4434);
#1510=VERTEX_POINT('',#4436);
#1511=VERTEX_POINT('',#4440);
#1512=VERTEX_POINT('',#4442);
#1513=VERTEX_POINT('',#4446);
#1514=VERTEX_POINT('',#4448);
#1515=VERTEX_POINT('',#4452);
#1516=VERTEX_POINT('',#4454);
#1517=VERTEX_POINT('',#4458);
#1518=VERTEX_POINT('',#4460);
#1519=VERTEX_POINT('',#4464);
#1520=VERTEX_POINT('',#4466);
#1521=VERTEX_POINT('',#4470);
#1522=VERTEX_POINT('',#4472);
#1523=LINE('',#3704,#1890);
#1524=LINE('',#3707,#1891);
#1525=LINE('',#3709,#1892);
#1526=LINE('',#3711,#1893);
#1527=LINE('',#3713,#1894);
#1528=LINE('',#3715,#1895);
#1529=LINE('',#3717,#1896);
#1530=LINE('',#3719,#1897);
#1531=LINE('',#3721,#1898);
#1532=LINE('',#3723,#1899);
#1533=LINE('',#3725,#1900);
#1534=LINE('',#3727,#1901);
#1535=LINE('',#3729,#1902);
#1536=LINE('',#3731,#1903);
#1537=LINE('',#3733,#1904);
#1538=LINE('',#3735,#1905);
#1539=LINE('',#3737,#1906);
#1540=LINE('',#3739,#1907);
#1541=LINE('',#3741,#1908);
#1542=LINE('',#3743,#1909);
#1543=LINE('',#3745,#1910);
#1544=LINE('',#3747,#1911);
#1545=LINE('',#3749,#1912);
#1546=LINE('',#3751,#1913);
#1547=LINE('',#3753,#1914);
#1548=LINE('',#3755,#1915);
#1549=LINE('',#3757,#1916);
#1550=LINE('',#3759,#1917);
#1551=LINE('',#3761,#1918);
#1552=LINE('',#3763,#1919);
#1553=LINE('',#3765,#1920);
#1554=LINE('',#3767,#1921);
#1555=LINE('',#3769,#1922);
#1556=LINE('',#3771,#1923);
#1557=LINE('',#3773,#1924);
#1558=LINE('',#3775,#1925);
#1559=LINE('',#3777,#1926);
#1560=LINE('',#3779,#1927);
#1561=LINE('',#3781,#1928);
#1562=LINE('',#3783,#1929);
#1563=LINE('',#3784,#1930);
#1564=LINE('',#3786,#1931);
#1565=LINE('',#3788,#1932);
#1566=LINE('',#3790,#1933);
#1567=LINE('',#3793,#1934);
#1568=LINE('',#3795,#1935);
#1569=LINE('',#3797,#1936);
#1570=LINE('',#3798,#1937);
#1571=LINE('',#3803,#1938);
#1572=LINE('',#3807,#1939);
#1573=LINE('',#3809,#1940);
#1574=LINE('',#3814,#1941);
#1575=LINE('',#3816,#1942);
#1576=LINE('',#3818,#1943);
#1577=LINE('',#3822,#1944);
#1578=LINE('',#3824,#1945);
#1579=LINE('',#3827,#1946);
#1580=LINE('',#3829,#1947);
#1581=LINE('',#3831,#1948);
#1582=LINE('',#3833,#1949);
#1583=LINE('',#3836,#1950);
#1584=LINE('',#3837,#1951);
#1585=LINE('',#3839,#1952);
#1586=LINE('',#3842,#1953);
#1587=LINE('',#3844,#1954);
#1588=LINE('',#3846,#1955);
#1589=LINE('',#3848,#1956);
#1590=LINE('',#3851,#1957);
#1591=LINE('',#3853,#1958);
#1592=LINE('',#3855,#1959);
#1593=LINE('',#3857,#1960);
#1594=LINE('',#3860,#1961);
#1595=LINE('',#3862,#1962);
#1596=LINE('',#3864,#1963);
#1597=LINE('',#3866,#1964);
#1598=LINE('',#3869,#1965);
#1599=LINE('',#3871,#1966);
#1600=LINE('',#3873,#1967);
#1601=LINE('',#3875,#1968);
#1602=LINE('',#3877,#1969);
#1603=LINE('',#3879,#1970);
#1604=LINE('',#3880,#1971);
#1605=LINE('',#3882,#1972);
#1606=LINE('',#3884,#1973);
#1607=LINE('',#3885,#1974);
#1608=LINE('',#3887,#1975);
#1609=LINE('',#3889,#1976);
#1610=LINE('',#3890,#1977);
#1611=LINE('',#3892,#1978);
#1612=LINE('',#3894,#1979);
#1613=LINE('',#3896,#1980);
#1614=LINE('',#3898,#1981);
#1615=LINE('',#3900,#1982);
#1616=LINE('',#3902,#1983);
#1617=LINE('',#3904,#1984);
#1618=LINE('',#3905,#1985);
#1619=LINE('',#3907,#1986);
#1620=LINE('',#3909,#1987);
#1621=LINE('',#3911,#1988);
#1622=LINE('',#3913,#1989);
#1623=LINE('',#3915,#1990);
#1624=LINE('',#3916,#1991);
#1625=LINE('',#3918,#1992);
#1626=LINE('',#3920,#1993);
#1627=LINE('',#3922,#1994);
#1628=LINE('',#3924,#1995);
#1629=LINE('',#3926,#1996);
#1630=LINE('',#3928,#1997);
#1631=LINE('',#3930,#1998);
#1632=LINE('',#3931,#1999);
#1633=LINE('',#3933,#2000);
#1634=LINE('',#3935,#2001);
#1635=LINE('',#3936,#2002);
#1636=LINE('',#3938,#2003);
#1637=LINE('',#3940,#2004);
#1638=LINE('',#3941,#2005);
#1639=LINE('',#3943,#2006);
#1640=LINE('',#3945,#2007);
#1641=LINE('',#3946,#2008);
#1642=LINE('',#3948,#2009);
#1643=LINE('',#3949,#2010);
#1644=LINE('',#3951,#2011);
#1645=LINE('',#3952,#2012);
#1646=LINE('',#3954,#2013);
#1647=LINE('',#3955,#2014);
#1648=LINE('',#3956,#2015);
#1649=LINE('',#3958,#2016);
#1650=LINE('',#3960,#2017);
#1651=LINE('',#3962,#2018);
#1652=LINE('',#3963,#2019);
#1653=LINE('',#3965,#2020);
#1654=LINE('',#3967,#2021);
#1655=LINE('',#3971,#2022);
#1656=LINE('',#3974,#2023);
#1657=LINE('',#3976,#2024);
#1658=LINE('',#3978,#2025);
#1659=LINE('',#3979,#2026);
#1660=LINE('',#3982,#2027);
#1661=LINE('',#3984,#2028);
#1662=LINE('',#3986,#2029);
#1663=LINE('',#3987,#2030);
#1664=LINE('',#3990,#2031);
#1665=LINE('',#3991,#2032);
#1666=LINE('',#3995,#2033);
#1667=LINE('',#3997,#2034);
#1668=LINE('',#4000,#2035);
#1669=LINE('',#4002,#2036);
#1670=LINE('',#4005,#2037);
#1671=LINE('',#4007,#2038);
#1672=LINE('',#4009,#2039);
#1673=LINE('',#4011,#2040);
#1674=LINE('',#4013,#2041);
#1675=LINE('',#4015,#2042);
#1676=LINE('',#4017,#2043);
#1677=LINE('',#4019,#2044);
#1678=LINE('',#4021,#2045);
#1679=LINE('',#4023,#2046);
#1680=LINE('',#4025,#2047);
#1681=LINE('',#4027,#2048);
#1682=LINE('',#4029,#2049);
#1683=LINE('',#4031,#2050);
#1684=LINE('',#4033,#2051);
#1685=LINE('',#4035,#2052);
#1686=LINE('',#4037,#2053);
#1687=LINE('',#4039,#2054);
#1688=LINE('',#4041,#2055);
#1689=LINE('',#4043,#2056);
#1690=LINE('',#4045,#2057);
#1691=LINE('',#4047,#2058);
#1692=LINE('',#4049,#2059);
#1693=LINE('',#4051,#2060);
#1694=LINE('',#4053,#2061);
#1695=LINE('',#4055,#2062);
#1696=LINE('',#4057,#2063);
#1697=LINE('',#4059,#2064);
#1698=LINE('',#4060,#2065);
#1699=LINE('',#4061,#2066);
#1700=LINE('',#4063,#2067);
#1701=LINE('',#4064,#2068);
#1702=LINE('',#4065,#2069);
#1703=LINE('',#4068,#2070);
#1704=LINE('',#4070,#2071);
#1705=LINE('',#4074,#2072);
#1706=LINE('',#4076,#2073);
#1707=LINE('',#4078,#2074);
#1708=LINE('',#4081,#2075);
#1709=LINE('',#4083,#2076);
#1710=LINE('',#4085,#2077);
#1711=LINE('',#4087,#2078);
#1712=LINE('',#4089,#2079);
#1713=LINE('',#4093,#2080);
#1714=LINE('',#4097,#2081);
#1715=LINE('',#4099,#2082);
#1716=LINE('',#4101,#2083);
#1717=LINE('',#4103,#2084);
#1718=LINE('',#4105,#2085);
#1719=LINE('',#4107,#2086);
#1720=LINE('',#4113,#2087);
#1721=LINE('',#4115,#2088);
#1722=LINE('',#4117,#2089);
#1723=LINE('',#4119,#2090);
#1724=LINE('',#4121,#2091);
#1725=LINE('',#4123,#2092);
#1726=LINE('',#4127,#2093);
#1727=LINE('',#4131,#2094);
#1728=LINE('',#4133,#2095);
#1729=LINE('',#4135,#2096);
#1730=LINE('',#4136,#2097);
#1731=LINE('',#4138,#2098);
#1732=LINE('',#4140,#2099);
#1733=LINE('',#4142,#2100);
#1734=LINE('',#4145,#2101);
#1735=LINE('',#4147,#2102);
#1736=LINE('',#4149,#2103);
#1737=LINE('',#4151,#2104);
#1738=LINE('',#4153,#2105);
#1739=LINE('',#4155,#2106);
#1740=LINE('',#4158,#2107);
#1741=LINE('',#4160,#2108);
#1742=LINE('',#4162,#2109);
#1743=LINE('',#4164,#2110);
#1744=LINE('',#4166,#2111);
#1745=LINE('',#4170,#2112);
#1746=LINE('',#4174,#2113);
#1747=LINE('',#4176,#2114);
#1748=LINE('',#4178,#2115);
#1749=LINE('',#4180,#2116);
#1750=LINE('',#4182,#2117);
#1751=LINE('',#4184,#2118);
#1752=LINE('',#4190,#2119);
#1753=LINE('',#4192,#2120);
#1754=LINE('',#4194,#2121);
#1755=LINE('',#4196,#2122);
#1756=LINE('',#4198,#2123);
#1757=LINE('',#4200,#2124);
#1758=LINE('',#4204,#2125);
#1759=LINE('',#4208,#2126);
#1760=LINE('',#4210,#2127);
#1761=LINE('',#4212,#2128);
#1762=LINE('',#4213,#2129);
#1763=LINE('',#4215,#2130);
#1764=LINE('',#4217,#2131);
#1765=LINE('',#4219,#2132);
#1766=LINE('',#4222,#2133);
#1767=LINE('',#4224,#2134);
#1768=LINE('',#4226,#2135);
#1769=LINE('',#4228,#2136);
#1770=LINE('',#4230,#2137);
#1771=LINE('',#4232,#2138);
#1772=LINE('',#4236,#2139);
#1773=LINE('',#4239,#2140);
#1774=LINE('',#4241,#2141);
#1775=LINE('',#4243,#2142);
#1776=LINE('',#4245,#2143);
#1777=LINE('',#4248,#2144);
#1778=LINE('',#4250,#2145);
#1779=LINE('',#4252,#2146);
#1780=LINE('',#4254,#2147);
#1781=LINE('',#4257,#2148);
#1782=LINE('',#4259,#2149);
#1783=LINE('',#4261,#2150);
#1784=LINE('',#4263,#2151);
#1785=LINE('',#4266,#2152);
#1786=LINE('',#4268,#2153);
#1787=LINE('',#4270,#2154);
#1788=LINE('',#4272,#2155);
#1789=LINE('',#4273,#2156);
#1790=LINE('',#4275,#2157);
#1791=LINE('',#4276,#2158);
#1792=LINE('',#4278,#2159);
#1793=LINE('',#4281,#2160);
#1794=LINE('',#4283,#2161);
#1795=LINE('',#4285,#2162);
#1796=LINE('',#4289,#2163);
#1797=LINE('',#4297,#2164);
#1798=LINE('',#4303,#2165);
#1799=LINE('',#4305,#2166);
#1800=LINE('',#4307,#2167);
#1801=LINE('',#4309,#2168);
#1802=LINE('',#4311,#2169);
#1803=LINE('',#4313,#2170);
#1804=LINE('',#4315,#2171);
#1805=LINE('',#4317,#2172);
#1806=LINE('',#4319,#2173);
#1807=LINE('',#4321,#2174);
#1808=LINE('',#4323,#2175);
#1809=LINE('',#4325,#2176);
#1810=LINE('',#4327,#2177);
#1811=LINE('',#4329,#2178);
#1812=LINE('',#4331,#2179);
#1813=LINE('',#4333,#2180);
#1814=LINE('',#4335,#2181);
#1815=LINE('',#4337,#2182);
#1816=LINE('',#4339,#2183);
#1817=LINE('',#4341,#2184);
#1818=LINE('',#4344,#2185);
#1819=LINE('',#4345,#2186);
#1820=LINE('',#4347,#2187);
#1821=LINE('',#4349,#2188);
#1822=LINE('',#4350,#2189);
#1823=LINE('',#4352,#2190);
#1824=LINE('',#4354,#2191);
#1825=LINE('',#4355,#2192);
#1826=LINE('',#4357,#2193);
#1827=LINE('',#4358,#2194);
#1828=LINE('',#4359,#2195);
#1829=LINE('',#4361,#2196);
#1830=LINE('',#4363,#2197);
#1831=LINE('',#4365,#2198);
#1832=LINE('',#4367,#2199);
#1833=LINE('',#4369,#2200);
#1834=LINE('',#4371,#2201);
#1835=LINE('',#4372,#2202);
#1836=LINE('',#4376,#2203);
#1837=LINE('',#4378,#2204);
#1838=LINE('',#4380,#2205);
#1839=LINE('',#4382,#2206);
#1840=LINE('',#4387,#2207);
#1841=LINE('',#4390,#2208);
#1842=LINE('',#4392,#2209);
#1843=LINE('',#4394,#2210);
#1844=LINE('',#4396,#2211);
#1845=LINE('',#4399,#2212);
#1846=LINE('',#4401,#2213);
#1847=LINE('',#4403,#2214);
#1848=LINE('',#4405,#2215);
#1849=LINE('',#4408,#2216);
#1850=LINE('',#4410,#2217);
#1851=LINE('',#4412,#2218);
#1852=LINE('',#4414,#2219);
#1853=LINE('',#4417,#2220);
#1854=LINE('',#4419,#2221);
#1855=LINE('',#4421,#2222);
#1856=LINE('',#4423,#2223);
#1857=LINE('',#4425,#2224);
#1858=LINE('',#4427,#2225);
#1859=LINE('',#4429,#2226);
#1860=LINE('',#4431,#2227);
#1861=LINE('',#4433,#2228);
#1862=LINE('',#4435,#2229);
#1863=LINE('',#4437,#2230);
#1864=LINE('',#4439,#2231);
#1865=LINE('',#4441,#2232);
#1866=LINE('',#4443,#2233);
#1867=LINE('',#4445,#2234);
#1868=LINE('',#4447,#2235);
#1869=LINE('',#4449,#2236);
#1870=LINE('',#4451,#2237);
#1871=LINE('',#4453,#2238);
#1872=LINE('',#4455,#2239);
#1873=LINE('',#4461,#2240);
#1874=LINE('',#4465,#2241);
#1875=LINE('',#4471,#2242);
#1876=LINE('',#4475,#2243);
#1877=LINE('',#4476,#2244);
#1878=LINE('',#4478,#2245);
#1879=LINE('',#4479,#2246);
#1880=LINE('',#4481,#2247);
#1881=LINE('',#4482,#2248);
#1882=LINE('',#4484,#2249);
#1883=LINE('',#4485,#2250);
#1884=LINE('',#4486,#2251);
#1885=LINE('',#4487,#2252);
#1886=LINE('',#4491,#2253);
#1887=LINE('',#4493,#2254);
#1888=LINE('',#4496,#2255);
#1889=LINE('',#4497,#2256);
#1890=VECTOR('',#2995,1000.);
#1891=VECTOR('',#2996,1000.);
#1892=VECTOR('',#2997,1000.);
#1893=VECTOR('',#2998,1000.);
#1894=VECTOR('',#2999,1000.);
#1895=VECTOR('',#3000,1000.);
#1896=VECTOR('',#3001,1000.);
#1897=VECTOR('',#3002,1000.);
#1898=VECTOR('',#3003,1000.);
#1899=VECTOR('',#3004,1000.);
#1900=VECTOR('',#3005,1000.);
#1901=VECTOR('',#3006,1000.);
#1902=VECTOR('',#3007,1000.);
#1903=VECTOR('',#3008,1000.);
#1904=VECTOR('',#3009,1000.);
#1905=VECTOR('',#3010,1000.);
#1906=VECTOR('',#3011,1000.);
#1907=VECTOR('',#3012,1000.);
#1908=VECTOR('',#3013,1000.);
#1909=VECTOR('',#3014,1000.);
#1910=VECTOR('',#3015,1000.);
#1911=VECTOR('',#3016,1000.);
#1912=VECTOR('',#3017,1000.);
#1913=VECTOR('',#3018,1000.);
#1914=VECTOR('',#3019,1000.);
#1915=VECTOR('',#3020,1000.);
#1916=VECTOR('',#3021,1000.);
#1917=VECTOR('',#3022,1000.);
#1918=VECTOR('',#3023,1000.);
#1919=VECTOR('',#3024,1000.);
#1920=VECTOR('',#3025,1000.);
#1921=VECTOR('',#3026,1000.);
#1922=VECTOR('',#3027,1000.);
#1923=VECTOR('',#3028,1000.);
#1924=VECTOR('',#3029,1000.);
#1925=VECTOR('',#3030,1000.);
#1926=VECTOR('',#3031,1000.);
#1927=VECTOR('',#3032,1000.);
#1928=VECTOR('',#3035,1000.);
#1929=VECTOR('',#3036,1000.);
#1930=VECTOR('',#3037,1000.);
#1931=VECTOR('',#3038,1000.);
#1932=VECTOR('',#3039,1000.);
#1933=VECTOR('',#3042,1000.);
#1934=VECTOR('',#3043,1000.);
#1935=VECTOR('',#3044,1000.);
#1936=VECTOR('',#3045,1000.);
#1937=VECTOR('',#3046,1000.);
#1938=VECTOR('',#3049,1000.);
#1939=VECTOR('',#3052,1000.);
#1940=VECTOR('',#3053,1000.);
#1941=VECTOR('',#3058,1000.);
#1942=VECTOR('',#3059,1000.);
#1943=VECTOR('',#3060,1000.);
#1944=VECTOR('',#3063,1000.);
#1945=VECTOR('',#3066,1000.);
#1946=VECTOR('',#3067,1000.);
#1947=VECTOR('',#3068,1000.);
#1948=VECTOR('',#3069,1000.);
#1949=VECTOR('',#3072,1000.);
#1950=VECTOR('',#3073,1000.);
#1951=VECTOR('',#3074,1000.);
#1952=VECTOR('',#3077,1000.);
#1953=VECTOR('',#3078,1000.);
#1954=VECTOR('',#3079,1000.);
#1955=VECTOR('',#3080,1000.);
#1956=VECTOR('',#3083,1000.);
#1957=VECTOR('',#3084,1000.);
#1958=VECTOR('',#3085,1000.);
#1959=VECTOR('',#3086,1000.);
#1960=VECTOR('',#3089,1000.);
#1961=VECTOR('',#3090,1000.);
#1962=VECTOR('',#3091,1000.);
#1963=VECTOR('',#3092,1000.);
#1964=VECTOR('',#3095,1000.);
#1965=VECTOR('',#3096,1000.);
#1966=VECTOR('',#3097,1000.);
#1967=VECTOR('',#3098,1000.);
#1968=VECTOR('',#3101,1000.);
#1969=VECTOR('',#3102,1000.);
#1970=VECTOR('',#3103,1000.);
#1971=VECTOR('',#3104,1000.);
#1972=VECTOR('',#3105,1000.);
#1973=VECTOR('',#3106,1000.);
#1974=VECTOR('',#3107,1000.);
#1975=VECTOR('',#3108,1000.);
#1976=VECTOR('',#3109,1000.);
#1977=VECTOR('',#3110,1000.);
#1978=VECTOR('',#3111,1000.);
#1979=VECTOR('',#3112,1000.);
#1980=VECTOR('',#3113,1000.);
#1981=VECTOR('',#3114,1000.);
#1982=VECTOR('',#3115,1000.);
#1983=VECTOR('',#3116,1000.);
#1984=VECTOR('',#3119,1000.);
#1985=VECTOR('',#3120,1000.);
#1986=VECTOR('',#3121,1000.);
#1987=VECTOR('',#3122,1000.);
#1988=VECTOR('',#3123,1000.);
#1989=VECTOR('',#3124,1000.);
#1990=VECTOR('',#3127,1000.);
#1991=VECTOR('',#3128,1000.);
#1992=VECTOR('',#3129,1000.);
#1993=VECTOR('',#3130,1000.);
#1994=VECTOR('',#3131,1000.);
#1995=VECTOR('',#3134,1000.);
#1996=VECTOR('',#3135,1000.);
#1997=VECTOR('',#3136,1000.);
#1998=VECTOR('',#3139,1000.);
#1999=VECTOR('',#3140,1000.);
#2000=VECTOR('',#3141,1000.);
#2001=VECTOR('',#3142,1000.);
#2002=VECTOR('',#3143,1000.);
#2003=VECTOR('',#3144,1000.);
#2004=VECTOR('',#3145,1000.);
#2005=VECTOR('',#3146,1000.);
#2006=VECTOR('',#3147,1000.);
#2007=VECTOR('',#3148,1000.);
#2008=VECTOR('',#3149,1000.);
#2009=VECTOR('',#3152,1000.);
#2010=VECTOR('',#3153,1000.);
#2011=VECTOR('',#3154,1000.);
#2012=VECTOR('',#3155,1000.);
#2013=VECTOR('',#3158,1000.);
#2014=VECTOR('',#3159,1000.);
#2015=VECTOR('',#3160,1000.);
#2016=VECTOR('',#3161,1000.);
#2017=VECTOR('',#3162,1000.);
#2018=VECTOR('',#3165,1000.);
#2019=VECTOR('',#3166,1000.);
#2020=VECTOR('',#3169,1000.);
#2021=VECTOR('',#3172,1000.);
#2022=VECTOR('',#3179,1000.);
#2023=VECTOR('',#3184,1000.);
#2024=VECTOR('',#3185,1000.);
#2025=VECTOR('',#3186,1000.);
#2026=VECTOR('',#3187,1000.);
#2027=VECTOR('',#3192,1000.);
#2028=VECTOR('',#3193,1000.);
#2029=VECTOR('',#3194,1000.);
#2030=VECTOR('',#3195,1000.);
#2031=VECTOR('',#3200,1000.);
#2032=VECTOR('',#3201,1000.);
#2033=VECTOR('',#3208,1000.);
#2034=VECTOR('',#3211,1000.);
#2035=VECTOR('',#3216,1000.);
#2036=VECTOR('',#3219,1000.);
#2037=VECTOR('',#3224,1000.);
#2038=VECTOR('',#3225,1000.);
#2039=VECTOR('',#3226,1000.);
#2040=VECTOR('',#3229,1000.);
#2041=VECTOR('',#3230,1000.);
#2042=VECTOR('',#3233,1000.);
#2043=VECTOR('',#3234,1000.);
#2044=VECTOR('',#3237,1000.);
#2045=VECTOR('',#3238,1000.);
#2046=VECTOR('',#3241,1000.);
#2047=VECTOR('',#3242,1000.);
#2048=VECTOR('',#3245,1000.);
#2049=VECTOR('',#3246,1000.);
#2050=VECTOR('',#3249,1000.);
#2051=VECTOR('',#3250,1000.);
#2052=VECTOR('',#3253,1000.);
#2053=VECTOR('',#3254,1000.);
#2054=VECTOR('',#3257,1000.);
#2055=VECTOR('',#3258,1000.);
#2056=VECTOR('',#3261,1000.);
#2057=VECTOR('',#3262,1000.);
#2058=VECTOR('',#3265,1000.);
#2059=VECTOR('',#3266,1000.);
#2060=VECTOR('',#3269,1000.);
#2061=VECTOR('',#3270,1000.);
#2062=VECTOR('',#3271,1000.);
#2063=VECTOR('',#3274,1000.);
#2064=VECTOR('',#3277,1000.);
#2065=VECTOR('',#3278,1000.);
#2066=VECTOR('',#3279,1000.);
#2067=VECTOR('',#3282,1000.);
#2068=VECTOR('',#3283,1000.);
#2069=VECTOR('',#3284,1000.);
#2070=VECTOR('',#3289,1000.);
#2071=VECTOR('',#3292,1000.);
#2072=VECTOR('',#3299,1000.);
#2073=VECTOR('',#3300,1000.);
#2074=VECTOR('',#3303,1000.);
#2075=VECTOR('',#3308,1000.);
#2076=VECTOR('',#3309,1000.);
#2077=VECTOR('',#3310,1000.);
#2078=VECTOR('',#3313,1000.);
#2079=VECTOR('',#3314,1000.);
#2080=VECTOR('',#3317,1000.);
#2081=VECTOR('',#3320,1000.);
#2082=VECTOR('',#3321,1000.);
#2083=VECTOR('',#3322,1000.);
#2084=VECTOR('',#3323,1000.);
#2085=VECTOR('',#3324,1000.);
#2086=VECTOR('',#3325,1000.);
#2087=VECTOR('',#3332,1000.);
#2088=VECTOR('',#3333,1000.);
#2089=VECTOR('',#3334,1000.);
#2090=VECTOR('',#3335,1000.);
#2091=VECTOR('',#3336,1000.);
#2092=VECTOR('',#3337,1000.);
#2093=VECTOR('',#3340,1000.);
#2094=VECTOR('',#3343,1000.);
#2095=VECTOR('',#3344,1000.);
#2096=VECTOR('',#3347,1000.);
#2097=VECTOR('',#3348,1000.);
#2098=VECTOR('',#3351,1000.);
#2099=VECTOR('',#3354,1000.);
#2100=VECTOR('',#3357,1000.);
#2101=VECTOR('',#3362,1000.);
#2102=VECTOR('',#3365,1000.);
#2103=VECTOR('',#3368,1000.);
#2104=VECTOR('',#3371,1000.);
#2105=VECTOR('',#3374,1000.);
#2106=VECTOR('',#3377,1000.);
#2107=VECTOR('',#3382,1000.);
#2108=VECTOR('',#3383,1000.);
#2109=VECTOR('',#3384,1000.);
#2110=VECTOR('',#3387,1000.);
#2111=VECTOR('',#3388,1000.);
#2112=VECTOR('',#3391,1000.);
#2113=VECTOR('',#3394,1000.);
#2114=VECTOR('',#3395,1000.);
#2115=VECTOR('',#3396,1000.);
#2116=VECTOR('',#3397,1000.);
#2117=VECTOR('',#3398,1000.);
#2118=VECTOR('',#3399,1000.);
#2119=VECTOR('',#3406,1000.);
#2120=VECTOR('',#3407,1000.);
#2121=VECTOR('',#3408,1000.);
#2122=VECTOR('',#3409,1000.);
#2123=VECTOR('',#3410,1000.);
#2124=VECTOR('',#3411,1000.);
#2125=VECTOR('',#3414,1000.);
#2126=VECTOR('',#3417,1000.);
#2127=VECTOR('',#3418,1000.);
#2128=VECTOR('',#3421,1000.);
#2129=VECTOR('',#3422,1000.);
#2130=VECTOR('',#3425,1000.);
#2131=VECTOR('',#3428,1000.);
#2132=VECTOR('',#3431,1000.);
#2133=VECTOR('',#3436,1000.);
#2134=VECTOR('',#3439,1000.);
#2135=VECTOR('',#3442,1000.);
#2136=VECTOR('',#3445,1000.);
#2137=VECTOR('',#3448,1000.);
#2138=VECTOR('',#3451,1000.);
#2139=VECTOR('',#3458,1000.);
#2140=VECTOR('',#3459,1000.);
#2141=VECTOR('',#3460,1000.);
#2142=VECTOR('',#3461,1000.);
#2143=VECTOR('',#3464,1000.);
#2144=VECTOR('',#3465,1000.);
#2145=VECTOR('',#3466,1000.);
#2146=VECTOR('',#3467,1000.);
#2147=VECTOR('',#3470,1000.);
#2148=VECTOR('',#3471,1000.);
#2149=VECTOR('',#3472,1000.);
#2150=VECTOR('',#3473,1000.);
#2151=VECTOR('',#3476,1000.);
#2152=VECTOR('',#3477,1000.);
#2153=VECTOR('',#3478,1000.);
#2154=VECTOR('',#3479,1000.);
#2155=VECTOR('',#3482,1000.);
#2156=VECTOR('',#3483,1000.);
#2157=VECTOR('',#3486,1000.);
#2158=VECTOR('',#3487,1000.);
#2159=VECTOR('',#3490,1000.);
#2160=VECTOR('',#3491,1000.);
#2161=VECTOR('',#3492,1000.);
#2162=VECTOR('',#3493,1000.);
#2163=VECTOR('',#3498,1000.);
#2164=VECTOR('',#3507,1000.);
#2165=VECTOR('',#3514,1000.);
#2166=VECTOR('',#3517,1000.);
#2167=VECTOR('',#3518,1000.);
#2168=VECTOR('',#3519,1000.);
#2169=VECTOR('',#3522,1000.);
#2170=VECTOR('',#3523,1000.);
#2171=VECTOR('',#3524,1000.);
#2172=VECTOR('',#3527,1000.);
#2173=VECTOR('',#3528,1000.);
#2174=VECTOR('',#3529,1000.);
#2175=VECTOR('',#3532,1000.);
#2176=VECTOR('',#3533,1000.);
#2177=VECTOR('',#3534,1000.);
#2178=VECTOR('',#3537,1000.);
#2179=VECTOR('',#3538,1000.);
#2180=VECTOR('',#3539,1000.);
#2181=VECTOR('',#3542,1000.);
#2182=VECTOR('',#3543,1000.);
#2183=VECTOR('',#3544,1000.);
#2184=VECTOR('',#3547,1000.);
#2185=VECTOR('',#3548,1000.);
#2186=VECTOR('',#3549,1000.);
#2187=VECTOR('',#3550,1000.);
#2188=VECTOR('',#3551,1000.);
#2189=VECTOR('',#3552,1000.);
#2190=VECTOR('',#3553,1000.);
#2191=VECTOR('',#3554,1000.);
#2192=VECTOR('',#3555,1000.);
#2193=VECTOR('',#3558,1000.);
#2194=VECTOR('',#3559,1000.);
#2195=VECTOR('',#3560,1000.);
#2196=VECTOR('',#3561,1000.);
#2197=VECTOR('',#3562,1000.);
#2198=VECTOR('',#3565,1000.);
#2199=VECTOR('',#3566,1000.);
#2200=VECTOR('',#3567,1000.);
#2201=VECTOR('',#3570,1000.);
#2202=VECTOR('',#3571,1000.);
#2203=VECTOR('',#3578,1000.);
#2204=VECTOR('',#3581,1000.);
#2205=VECTOR('',#3584,1000.);
#2206=VECTOR('',#3587,1000.);
#2207=VECTOR('',#3596,1000.);
#2208=VECTOR('',#3597,1000.);
#2209=VECTOR('',#3598,1000.);
#2210=VECTOR('',#3599,1000.);
#2211=VECTOR('',#3602,1000.);
#2212=VECTOR('',#3603,1000.);
#2213=VECTOR('',#3604,1000.);
#2214=VECTOR('',#3605,1000.);
#2215=VECTOR('',#3608,1000.);
#2216=VECTOR('',#3609,1000.);
#2217=VECTOR('',#3610,1000.);
#2218=VECTOR('',#3611,1000.);
#2219=VECTOR('',#3614,1000.);
#2220=VECTOR('',#3615,1000.);
#2221=VECTOR('',#3616,1000.);
#2222=VECTOR('',#3617,1000.);
#2223=VECTOR('',#3618,1000.);
#2224=VECTOR('',#3619,1000.);
#2225=VECTOR('',#3620,1000.);
#2226=VECTOR('',#3621,1000.);
#2227=VECTOR('',#3622,1000.);
#2228=VECTOR('',#3623,1000.);
#2229=VECTOR('',#3624,1000.);
#2230=VECTOR('',#3625,1000.);
#2231=VECTOR('',#3628,1000.);
#2232=VECTOR('',#3629,1000.);
#2233=VECTOR('',#3630,1000.);
#2234=VECTOR('',#3633,1000.);
#2235=VECTOR('',#3634,1000.);
#2236=VECTOR('',#3635,1000.);
#2237=VECTOR('',#3638,1000.);
#2238=VECTOR('',#3639,1000.);
#2239=VECTOR('',#3640,1000.);
#2240=VECTOR('',#3647,1000.);
#2241=VECTOR('',#3652,1000.);
#2242=VECTOR('',#3659,1000.);
#2243=VECTOR('',#3664,1000.);
#2244=VECTOR('',#3665,1000.);
#2245=VECTOR('',#3668,1000.);
#2246=VECTOR('',#3669,1000.);
#2247=VECTOR('',#3672,1000.);
#2248=VECTOR('',#3673,1000.);
#2249=VECTOR('',#3676,1000.);
#2250=VECTOR('',#3677,1000.);
#2251=VECTOR('',#3678,1000.);
#2252=VECTOR('',#3679,1000.);
#2253=VECTOR('',#3686,1000.);
#2254=VECTOR('',#3689,1000.);
#2255=VECTOR('',#3694,1000.);
#2256=VECTOR('',#3695,1000.);
#2257=EDGE_LOOP('',(#78,#79,#80,#81,#82,#83,#84,#85,#86,#87,#88,#89,#90,
#91,#92,#93,#94,#95,#96,#97,#98,#99,#100,#101,#102,#103,#104,#105,#106,
#107,#108,#109,#110,#111,#112,#113,#114,#115));
#2258=EDGE_LOOP('',(#116,#117,#118,#119,#120,#121,#122));
#2259=EDGE_LOOP('',(#123,#124,#125,#126));
#2260=EDGE_LOOP('',(#127,#128,#129,#130,#131,#132));
#2261=EDGE_LOOP('',(#133,#134,#135,#136,#137,#138));
#2262=EDGE_LOOP('',(#139,#140,#141,#142));
#2263=EDGE_LOOP('',(#143,#144,#145,#146));
#2264=EDGE_LOOP('',(#147,#148,#149,#150));
#2265=EDGE_LOOP('',(#151,#152,#153,#154));
#2266=EDGE_LOOP('',(#155,#156,#157,#158));
#2267=EDGE_LOOP('',(#159,#160,#161,#162));
#2268=EDGE_LOOP('',(#163,#164,#165,#166,#167,#168,#169,#170,#171,#172,#173,
#174,#175,#176,#177,#178,#179,#180,#181,#182));
#2269=EDGE_LOOP('',(#183,#184,#185,#186,#187,#188,#189,#190));
#2270=EDGE_LOOP('',(#191,#192,#193,#194,#195,#196,#197,#198));
#2271=EDGE_LOOP('',(#199,#200,#201,#202));
#2272=EDGE_LOOP('',(#203,#204,#205,#206,#207,#208,#209,#210,#211,#212,#213,
#214,#215,#216,#217,#218));
#2273=EDGE_LOOP('',(#219,#220,#221,#222,#223,#224,#225,#226));
#2274=EDGE_LOOP('',(#227,#228,#229,#230,#231,#232,#233,#234));
#2275=EDGE_LOOP('',(#235,#236,#237,#238));
#2276=EDGE_LOOP('',(#239,#240,#241,#242));
#2277=EDGE_LOOP('',(#243,#244,#245,#246));
#2278=EDGE_LOOP('',(#247,#248,#249,#250));
#2279=EDGE_LOOP('',(#251,#252,#253,#254,#255));
#2280=EDGE_LOOP('',(#256,#257,#258,#259,#260));
#2281=EDGE_LOOP('',(#261,#262,#263,#264));
#2282=EDGE_LOOP('',(#265,#266,#267,#268,#269,#270,#271,#272));
#2283=EDGE_LOOP('',(#273,#274,#275,#276,#277,#278));
#2284=EDGE_LOOP('',(#279,#280,#281,#282,#283,#284,#285,#286));
#2285=EDGE_LOOP('',(#287,#288,#289,#290,#291,#292));
#2286=EDGE_LOOP('',(#293,#294,#295,#296));
#2287=EDGE_LOOP('',(#297,#298,#299,#300));
#2288=EDGE_LOOP('',(#301,#302,#303,#304));
#2289=EDGE_LOOP('',(#305,#306,#307,#308));
#2290=EDGE_LOOP('',(#309,#310,#311,#312));
#2291=EDGE_LOOP('',(#313,#314,#315,#316));
#2292=EDGE_LOOP('',(#317,#318,#319,#320));
#2293=EDGE_LOOP('',(#321,#322,#323,#324));
#2294=EDGE_LOOP('',(#325,#326,#327,#328));
#2295=EDGE_LOOP('',(#329,#330,#331,#332));
#2296=EDGE_LOOP('',(#333,#334,#335,#336));
#2297=EDGE_LOOP('',(#337,#338,#339,#340));
#2298=EDGE_LOOP('',(#341,#342,#343,#344));
#2299=EDGE_LOOP('',(#345,#346,#347,#348));
#2300=EDGE_LOOP('',(#349,#350,#351,#352));
#2301=EDGE_LOOP('',(#353,#354,#355,#356));
#2302=EDGE_LOOP('',(#357,#358,#359,#360));
#2303=EDGE_LOOP('',(#361,#362,#363,#364));
#2304=EDGE_LOOP('',(#365,#366,#367,#368));
#2305=EDGE_LOOP('',(#369,#370,#371,#372));
#2306=EDGE_LOOP('',(#373,#374,#375,#376));
#2307=EDGE_LOOP('',(#377,#378,#379,#380));
#2308=EDGE_LOOP('',(#381,#382,#383,#384,#385,#386,#387,#388,#389,#390));
#2309=EDGE_LOOP('',(#391,#392,#393,#394,#395,#396,#397,#398,#399,#400));
#2310=EDGE_LOOP('',(#401,#402,#403,#404,#405,#406,#407,#408,#409,#410,#411,
#412,#413,#414,#415,#416));
#2311=EDGE_LOOP('',(#417,#418,#419,#420));
#2312=EDGE_LOOP('',(#421,#422,#423,#424));
#2313=EDGE_LOOP('',(#425,#426,#427,#428));
#2314=EDGE_LOOP('',(#429,#430,#431,#432));
#2315=EDGE_LOOP('',(#433,#434,#435,#436));
#2316=EDGE_LOOP('',(#437,#438,#439,#440));
#2317=EDGE_LOOP('',(#441,#442,#443));
#2318=EDGE_LOOP('',(#444,#445,#446,#447));
#2319=EDGE_LOOP('',(#448,#449,#450,#451,#452,#453,#454,#455,#456,#457,#458,
#459,#460,#461,#462));
#2320=EDGE_LOOP('',(#463,#464,#465,#466,#467,#468,#469,#470,#471,#472,#473,
#474,#475,#476,#477));
#2321=EDGE_LOOP('',(#478,#479,#480,#481));
#2322=EDGE_LOOP('',(#482,#483,#484,#485));
#2323=EDGE_LOOP('',(#486,#487,#488,#489));
#2324=EDGE_LOOP('',(#490,#491,#492,#493));
#2325=EDGE_LOOP('',(#494,#495,#496,#497));
#2326=EDGE_LOOP('',(#498,#499,#500,#501));
#2327=EDGE_LOOP('',(#502,#503,#504,#505));
#2328=EDGE_LOOP('',(#506,#507,#508,#509));
#2329=EDGE_LOOP('',(#510,#511,#512,#513));
#2330=EDGE_LOOP('',(#514,#515,#516,#517));
#2331=EDGE_LOOP('',(#518,#519,#520,#521));
#2332=EDGE_LOOP('',(#522,#523,#524,#525));
#2333=EDGE_LOOP('',(#526,#527,#528,#529));
#2334=EDGE_LOOP('',(#530,#531,#532,#533,#534,#535,#536,#537,#538,#539,#540,
#541,#542,#543,#544));
#2335=EDGE_LOOP('',(#545,#546,#547,#548,#549,#550,#551,#552,#553,#554,#555,
#556,#557,#558,#559));
#2336=EDGE_LOOP('',(#560,#561,#562,#563));
#2337=EDGE_LOOP('',(#564,#565,#566,#567));
#2338=EDGE_LOOP('',(#568,#569,#570,#571));
#2339=EDGE_LOOP('',(#572,#573,#574,#575));
#2340=EDGE_LOOP('',(#576,#577,#578,#579));
#2341=EDGE_LOOP('',(#580,#581,#582,#583));
#2342=EDGE_LOOP('',(#584,#585,#586,#587));
#2343=EDGE_LOOP('',(#588,#589,#590,#591));
#2344=EDGE_LOOP('',(#592,#593,#594,#595));
#2345=EDGE_LOOP('',(#596,#597,#598,#599));
#2346=EDGE_LOOP('',(#600,#601,#602,#603));
#2347=EDGE_LOOP('',(#604,#605,#606,#607));
#2348=EDGE_LOOP('',(#608,#609,#610,#611));
#2349=EDGE_LOOP('',(#612,#613,#614,#615));
#2350=EDGE_LOOP('',(#616,#617,#618,#619));
#2351=EDGE_LOOP('',(#620,#621,#622,#623));
#2352=EDGE_LOOP('',(#624,#625,#626,#627));
#2353=EDGE_LOOP('',(#628,#629,#630,#631));
#2354=EDGE_LOOP('',(#632,#633,#634,#635));
#2355=EDGE_LOOP('',(#636,#637,#638,#639));
#2356=EDGE_LOOP('',(#640,#641,#642,#643));
#2357=EDGE_LOOP('',(#644,#645,#646,#647));
#2358=EDGE_LOOP('',(#648,#649,#650,#651));
#2359=EDGE_LOOP('',(#652,#653,#654,#655));
#2360=EDGE_LOOP('',(#656,#657,#658,#659));
#2361=EDGE_LOOP('',(#660,#661,#662,#663));
#2362=EDGE_LOOP('',(#664,#665,#666,#667));
#2363=EDGE_LOOP('',(#668,#669,#670,#671));
#2364=EDGE_LOOP('',(#672,#673,#674,#675,#676,#677,#678,#679,#680,#681,#682,
#683));
#2365=EDGE_LOOP('',(#684,#685,#686,#687,#688,#689,#690,#691));
#2366=EDGE_LOOP('',(#692,#693,#694,#695));
#2367=EDGE_LOOP('',(#696,#697,#698,#699));
#2368=EDGE_LOOP('',(#700,#701,#702,#703,#704,#705,#706,#707));
#2369=EDGE_LOOP('',(#708,#709,#710,#711,#712,#713,#714,#715));
#2370=EDGE_LOOP('',(#716,#717,#718,#719,#720,#721,#722,#723));
#2371=EDGE_LOOP('',(#724,#725,#726,#727,#728,#729,#730,#731));
#2372=EDGE_LOOP('',(#732,#733,#734,#735,#736,#737,#738,#739));
#2373=EDGE_LOOP('',(#740,#741,#742,#743,#744,#745,#746,#747));
#2374=EDGE_LOOP('',(#748,#749,#750,#751));
#2375=EDGE_LOOP('',(#752,#753,#754,#755));
#2376=EDGE_LOOP('',(#756,#757,#758,#759));
#2377=EDGE_LOOP('',(#760,#761,#762,#763));
#2378=EDGE_LOOP('',(#764,#765,#766,#767));
#2379=EDGE_LOOP('',(#768,#769,#770,#771,#772,#773,#774,#775,#776,#777,#778,
#779));
#2380=EDGE_LOOP('',(#780,#781,#782,#783));
#2381=EDGE_LOOP('',(#784,#785,#786,#787));
#2382=EDGE_LOOP('',(#788,#789,#790,#791));
#2383=EDGE_LOOP('',(#792,#793,#794,#795));
#2384=EDGE_LOOP('',(#796,#797,#798,#799));
#2385=EDGE_LOOP('',(#800,#801,#802,#803));
#2386=EDGE_LOOP('',(#804,#805,#806,#807));
#2387=EDGE_LOOP('',(#808,#809,#810,#811));
#2388=EDGE_LOOP('',(#812,#813,#814,#815));
#2389=EDGE_LOOP('',(#816,#817,#818,#819,#820,#821,#822,#823));
#2390=EDGE_LOOP('',(#824,#825,#826,#827,#828,#829));
#2391=EDGE_LOOP('',(#830,#831,#832,#833,#834,#835));
#2392=EDGE_LOOP('',(#836,#837,#838,#839,#840,#841));
#2393=EDGE_LOOP('',(#842,#843,#844,#845,#846,#847));
#2394=EDGE_LOOP('',(#848,#849,#850,#851));
#2395=EDGE_LOOP('',(#852,#853,#854,#855));
#2396=EDGE_LOOP('',(#856,#857,#858,#859,#860,#861));
#2397=EDGE_LOOP('',(#862,#863,#864,#865,#866,#867));
#2398=FACE_BOUND('',#2257,.T.);
#2399=FACE_BOUND('',#2258,.T.);
#2400=FACE_BOUND('',#2259,.T.);
#2401=FACE_BOUND('',#2260,.T.);
#2402=FACE_BOUND('',#2261,.T.);
#2403=FACE_BOUND('',#2262,.T.);
#2404=FACE_BOUND('',#2263,.T.);
#2405=FACE_BOUND('',#2264,.T.);
#2406=FACE_BOUND('',#2265,.T.);
#2407=FACE_BOUND('',#2266,.T.);
#2408=FACE_BOUND('',#2267,.T.);
#2409=FACE_BOUND('',#2268,.T.);
#2410=FACE_BOUND('',#2269,.T.);
#2411=FACE_BOUND('',#2270,.T.);
#2412=FACE_BOUND('',#2271,.T.);
#2413=FACE_BOUND('',#2272,.T.);
#2414=FACE_BOUND('',#2273,.T.);
#2415=FACE_BOUND('',#2274,.T.);
#2416=FACE_BOUND('',#2275,.T.);
#2417=FACE_BOUND('',#2276,.T.);
#2418=FACE_BOUND('',#2277,.T.);
#2419=FACE_BOUND('',#2278,.T.);
#2420=FACE_BOUND('',#2279,.T.);
#2421=FACE_BOUND('',#2280,.T.);
#2422=FACE_BOUND('',#2281,.T.);
#2423=FACE_BOUND('',#2282,.T.);
#2424=FACE_BOUND('',#2283,.T.);
#2425=FACE_BOUND('',#2284,.T.);
#2426=FACE_BOUND('',#2285,.T.);
#2427=FACE_BOUND('',#2286,.T.);
#2428=FACE_BOUND('',#2287,.T.);
#2429=FACE_BOUND('',#2288,.T.);
#2430=FACE_BOUND('',#2289,.T.);
#2431=FACE_BOUND('',#2290,.T.);
#2432=FACE_BOUND('',#2291,.T.);
#2433=FACE_BOUND('',#2292,.T.);
#2434=FACE_BOUND('',#2293,.T.);
#2435=FACE_BOUND('',#2294,.T.);
#2436=FACE_BOUND('',#2295,.T.);
#2437=FACE_BOUND('',#2296,.T.);
#2438=FACE_BOUND('',#2297,.T.);
#2439=FACE_BOUND('',#2298,.T.);
#2440=FACE_BOUND('',#2299,.T.);
#2441=FACE_BOUND('',#2300,.T.);
#2442=FACE_BOUND('',#2301,.T.);
#2443=FACE_BOUND('',#2302,.T.);
#2444=FACE_BOUND('',#2303,.T.);
#2445=FACE_BOUND('',#2304,.T.);
#2446=FACE_BOUND('',#2305,.T.);
#2447=FACE_BOUND('',#2306,.T.);
#2448=FACE_BOUND('',#2307,.T.);
#2449=FACE_BOUND('',#2308,.T.);
#2450=FACE_BOUND('',#2309,.T.);
#2451=FACE_BOUND('',#2310,.T.);
#2452=FACE_BOUND('',#2311,.T.);
#2453=FACE_BOUND('',#2312,.T.);
#2454=FACE_BOUND('',#2313,.T.);
#2455=FACE_BOUND('',#2314,.T.);
#2456=FACE_BOUND('',#2315,.T.);
#2457=FACE_BOUND('',#2316,.T.);
#2458=FACE_BOUND('',#2317,.T.);
#2459=FACE_BOUND('',#2318,.T.);
#2460=FACE_BOUND('',#2319,.T.);
#2461=FACE_BOUND('',#2320,.T.);
#2462=FACE_BOUND('',#2321,.T.);
#2463=FACE_BOUND('',#2322,.T.);
#2464=FACE_BOUND('',#2323,.T.);
#2465=FACE_BOUND('',#2324,.T.);
#2466=FACE_BOUND('',#2325,.T.);
#2467=FACE_BOUND('',#2326,.T.);
#2468=FACE_BOUND('',#2327,.T.);
#2469=FACE_BOUND('',#2328,.T.);
#2470=FACE_BOUND('',#2329,.T.);
#2471=FACE_BOUND('',#2330,.T.);
#2472=FACE_BOUND('',#2331,.T.);
#2473=FACE_BOUND('',#2332,.T.);
#2474=FACE_BOUND('',#2333,.T.);
#2475=FACE_BOUND('',#2334,.T.);
#2476=FACE_BOUND('',#2335,.T.);
#2477=FACE_BOUND('',#2336,.T.);
#2478=FACE_BOUND('',#2337,.T.);
#2479=FACE_BOUND('',#2338,.T.);
#2480=FACE_BOUND('',#2339,.T.);
#2481=FACE_BOUND('',#2340,.T.);
#2482=FACE_BOUND('',#2341,.T.);
#2483=FACE_BOUND('',#2342,.T.);
#2484=FACE_BOUND('',#2343,.T.);
#2485=FACE_BOUND('',#2344,.T.);
#2486=FACE_BOUND('',#2345,.T.);
#2487=FACE_BOUND('',#2346,.T.);
#2488=FACE_BOUND('',#2347,.T.);
#2489=FACE_BOUND('',#2348,.T.);
#2490=FACE_BOUND('',#2349,.T.);
#2491=FACE_BOUND('',#2350,.T.);
#2492=FACE_BOUND('',#2351,.T.);
#2493=FACE_BOUND('',#2352,.T.);
#2494=FACE_BOUND('',#2353,.T.);
#2495=FACE_BOUND('',#2354,.T.);
#2496=FACE_BOUND('',#2355,.T.);
#2497=FACE_BOUND('',#2356,.T.);
#2498=FACE_BOUND('',#2357,.T.);
#2499=FACE_BOUND('',#2358,.T.);
#2500=FACE_BOUND('',#2359,.T.);
#2501=FACE_BOUND('',#2360,.T.);
#2502=FACE_BOUND('',#2361,.T.);
#2503=FACE_BOUND('',#2362,.T.);
#2504=FACE_BOUND('',#2363,.T.);
#2505=FACE_BOUND('',#2364,.T.);
#2506=FACE_BOUND('',#2365,.T.);
#2507=FACE_BOUND('',#2366,.T.);
#2508=FACE_BOUND('',#2367,.T.);
#2509=FACE_BOUND('',#2368,.T.);
#2510=FACE_BOUND('',#2369,.T.);
#2511=FACE_BOUND('',#2370,.T.);
#2512=FACE_BOUND('',#2371,.T.);
#2513=FACE_BOUND('',#2372,.T.);
#2514=FACE_BOUND('',#2373,.T.);
#2515=FACE_BOUND('',#2374,.T.);
#2516=FACE_BOUND('',#2375,.T.);
#2517=FACE_BOUND('',#2376,.T.);
#2518=FACE_BOUND('',#2377,.T.);
#2519=FACE_BOUND('',#2378,.T.);
#2520=FACE_BOUND('',#2379,.T.);
#2521=FACE_BOUND('',#2380,.T.);
#2522=FACE_BOUND('',#2381,.T.);
#2523=FACE_BOUND('',#2382,.T.);
#2524=FACE_BOUND('',#2383,.T.);
#2525=FACE_BOUND('',#2384,.T.);
#2526=FACE_BOUND('',#2385,.T.);
#2527=FACE_BOUND('',#2386,.T.);
#2528=FACE_BOUND('',#2387,.T.);
#2529=FACE_BOUND('',#2388,.T.);
#2530=FACE_BOUND('',#2389,.T.);
#2531=FACE_BOUND('',#2390,.T.);
#2532=FACE_BOUND('',#2391,.T.);
#2533=FACE_BOUND('',#2392,.T.);
#2534=FACE_BOUND('',#2393,.T.);
#2535=FACE_BOUND('',#2394,.T.);
#2536=FACE_BOUND('',#2395,.T.);
#2537=FACE_BOUND('',#2396,.T.);
#2538=FACE_BOUND('',#2397,.T.);
#2539=PLANE('',#2820);
#2540=PLANE('',#2821);
#2541=PLANE('',#2822);
#2542=PLANE('',#2825);
#2543=PLANE('',#2828);
#2544=PLANE('',#2829);
#2545=PLANE('',#2830);
#2546=PLANE('',#2831);
#2547=PLANE('',#2832);
#2548=PLANE('',#2833);
#2549=PLANE('',#2834);
#2550=PLANE('',#2835);
#2551=PLANE('',#2836);
#2552=PLANE('',#2837);
#2553=PLANE('',#2838);
#2554=PLANE('',#2839);
#2555=PLANE('',#2840);
#2556=PLANE('',#2841);
#2557=PLANE('',#2842);
#2558=PLANE('',#2843);
#2559=PLANE('',#2844);
#2560=PLANE('',#2845);
#2561=PLANE('',#2846);
#2562=PLANE('',#2847);
#2563=PLANE('',#2848);
#2564=PLANE('',#2849);
#2565=PLANE('',#2850);
#2566=PLANE('',#2851);
#2567=PLANE('',#2852);
#2568=PLANE('',#2853);
#2569=PLANE('',#2854);
#2570=PLANE('',#2855);
#2571=PLANE('',#2856);
#2572=PLANE('',#2857);
#2573=PLANE('',#2858);
#2574=PLANE('',#2859);
#2575=PLANE('',#2860);
#2576=PLANE('',#2861);
#2577=PLANE('',#2862);
#2578=PLANE('',#2863);
#2579=PLANE('',#2864);
#2580=PLANE('',#2865);
#2581=PLANE('',#2866);
#2582=PLANE('',#2867);
#2583=PLANE('',#2868);
#2584=PLANE('',#2869);
#2585=PLANE('',#2870);
#2586=PLANE('',#2871);
#2587=PLANE('',#2872);
#2588=PLANE('',#2873);
#2589=PLANE('',#2874);
#2590=PLANE('',#2875);
#2591=PLANE('',#2876);
#2592=PLANE('',#2878);
#2593=PLANE('',#2880);
#2594=PLANE('',#2881);
#2595=PLANE('',#2882);
#2596=PLANE('',#2883);
#2597=PLANE('',#2884);
#2598=PLANE('',#2885);
#2599=PLANE('',#2889);
#2600=PLANE('',#2893);
#2601=PLANE('',#2894);
#2602=PLANE('',#2895);
#2603=PLANE('',#2896);
#2604=PLANE('',#2898);
#2605=PLANE('',#2899);
#2606=PLANE('',#2901);
#2607=PLANE('',#2903);
#2608=PLANE('',#2904);
#2609=PLANE('',#2905);
#2610=PLANE('',#2906);
#2611=PLANE('',#2910);
#2612=PLANE('',#2914);
#2613=PLANE('',#2915);
#2614=PLANE('',#2916);
#2615=PLANE('',#2917);
#2616=PLANE('',#2919);
#2617=PLANE('',#2920);
#2618=PLANE('',#2922);
#2619=PLANE('',#2924);
#2620=PLANE('',#2925);
#2621=PLANE('',#2927);
#2622=PLANE('',#2928);
#2623=PLANE('',#2929);
#2624=PLANE('',#2930);
#2625=PLANE('',#2931);
#2626=PLANE('',#2932);
#2627=PLANE('',#2933);
#2628=PLANE('',#2943);
#2629=PLANE('',#2944);
#2630=PLANE('',#2945);
#2631=PLANE('',#2946);
#2632=PLANE('',#2947);
#2633=PLANE('',#2948);
#2634=PLANE('',#2949);
#2635=PLANE('',#2950);
#2636=PLANE('',#2951);
#2637=PLANE('',#2952);
#2638=PLANE('',#2953);
#2639=PLANE('',#2954);
#2640=PLANE('',#2955);
#2641=PLANE('',#2956);
#2642=PLANE('',#2957);
#2643=PLANE('',#2958);
#2644=PLANE('',#2959);
#2645=PLANE('',#2960);
#2646=PLANE('',#2962);
#2647=PLANE('',#2963);
#2648=PLANE('',#2964);
#2649=PLANE('',#2965);
#2650=PLANE('',#2966);
#2651=PLANE('',#2967);
#2652=PLANE('',#2968);
#2653=PLANE('',#2978);
#2654=PLANE('',#2979);
#2655=PLANE('',#2980);
#2656=PLANE('',#2981);
#2657=PLANE('',#2982);
#2658=PLANE('',#2983);
#2659=PLANE('',#2984);
#2660=PLANE('',#2985);
#2661=PLANE('',#2986);
#2662=PLANE('',#2987);
#2663=PLANE('',#2988);
#2664=PLANE('',#2989);
#2665=ADVANCED_FACE('',(#2398),#2539,.F.);
#2666=ADVANCED_FACE('',(#2399),#2540,.T.);
#2667=ADVANCED_FACE('',(#2400,#2401),#2541,.F.);
#2668=ADVANCED_FACE('',(#2402),#2542,.F.);
#2669=ADVANCED_FACE('',(#2403),#2543,.F.);
#2670=ADVANCED_FACE('',(#2404),#2544,.F.);
#2671=ADVANCED_FACE('',(#2405),#2545,.F.);
#2672=ADVANCED_FACE('',(#2406),#2546,.F.);
#2673=ADVANCED_FACE('',(#2407),#2547,.F.);
#2674=ADVANCED_FACE('',(#2408),#2548,.F.);
#2675=ADVANCED_FACE('',(#2409),#2549,.F.);
#2676=ADVANCED_FACE('',(#2410),#2550,.T.);
#2677=ADVANCED_FACE('',(#2411),#2551,.F.);
#2678=ADVANCED_FACE('',(#2412),#2552,.F.);
#2679=ADVANCED_FACE('',(#2413),#2553,.F.);
#2680=ADVANCED_FACE('',(#2414),#2554,.F.);
#2681=ADVANCED_FACE('',(#2415),#2555,.F.);
#2682=ADVANCED_FACE('',(#2416),#2556,.F.);
#2683=ADVANCED_FACE('',(#2417),#2557,.F.);
#2684=ADVANCED_FACE('',(#2418),#2558,.F.);
#2685=ADVANCED_FACE('',(#2419),#2559,.F.);
#2686=ADVANCED_FACE('',(#2420),#2560,.T.);
#2687=ADVANCED_FACE('',(#2421),#2561,.T.);
#2688=ADVANCED_FACE('',(#2422),#2562,.T.);
#2689=ADVANCED_FACE('',(#2423),#2563,.T.);
#2690=ADVANCED_FACE('',(#2424),#2564,.T.);
#2691=ADVANCED_FACE('',(#2425),#2565,.T.);
#2692=ADVANCED_FACE('',(#2426),#2566,.T.);
#2693=ADVANCED_FACE('',(#2427),#2567,.T.);
#2694=ADVANCED_FACE('',(#2428),#2568,.T.);
#2695=ADVANCED_FACE('',(#2429),#2569,.T.);
#2696=ADVANCED_FACE('',(#2430),#2570,.T.);
#2697=ADVANCED_FACE('',(#2431),#2571,.T.);
#2698=ADVANCED_FACE('',(#2432),#2572,.T.);
#2699=ADVANCED_FACE('',(#2433),#2573,.T.);
#2700=ADVANCED_FACE('',(#2434),#2574,.T.);
#2701=ADVANCED_FACE('',(#2435),#2575,.T.);
#2702=ADVANCED_FACE('',(#2436),#2576,.F.);
#2703=ADVANCED_FACE('',(#2437),#2577,.F.);
#2704=ADVANCED_FACE('',(#2438),#2578,.F.);
#2705=ADVANCED_FACE('',(#2439),#2579,.F.);
#2706=ADVANCED_FACE('',(#2440),#2580,.F.);
#2707=ADVANCED_FACE('',(#2441),#2581,.F.);
#2708=ADVANCED_FACE('',(#2442),#2582,.F.);
#2709=ADVANCED_FACE('',(#2443),#2583,.F.);
#2710=ADVANCED_FACE('',(#2444),#2584,.F.);
#2711=ADVANCED_FACE('',(#2445),#2585,.F.);
#2712=ADVANCED_FACE('',(#2446),#2586,.F.);
#2713=ADVANCED_FACE('',(#2447),#2587,.F.);
#2714=ADVANCED_FACE('',(#2448),#2588,.F.);
#2715=ADVANCED_FACE('',(#2449),#2589,.F.);
#2716=ADVANCED_FACE('',(#2450),#2590,.F.);
#2717=ADVANCED_FACE('',(#2451),#2591,.T.);
#2718=ADVANCED_FACE('',(#2452),#36,.F.);
#2719=ADVANCED_FACE('',(#2453),#2592,.T.);
#2720=ADVANCED_FACE('',(#2454),#37,.F.);
#2721=ADVANCED_FACE('',(#2455),#2593,.T.);
#2722=ADVANCED_FACE('',(#2456),#2594,.T.);
#2723=ADVANCED_FACE('',(#2457),#2595,.T.);
#2724=ADVANCED_FACE('',(#2458),#2596,.F.);
#2725=ADVANCED_FACE('',(#2459),#2597,.F.);
#2726=ADVANCED_FACE('',(#2460),#2598,.T.);
#2727=ADVANCED_FACE('',(#2461),#2599,.F.);
#2728=ADVANCED_FACE('',(#2462),#2600,.F.);
#2729=ADVANCED_FACE('',(#2463),#2601,.F.);
#2730=ADVANCED_FACE('',(#2464),#2602,.F.);
#2731=ADVANCED_FACE('',(#2465),#2603,.F.);
#2732=ADVANCED_FACE('',(#2466),#38,.F.);
#2733=ADVANCED_FACE('',(#2467),#2604,.F.);
#2734=ADVANCED_FACE('',(#2468),#2605,.F.);
#2735=ADVANCED_FACE('',(#2469),#39,.F.);
#2736=ADVANCED_FACE('',(#2470),#2606,.F.);
#2737=ADVANCED_FACE('',(#2471),#40,.F.);
#2738=ADVANCED_FACE('',(#2472),#2607,.F.);
#2739=ADVANCED_FACE('',(#2473),#2608,.F.);
#2740=ADVANCED_FACE('',(#2474),#2609,.F.);
#2741=ADVANCED_FACE('',(#2475),#2610,.T.);
#2742=ADVANCED_FACE('',(#2476),#2611,.F.);
#2743=ADVANCED_FACE('',(#2477),#2612,.F.);
#2744=ADVANCED_FACE('',(#2478),#2613,.F.);
#2745=ADVANCED_FACE('',(#2479),#2614,.F.);
#2746=ADVANCED_FACE('',(#2480),#2615,.F.);
#2747=ADVANCED_FACE('',(#2481),#41,.F.);
#2748=ADVANCED_FACE('',(#2482),#2616,.F.);
#2749=ADVANCED_FACE('',(#2483),#2617,.F.);
#2750=ADVANCED_FACE('',(#2484),#42,.F.);
#2751=ADVANCED_FACE('',(#2485),#2618,.F.);
#2752=ADVANCED_FACE('',(#2486),#43,.F.);
#2753=ADVANCED_FACE('',(#2487),#2619,.F.);
#2754=ADVANCED_FACE('',(#2488),#2620,.F.);
#2755=ADVANCED_FACE('',(#2489),#2621,.F.);
#2756=ADVANCED_FACE('',(#2490),#2622,.F.);
#2757=ADVANCED_FACE('',(#2491),#2623,.F.);
#2758=ADVANCED_FACE('',(#2492),#2624,.F.);
#2759=ADVANCED_FACE('',(#2493),#2625,.F.);
#2760=ADVANCED_FACE('',(#2494),#2626,.F.);
#2761=ADVANCED_FACE('',(#2495),#2627,.F.);
#2762=ADVANCED_FACE('',(#2496),#44,.T.);
#2763=ADVANCED_FACE('',(#2497),#45,.T.);
#2764=ADVANCED_FACE('',(#2498),#46,.T.);
#2765=ADVANCED_FACE('',(#2499),#2628,.F.);
#2766=ADVANCED_FACE('',(#2500),#2629,.F.);
#2767=ADVANCED_FACE('',(#2501),#2630,.F.);
#2768=ADVANCED_FACE('',(#2502),#2631,.F.);
#2769=ADVANCED_FACE('',(#2503),#2632,.F.);
#2770=ADVANCED_FACE('',(#2504),#2633,.F.);
#2771=ADVANCED_FACE('',(#2505),#2634,.F.);
#2772=ADVANCED_FACE('',(#2506),#2635,.F.);
#2773=ADVANCED_FACE('',(#2507),#2636,.F.);
#2774=ADVANCED_FACE('',(#2508),#2637,.F.);
#2775=ADVANCED_FACE('',(#2509),#2638,.T.);
#2776=ADVANCED_FACE('',(#2510),#2639,.F.);
#2777=ADVANCED_FACE('',(#2511),#2640,.T.);
#2778=ADVANCED_FACE('',(#2512),#2641,.T.);
#2779=ADVANCED_FACE('',(#2513),#2642,.T.);
#2780=ADVANCED_FACE('',(#2514),#2643,.T.);
#2781=ADVANCED_FACE('',(#2515),#2644,.T.);
#2782=ADVANCED_FACE('',(#2516),#2645,.T.);
#2783=ADVANCED_FACE('',(#2517),#2646,.F.);
#2784=ADVANCED_FACE('',(#2518),#2647,.F.);
#2785=ADVANCED_FACE('',(#2519),#2648,.F.);
#2786=ADVANCED_FACE('',(#2520),#2649,.F.);
#2787=ADVANCED_FACE('',(#2521),#2650,.F.);
#2788=ADVANCED_FACE('',(#2522),#2651,.F.);
#2789=ADVANCED_FACE('',(#2523),#2652,.F.);
#2790=ADVANCED_FACE('',(#2524),#47,.T.);
#2791=ADVANCED_FACE('',(#2525),#48,.T.);
#2792=ADVANCED_FACE('',(#2526),#49,.T.);
#2793=ADVANCED_FACE('',(#2527),#2653,.F.);
#2794=ADVANCED_FACE('',(#2528),#2654,.F.);
#2795=ADVANCED_FACE('',(#2529),#2655,.F.);
#2796=ADVANCED_FACE('',(#2530),#2656,.F.);
#2797=ADVANCED_FACE('',(#2531),#2657,.T.);
#2798=ADVANCED_FACE('',(#2532),#2658,.F.);
#2799=ADVANCED_FACE('',(#2533),#2659,.T.);
#2800=ADVANCED_FACE('',(#2534),#2660,.T.);
#2801=ADVANCED_FACE('',(#2535),#2661,.T.);
#2802=ADVANCED_FACE('',(#2536),#2662,.T.);
#2803=ADVANCED_FACE('',(#2537),#2663,.T.);
#2804=ADVANCED_FACE('',(#2538),#2664,.T.);
#2805=CLOSED_SHELL('',(#2665,#2666,#2667,#2668,#2669,#2670,#2671,#2672,
#2673,#2674,#2675,#2676,#2677,#2678,#2679,#2680,#2681,#2682,#2683,#2684,
#2685,#2686,#2687,#2688,#2689,#2690,#2691,#2692,#2693,#2694,#2695,#2696,
#2697,#2698,#2699,#2700,#2701,#2702,#2703,#2704,#2705,#2706,#2707,#2708,
#2709,#2710,#2711,#2712,#2713,#2714,#2715,#2716,#2717,#2718,#2719,#2720,
#2721,#2722,#2723,#2724,#2725,#2726,#2727,#2728,#2729,#2730,#2731,#2732,
#2733,#2734,#2735,#2736,#2737,#2738,#2739,#2740,#2741,#2742,#2743,#2744,
#2745,#2746,#2747,#2748,#2749,#2750,#2751,#2752,#2753,#2754));
#2806=CLOSED_SHELL('',(#2755,#2756,#2757,#2758,#2759,#2760,#2761,#2762,
#2763,#2764,#2765,#2766,#2767,#2768,#2769,#2770,#2771,#2772,#2773,#2774,
#2775,#2776,#2777,#2778,#2779,#2780,#2781,#2782));
#2807=CLOSED_SHELL('',(#2783,#2784,#2785,#2786,#2787,#2788,#2789,#2790,
#2791,#2792,#2793,#2794,#2795,#2796,#2797,#2798,#2799,#2800,#2801,#2802,
#2803,#2804));
#2808=MANIFOLD_SOLID_BREP('T1T1M-03-T-SH-L',#2805);
#2809=MANIFOLD_SOLID_BREP('P2T1M-03-F-SH-L',#2806);
#2810=MANIFOLD_SOLID_BREP('P22T1M-03-F-SH-L',#2807);
#2811=SHAPE_DEFINITION_REPRESENTATION(#4512,#2815);
#2812=SHAPE_DEFINITION_REPRESENTATION(#4513,#2816);
#2813=SHAPE_DEFINITION_REPRESENTATION(#4515,#2817);
#2814=SHAPE_DEFINITION_REPRESENTATION(#4517,#2818);
#2815=SHAPE_REPRESENTATION('T1M-03-F-SH-L',(#2819,#2926,#2961,#2990),#4501);
#2816=SHAPE_REPRESENTATION('T1T1M-03-T-SH-L',(#2819),#4502);
#2817=SHAPE_REPRESENTATION('P2T1M-03-F-SH-L',(#2819),#4503);
#2818=SHAPE_REPRESENTATION('P22T1M-03-F-SH-L',(#2819),#4504);
#2819=AXIS2_PLACEMENT_3D('',#3702,#2991,#2992);
#2820=AXIS2_PLACEMENT_3D('',#3703,#2993,#2994);
#2821=AXIS2_PLACEMENT_3D('',#3780,#3033,#3034);
#2822=AXIS2_PLACEMENT_3D('',#3789,#3040,#3041);
#2823=AXIS2_PLACEMENT_3D('',#3801,#3047,#3048);
#2824=AXIS2_PLACEMENT_3D('',#3805,#3050,#3051);
#2825=AXIS2_PLACEMENT_3D('',#3810,#3054,#3055);
#2826=AXIS2_PLACEMENT_3D('',#3811,#3056,#3057);
#2827=AXIS2_PLACEMENT_3D('',#3820,#3061,#3062);
#2828=AXIS2_PLACEMENT_3D('',#3823,#3064,#3065);
#2829=AXIS2_PLACEMENT_3D('',#3832,#3070,#3071);
#2830=AXIS2_PLACEMENT_3D('',#3838,#3075,#3076);
#2831=AXIS2_PLACEMENT_3D('',#3847,#3081,#3082);
#2832=AXIS2_PLACEMENT_3D('',#3856,#3087,#3088);
#2833=AXIS2_PLACEMENT_3D('',#3865,#3093,#3094);
#2834=AXIS2_PLACEMENT_3D('',#3874,#3099,#3100);
#2835=AXIS2_PLACEMENT_3D('',#3903,#3117,#3118);
#2836=AXIS2_PLACEMENT_3D('',#3914,#3125,#3126);
#2837=AXIS2_PLACEMENT_3D('',#3923,#3132,#3133);
#2838=AXIS2_PLACEMENT_3D('',#3929,#3137,#3138);
#2839=AXIS2_PLACEMENT_3D('',#3947,#3150,#3151);
#2840=AXIS2_PLACEMENT_3D('',#3953,#3156,#3157);
#2841=AXIS2_PLACEMENT_3D('',#3961,#3163,#3164);
#2842=AXIS2_PLACEMENT_3D('',#3964,#3167,#3168);
#2843=AXIS2_PLACEMENT_3D('',#3966,#3170,#3171);
#2844=AXIS2_PLACEMENT_3D('',#3968,#3173,#3174);
#2845=AXIS2_PLACEMENT_3D('',#3969,#3175,#3176);
#2846=AXIS2_PLACEMENT_3D('',#3970,#3177,#3178);
#2847=AXIS2_PLACEMENT_3D('',#3972,#3180,#3181);
#2848=AXIS2_PLACEMENT_3D('',#3973,#3182,#3183);
#2849=AXIS2_PLACEMENT_3D('',#3980,#3188,#3189);
#2850=AXIS2_PLACEMENT_3D('',#3981,#3190,#3191);
#2851=AXIS2_PLACEMENT_3D('',#3988,#3196,#3197);
#2852=AXIS2_PLACEMENT_3D('',#3989,#3198,#3199);
#2853=AXIS2_PLACEMENT_3D('',#3992,#3202,#3203);
#2854=AXIS2_PLACEMENT_3D('',#3993,#3204,#3205);
#2855=AXIS2_PLACEMENT_3D('',#3994,#3206,#3207);
#2856=AXIS2_PLACEMENT_3D('',#3996,#3209,#3210);
#2857=AXIS2_PLACEMENT_3D('',#3998,#3212,#3213);
#2858=AXIS2_PLACEMENT_3D('',#3999,#3214,#3215);
#2859=AXIS2_PLACEMENT_3D('',#4001,#3217,#3218);
#2860=AXIS2_PLACEMENT_3D('',#4003,#3220,#3221);
#2861=AXIS2_PLACEMENT_3D('',#4004,#3222,#3223);
#2862=AXIS2_PLACEMENT_3D('',#4010,#3227,#3228);
#2863=AXIS2_PLACEMENT_3D('',#4014,#3231,#3232);
#2864=AXIS2_PLACEMENT_3D('',#4018,#3235,#3236);
#2865=AXIS2_PLACEMENT_3D('',#4022,#3239,#3240);
#2866=AXIS2_PLACEMENT_3D('',#4026,#3243,#3244);
#2867=AXIS2_PLACEMENT_3D('',#4030,#3247,#3248);
#2868=AXIS2_PLACEMENT_3D('',#4034,#3251,#3252);
#2869=AXIS2_PLACEMENT_3D('',#4038,#3255,#3256);
#2870=AXIS2_PLACEMENT_3D('',#4042,#3259,#3260);
#2871=AXIS2_PLACEMENT_3D('',#4046,#3263,#3264);
#2872=AXIS2_PLACEMENT_3D('',#4050,#3267,#3268);
#2873=AXIS2_PLACEMENT_3D('',#4056,#3272,#3273);
#2874=AXIS2_PLACEMENT_3D('',#4058,#3275,#3276);
#2875=AXIS2_PLACEMENT_3D('',#4062,#3280,#3281);
#2876=AXIS2_PLACEMENT_3D('',#4066,#3285,#3286);
#2877=AXIS2_PLACEMENT_3D('',#4067,#3287,#3288);
#2878=AXIS2_PLACEMENT_3D('',#4069,#3290,#3291);
#2879=AXIS2_PLACEMENT_3D('',#4071,#3293,#3294);
#2880=AXIS2_PLACEMENT_3D('',#4072,#3295,#3296);
#2881=AXIS2_PLACEMENT_3D('',#4073,#3297,#3298);
#2882=AXIS2_PLACEMENT_3D('',#4077,#3301,#3302);
#2883=AXIS2_PLACEMENT_3D('',#4079,#3304,#3305);
#2884=AXIS2_PLACEMENT_3D('',#4080,#3306,#3307);
#2885=AXIS2_PLACEMENT_3D('',#4086,#3311,#3312);
#2886=AXIS2_PLACEMENT_3D('',#4091,#3315,#3316);
#2887=AXIS2_PLACEMENT_3D('',#4095,#3318,#3319);
#2888=AXIS2_PLACEMENT_3D('',#4109,#3326,#3327);
#2889=AXIS2_PLACEMENT_3D('',#4110,#3328,#3329);
#2890=AXIS2_PLACEMENT_3D('',#4111,#3330,#3331);
#2891=AXIS2_PLACEMENT_3D('',#4125,#3338,#3339);
#2892=AXIS2_PLACEMENT_3D('',#4129,#3341,#3342);
#2893=AXIS2_PLACEMENT_3D('',#4134,#3345,#3346);
#2894=AXIS2_PLACEMENT_3D('',#4137,#3349,#3350);
#2895=AXIS2_PLACEMENT_3D('',#4139,#3352,#3353);
#2896=AXIS2_PLACEMENT_3D('',#4141,#3355,#3356);
#2897=AXIS2_PLACEMENT_3D('',#4143,#3358,#3359);
#2898=AXIS2_PLACEMENT_3D('',#4144,#3360,#3361);
#2899=AXIS2_PLACEMENT_3D('',#4146,#3363,#3364);
#2900=AXIS2_PLACEMENT_3D('',#4148,#3366,#3367);
#2901=AXIS2_PLACEMENT_3D('',#4150,#3369,#3370);
#2902=AXIS2_PLACEMENT_3D('',#4152,#3372,#3373);
#2903=AXIS2_PLACEMENT_3D('',#4154,#3375,#3376);
#2904=AXIS2_PLACEMENT_3D('',#4156,#3378,#3379);
#2905=AXIS2_PLACEMENT_3D('',#4157,#3380,#3381);
#2906=AXIS2_PLACEMENT_3D('',#4163,#3385,#3386);
#2907=AXIS2_PLACEMENT_3D('',#4168,#3389,#3390);
#2908=AXIS2_PLACEMENT_3D('',#4172,#3392,#3393);
#2909=AXIS2_PLACEMENT_3D('',#4186,#3400,#3401);
#2910=AXIS2_PLACEMENT_3D('',#4187,#3402,#3403);
#2911=AXIS2_PLACEMENT_3D('',#4188,#3404,#3405);
#2912=AXIS2_PLACEMENT_3D('',#4202,#3412,#3413);
#2913=AXIS2_PLACEMENT_3D('',#4206,#3415,#3416);
#2914=AXIS2_PLACEMENT_3D('',#4211,#3419,#3420);
#2915=AXIS2_PLACEMENT_3D('',#4214,#3423,#3424);
#2916=AXIS2_PLACEMENT_3D('',#4216,#3426,#3427);
#2917=AXIS2_PLACEMENT_3D('',#4218,#3429,#3430);
#2918=AXIS2_PLACEMENT_3D('',#4220,#3432,#3433);
#2919=AXIS2_PLACEMENT_3D('',#4221,#3434,#3435);
#2920=AXIS2_PLACEMENT_3D('',#4223,#3437,#3438);
#2921=AXIS2_PLACEMENT_3D('',#4225,#3440,#3441);
#2922=AXIS2_PLACEMENT_3D('',#4227,#3443,#3444);
#2923=AXIS2_PLACEMENT_3D('',#4229,#3446,#3447);
#2924=AXIS2_PLACEMENT_3D('',#4231,#3449,#3450);
#2925=AXIS2_PLACEMENT_3D('',#4233,#3452,#3453);
#2926=AXIS2_PLACEMENT_3D('',#4234,#3454,#3455);
#2927=AXIS2_PLACEMENT_3D('',#4235,#3456,#3457);
#2928=AXIS2_PLACEMENT_3D('',#4244,#3462,#3463);
#2929=AXIS2_PLACEMENT_3D('',#4253,#3468,#3469);
#2930=AXIS2_PLACEMENT_3D('',#4262,#3474,#3475);
#2931=AXIS2_PLACEMENT_3D('',#4271,#3480,#3481);
#2932=AXIS2_PLACEMENT_3D('',#4274,#3484,#3485);
#2933=AXIS2_PLACEMENT_3D('',#4277,#3488,#3489);
#2934=AXIS2_PLACEMENT_3D('',#4286,#3494,#3495);
#2935=AXIS2_PLACEMENT_3D('',#4287,#3496,#3497);
#2936=AXIS2_PLACEMENT_3D('',#4291,#3499,#3500);
#2937=AXIS2_PLACEMENT_3D('',#4292,#3501,#3502);
#2938=AXIS2_PLACEMENT_3D('',#4293,#3503,#3504);
#2939=AXIS2_PLACEMENT_3D('',#4295,#3505,#3506);
#2940=AXIS2_PLACEMENT_3D('',#4298,#3508,#3509);
#2941=AXIS2_PLACEMENT_3D('',#4299,#3510,#3511);
#2942=AXIS2_PLACEMENT_3D('',#4301,#3512,#3513);
#2943=AXIS2_PLACEMENT_3D('',#4304,#3515,#3516);
#2944=AXIS2_PLACEMENT_3D('',#4310,#3520,#3521);
#2945=AXIS2_PLACEMENT_3D('',#4316,#3525,#3526);
#2946=AXIS2_PLACEMENT_3D('',#4322,#3530,#3531);
#2947=AXIS2_PLACEMENT_3D('',#4328,#3535,#3536);
#2948=AXIS2_PLACEMENT_3D('',#4334,#3540,#3541);
#2949=AXIS2_PLACEMENT_3D('',#4340,#3545,#3546);
#2950=AXIS2_PLACEMENT_3D('',#4356,#3556,#3557);
#2951=AXIS2_PLACEMENT_3D('',#4364,#3563,#3564);
#2952=AXIS2_PLACEMENT_3D('',#4370,#3568,#3569);
#2953=AXIS2_PLACEMENT_3D('',#4373,#3572,#3573);
#2954=AXIS2_PLACEMENT_3D('',#4374,#3574,#3575);
#2955=AXIS2_PLACEMENT_3D('',#4375,#3576,#3577);
#2956=AXIS2_PLACEMENT_3D('',#4377,#3579,#3580);
#2957=AXIS2_PLACEMENT_3D('',#4379,#3582,#3583);
#2958=AXIS2_PLACEMENT_3D('',#4381,#3585,#3586);
#2959=AXIS2_PLACEMENT_3D('',#4383,#3588,#3589);
#2960=AXIS2_PLACEMENT_3D('',#4384,#3590,#3591);
#2961=AXIS2_PLACEMENT_3D('',#4385,#3592,#3593);
#2962=AXIS2_PLACEMENT_3D('',#4386,#3594,#3595);
#2963=AXIS2_PLACEMENT_3D('',#4395,#3600,#3601);
#2964=AXIS2_PLACEMENT_3D('',#4404,#3606,#3607);
#2965=AXIS2_PLACEMENT_3D('',#4413,#3612,#3613);
#2966=AXIS2_PLACEMENT_3D('',#4438,#3626,#3627);
#2967=AXIS2_PLACEMENT_3D('',#4444,#3631,#3632);
#2968=AXIS2_PLACEMENT_3D('',#4450,#3636,#3637);
#2969=AXIS2_PLACEMENT_3D('',#4456,#3641,#3642);
#2970=AXIS2_PLACEMENT_3D('',#4457,#3643,#3644);
#2971=AXIS2_PLACEMENT_3D('',#4459,#3645,#3646);
#2972=AXIS2_PLACEMENT_3D('',#4462,#3648,#3649);
#2973=AXIS2_PLACEMENT_3D('',#4463,#3650,#3651);
#2974=AXIS2_PLACEMENT_3D('',#4467,#3653,#3654);
#2975=AXIS2_PLACEMENT_3D('',#4468,#3655,#3656);
#2976=AXIS2_PLACEMENT_3D('',#4469,#3657,#3658);
#2977=AXIS2_PLACEMENT_3D('',#4473,#3660,#3661);
#2978=AXIS2_PLACEMENT_3D('',#4474,#3662,#3663);
#2979=AXIS2_PLACEMENT_3D('',#4477,#3666,#3667);
#2980=AXIS2_PLACEMENT_3D('',#4480,#3670,#3671);
#2981=AXIS2_PLACEMENT_3D('',#4483,#3674,#3675);
#2982=AXIS2_PLACEMENT_3D('',#4488,#3680,#3681);
#2983=AXIS2_PLACEMENT_3D('',#4489,#3682,#3683);
#2984=AXIS2_PLACEMENT_3D('',#4490,#3684,#3685);
#2985=AXIS2_PLACEMENT_3D('',#4492,#3687,#3688);
#2986=AXIS2_PLACEMENT_3D('',#4494,#3690,#3691);
#2987=AXIS2_PLACEMENT_3D('',#4495,#3692,#3693);
#2988=AXIS2_PLACEMENT_3D('',#4498,#3696,#3697);
#2989=AXIS2_PLACEMENT_3D('',#4499,#3698,#3699);
#2990=AXIS2_PLACEMENT_3D('',#4500,#3700,#3701);
#2991=DIRECTION('',(0.,0.,1.));
#2992=DIRECTION('',(1.,0.,0.));
#2993=DIRECTION('',(0.,-1.,0.));
#2994=DIRECTION('',(0.,0.,-1.));
#2995=DIRECTION('',(-1.,0.,0.));
#2996=DIRECTION('',(0.,0.,1.));
#2997=DIRECTION('',(-1.,0.,0.));
#2998=DIRECTION('',(0.,0.,-1.));
#2999=DIRECTION('',(-1.,0.,0.));
#3000=DIRECTION('',(0.,0.,1.));
#3001=DIRECTION('',(-1.,0.,0.));
#3002=DIRECTION('',(0.,0.,1.));
#3003=DIRECTION('',(-1.,0.,0.));
#3004=DIRECTION('',(0.,0.,1.));
#3005=DIRECTION('',(-1.,0.,0.));
#3006=DIRECTION('',(0.,0.,1.));
#3007=DIRECTION('',(-1.,0.,0.));
#3008=DIRECTION('',(-1.,0.,0.));
#3009=DIRECTION('',(0.,0.,1.));
#3010=DIRECTION('',(1.,0.,0.));
#3011=DIRECTION('',(0.,0.,1.));
#3012=DIRECTION('',(1.,0.,2.71050543121376E-16));
#3013=DIRECTION('',(0.,0.,1.));
#3014=DIRECTION('',(-1.,0.,8.13151629364129E-16));
#3015=DIRECTION('',(0.,0.,1.));
#3016=DIRECTION('',(-1.,0.,0.));
#3017=DIRECTION('',(0.,0.,-1.));
#3018=DIRECTION('',(-1.,0.,2.71050543121376E-16));
#3019=DIRECTION('',(0.,0.,-1.));
#3020=DIRECTION('',(1.,0.,0.));
#3021=DIRECTION('',(0.,0.,-1.));
#3022=DIRECTION('',(1.,0.,2.16840434497101E-16));
#3023=DIRECTION('',(0.,0.,-1.));
#3024=DIRECTION('',(-1.,0.,0.));
#3025=DIRECTION('',(1.,0.,0.));
#3026=DIRECTION('',(0.,0.,-1.));
#3027=DIRECTION('',(-1.,0.,0.));
#3028=DIRECTION('',(0.,0.,-1.));
#3029=DIRECTION('',(1.,0.,0.));
#3030=DIRECTION('',(0.,0.,1.));
#3031=DIRECTION('',(-1.,0.,0.));
#3032=DIRECTION('',(0.,0.,1.));
#3033=DIRECTION('',(0.,0.,-1.));
#3034=DIRECTION('',(-1.,0.,0.));
#3035=DIRECTION('',(0.50000000163871,-0.866025402838329,0.));
#3036=DIRECTION('',(0.50000000163871,0.866025402838329,0.));
#3037=DIRECTION('',(0.,-1.,0.));
#3038=DIRECTION('',(-1.,0.,0.));
#3039=DIRECTION('',(0.,1.,0.));
#3040=DIRECTION('',(0.,0.,1.));
#3041=DIRECTION('',(1.,0.,0.));
#3042=DIRECTION('',(0.,-1.,0.));
#3043=DIRECTION('',(-1.,0.,0.));
#3044=DIRECTION('',(0.,-1.,0.));
#3045=DIRECTION('',(-1.,0.,0.));
#3046=DIRECTION('',(0.,1.,0.));
#3047=DIRECTION('',(0.,0.,1.));
#3048=DIRECTION('',(1.,0.,0.));
#3049=DIRECTION('',(-1.,0.,0.));
#3050=DIRECTION('',(0.,0.,1.));
#3051=DIRECTION('',(1.,0.,0.));
#3052=DIRECTION('',(0.,-1.,0.));
#3053=DIRECTION('',(1.,0.,0.));
#3054=DIRECTION('',(0.,0.,-1.));
#3055=DIRECTION('',(-1.,0.,0.));
#3056=DIRECTION('',(0.,0.,1.));
#3057=DIRECTION('',(1.,0.,0.));
#3058=DIRECTION('',(0.,1.,0.));
#3059=DIRECTION('',(-1.,0.,0.));
#3060=DIRECTION('',(0.,1.,0.));
#3061=DIRECTION('',(0.,0.,1.));
#3062=DIRECTION('',(1.,0.,0.));
#3063=DIRECTION('',(1.,0.,0.));
#3064=DIRECTION('',(0.,0.,-1.));
#3065=DIRECTION('',(-1.,0.,0.));
#3066=DIRECTION('',(-1.,0.,0.));
#3067=DIRECTION('',(0.,1.,0.));
#3068=DIRECTION('',(-1.,0.,0.));
#3069=DIRECTION('',(0.,1.,0.));
#3070=DIRECTION('',(0.,2.28253088944317E-16,-1.));
#3071=DIRECTION('',(0.,1.,2.28253088944317E-16));
#3072=DIRECTION('',(-1.,0.,0.));
#3073=DIRECTION('',(0.,-1.,-2.28253088944317E-16));
#3074=DIRECTION('',(0.,-1.,0.));
#3075=DIRECTION('',(0.,0.,-1.));
#3076=DIRECTION('',(-1.,0.,0.));
#3077=DIRECTION('',(0.,-1.,0.));
#3078=DIRECTION('',(-1.,0.,0.));
#3079=DIRECTION('',(0.,1.,0.));
#3080=DIRECTION('',(-1.,0.,0.));
#3081=DIRECTION('',(0.,0.,-1.));
#3082=DIRECTION('',(-1.,0.,0.));
#3083=DIRECTION('',(0.,1.,0.));
#3084=DIRECTION('',(-1.,0.,0.));
#3085=DIRECTION('',(0.,-1.,0.));
#3086=DIRECTION('',(-1.,0.,0.));
#3087=DIRECTION('',(0.,0.,-1.));
#3088=DIRECTION('',(-1.,0.,0.));
#3089=DIRECTION('',(0.,-1.,0.));
#3090=DIRECTION('',(-1.,0.,0.));
#3091=DIRECTION('',(0.,1.,0.));
#3092=DIRECTION('',(-1.,0.,0.));
#3093=DIRECTION('',(0.,0.,-1.));
#3094=DIRECTION('',(-1.,0.,0.));
#3095=DIRECTION('',(0.,-1.,0.));
#3096=DIRECTION('',(-1.,0.,0.));
#3097=DIRECTION('',(0.,1.,0.));
#3098=DIRECTION('',(-1.,0.,0.));
#3099=DIRECTION('',(0.,1.,-2.16840434497101E-15));
#3100=DIRECTION('',(0.,2.16840434497101E-15,1.));
#3101=DIRECTION('',(0.,2.16840434497101E-15,1.));
#3102=DIRECTION('',(1.,0.,0.));
#3103=DIRECTION('',(0.,-2.16840434497101E-15,-1.));
#3104=DIRECTION('',(-2.71050543121376E-16,2.16840434497101E-15,1.));
#3105=DIRECTION('',(1.,0.,0.));
#3106=DIRECTION('',(0.,-2.16840434497101E-15,-1.));
#3107=DIRECTION('',(0.,2.16840434497101E-15,1.));
#3108=DIRECTION('',(1.,0.,0.));
#3109=DIRECTION('',(0.,-2.16840434497101E-15,-1.));
#3110=DIRECTION('',(0.,2.16840434497101E-15,1.));
#3111=DIRECTION('',(1.,0.,0.));
#3112=DIRECTION('',(0.,-2.16840434497101E-15,-1.));
#3113=DIRECTION('',(-1.,0.,0.));
#3114=DIRECTION('',(0.,-2.16840434497101E-15,-1.));
#3115=DIRECTION('',(1.,0.,0.));
#3116=DIRECTION('',(0.,-2.16840434497101E-15,-1.));
#3117=DIRECTION('',(1.,0.,0.));
#3118=DIRECTION('',(0.,0.,-1.));
#3119=DIRECTION('',(0.,-1.,0.));
#3120=DIRECTION('',(0.,-1.,0.));
#3121=DIRECTION('',(0.,0.,-1.));
#3122=DIRECTION('',(0.,1.,1.44560289664734E-15));
#3123=DIRECTION('',(0.,0.,-1.));
#3124=DIRECTION('',(0.,1.,0.));
#3125=DIRECTION('',(1.,0.,0.));
#3126=DIRECTION('',(0.,0.,-1.));
#3127=DIRECTION('',(0.,-1.,0.));
#3128=DIRECTION('',(0.,0.,-1.));
#3129=DIRECTION('',(0.,1.,1.44560289664734E-15));
#3130=DIRECTION('',(0.,0.,-1.));
#3131=DIRECTION('',(0.,-1.,0.));
#3132=DIRECTION('',(0.,0.,-1.));
#3133=DIRECTION('',(-1.,0.,0.));
#3134=DIRECTION('',(0.,-1.,0.));
#3135=DIRECTION('',(0.,-1.,0.));
#3136=DIRECTION('',(-1.,0.,0.));
#3137=DIRECTION('',(0.,1.,4.33680868994203E-15));
#3138=DIRECTION('',(0.,-4.33680868994203E-15,1.));
#3139=DIRECTION('',(0.,-4.33680868994203E-15,1.));
#3140=DIRECTION('',(0.,0.,1.));
#3141=DIRECTION('',(-1.,0.,0.));
#3142=DIRECTION('',(0.,0.,-1.));
#3143=DIRECTION('',(0.,0.,1.));
#3144=DIRECTION('',(-1.,0.,0.));
#3145=DIRECTION('',(2.71050543121376E-16,0.,-1.));
#3146=DIRECTION('',(0.,0.,1.));
#3147=DIRECTION('',(-1.,0.,0.));
#3148=DIRECTION('',(0.,0.,-1.));
#3149=DIRECTION('',(0.,4.33680868994203E-15,-1.));
#3150=DIRECTION('',(0.,1.,0.));
#3151=DIRECTION('',(0.,0.,1.));
#3152=DIRECTION('',(0.,0.,1.));
#3153=DIRECTION('',(0.,0.,-1.));
#3154=DIRECTION('',(-1.,0.,0.));
#3155=DIRECTION('',(-1.,0.,0.));
#3156=DIRECTION('',(0.,-1.,0.));
#3157=DIRECTION('',(0.,0.,-1.));
#3158=DIRECTION('',(0.,0.,-1.));
#3159=DIRECTION('',(0.,0.,1.));
#3160=DIRECTION('',(0.,0.,-1.));
#3161=DIRECTION('',(-1.,0.,0.));
#3162=DIRECTION('',(0.,0.,1.));
#3163=DIRECTION('',(0.,2.28253088944317E-16,-1.));
#3164=DIRECTION('',(0.,1.,2.28253088944317E-16));
#3165=DIRECTION('',(0.,1.,2.28253088944317E-16));
#3166=DIRECTION('',(0.,-1.,0.));
#3167=DIRECTION('',(0.,0.,-1.));
#3168=DIRECTION('',(-1.,0.,0.));
#3169=DIRECTION('',(-1.,0.,0.));
#3170=DIRECTION('',(0.,1.,0.));
#3171=DIRECTION('',(0.,0.,1.));
#3172=DIRECTION('',(-1.,0.,0.));
#3173=DIRECTION('',(0.,-1.44560289664734E-15,1.));
#3174=DIRECTION('',(0.,-1.,-1.44560289664734E-15));
#3175=DIRECTION('',(-1.,0.,0.));
#3176=DIRECTION('',(0.,0.,1.));
#3177=DIRECTION('',(1.,0.,0.));
#3178=DIRECTION('',(0.,0.,-1.));
#3179=DIRECTION('',(0.,-1.,0.));
#3180=DIRECTION('',(0.,0.,-1.));
#3181=DIRECTION('',(-1.,0.,0.));
#3182=DIRECTION('',(0.,0.,1.));
#3183=DIRECTION('',(1.,0.,0.));
#3184=DIRECTION('',(0.,1.,0.));
#3185=DIRECTION('',(-1.,0.,0.));
#3186=DIRECTION('',(0.,1.,0.));
#3187=DIRECTION('',(0.,-1.,0.));
#3188=DIRECTION('',(-1.,0.,0.));
#3189=DIRECTION('',(0.,0.,1.));
#3190=DIRECTION('',(0.,0.,1.));
#3191=DIRECTION('',(1.,0.,0.));
#3192=DIRECTION('',(0.,1.,0.));
#3193=DIRECTION('',(-1.,0.,0.));
#3194=DIRECTION('',(0.,1.,0.));
#3195=DIRECTION('',(0.,-1.,0.));
#3196=DIRECTION('',(1.,0.,0.));
#3197=DIRECTION('',(0.,0.,-1.));
#3198=DIRECTION('',(0.,0.,1.));
#3199=DIRECTION('',(1.,0.,0.));
#3200=DIRECTION('',(0.,-1.,0.));
#3201=DIRECTION('',(0.,-1.,0.));
#3202=DIRECTION('',(-1.,0.,0.));
#3203=DIRECTION('',(0.,0.,1.));
#3204=DIRECTION('',(1.,0.,0.));
#3205=DIRECTION('',(0.,0.,-1.));
#3206=DIRECTION('',(1.,0.,0.));
#3207=DIRECTION('',(0.,0.,-1.));
#3208=DIRECTION('',(0.,-1.,0.));
#3209=DIRECTION('',(0.,0.,1.));
#3210=DIRECTION('',(1.,0.,0.));
#3211=DIRECTION('',(0.,-1.,0.));
#3212=DIRECTION('',(-1.,0.,-2.71050543121376E-16));
#3213=DIRECTION('',(-2.71050543121376E-16,0.,1.));
#3214=DIRECTION('',(-1.,0.,0.));
#3215=DIRECTION('',(0.,0.,1.));
#3216=DIRECTION('',(0.,-1.,0.));
#3217=DIRECTION('',(0.,0.,1.));
#3218=DIRECTION('',(1.,0.,0.));
#3219=DIRECTION('',(0.,-1.,0.));
#3220=DIRECTION('',(1.,0.,0.));
#3221=DIRECTION('',(0.,0.,-1.));
#3222=DIRECTION('',(0.,0.,-1.));
#3223=DIRECTION('',(-1.,0.,0.));
#3224=DIRECTION('',(0.,1.,0.));
#3225=DIRECTION('',(-1.,0.,0.));
#3226=DIRECTION('',(0.,1.,0.));
#3227=DIRECTION('',(-1.,0.,0.));
#3228=DIRECTION('',(0.,0.,1.));
#3229=DIRECTION('',(0.,1.,0.));
#3230=DIRECTION('',(0.,0.,1.));
#3231=DIRECTION('',(2.71050543121376E-16,0.,1.));
#3232=DIRECTION('',(1.,0.,-2.71050543121376E-16));
#3233=DIRECTION('',(0.,1.,0.));
#3234=DIRECTION('',(1.,0.,-2.71050543121376E-16));
#3235=DIRECTION('',(-1.,0.,0.));
#3236=DIRECTION('',(0.,0.,1.));
#3237=DIRECTION('',(0.,1.,0.));
#3238=DIRECTION('',(0.,0.,1.));
#3239=DIRECTION('',(0.,0.,1.));
#3240=DIRECTION('',(1.,0.,0.));
#3241=DIRECTION('',(0.,1.,0.));
#3242=DIRECTION('',(1.,0.,0.));
#3243=DIRECTION('',(1.,0.,0.));
#3244=DIRECTION('',(0.,0.,-1.));
#3245=DIRECTION('',(0.,1.,0.));
#3246=DIRECTION('',(0.,0.,-1.));
#3247=DIRECTION('',(8.13151629364129E-16,0.,1.));
#3248=DIRECTION('',(1.,0.,-8.13151629364129E-16));
#3249=DIRECTION('',(0.,1.,0.));
#3250=DIRECTION('',(1.,0.,-8.13151629364129E-16));
#3251=DIRECTION('',(1.,0.,0.));
#3252=DIRECTION('',(0.,0.,-1.));
#3253=DIRECTION('',(0.,1.,0.));
#3254=DIRECTION('',(0.,0.,-1.));
#3255=DIRECTION('',(2.71050543121376E-16,0.,-1.));
#3256=DIRECTION('',(-1.,0.,-2.71050543121376E-16));
#3257=DIRECTION('',(0.,1.,0.));
#3258=DIRECTION('',(-1.,0.,-2.71050543121376E-16));
#3259=DIRECTION('',(1.,0.,0.));
#3260=DIRECTION('',(0.,0.,-1.));
#3261=DIRECTION('',(0.,1.,0.));
#3262=DIRECTION('',(0.,0.,-1.));
#3263=DIRECTION('',(0.,0.,-1.));
#3264=DIRECTION('',(-1.,0.,0.));
#3265=DIRECTION('',(0.,1.,0.));
#3266=DIRECTION('',(-1.,0.,0.));
#3267=DIRECTION('',(2.16840434497101E-16,0.,-1.));
#3268=DIRECTION('',(-1.,0.,-2.16840434497101E-16));
#3269=DIRECTION('',(0.,1.,0.));
#3270=DIRECTION('',(-1.,0.,-2.16840434497101E-16));
#3271=DIRECTION('',(0.,1.,0.));
#3272=DIRECTION('',(-1.,0.,0.));
#3273=DIRECTION('',(0.,0.,1.));
#3274=DIRECTION('',(0.,0.,1.));
#3275=DIRECTION('',(1.,0.,0.));
#3276=DIRECTION('',(0.,0.,-1.));
#3277=DIRECTION('',(0.,0.,-1.));
#3278=DIRECTION('',(0.,0.,-1.));
#3279=DIRECTION('',(0.,0.,-1.));
#3280=DIRECTION('',(-1.,0.,0.));
#3281=DIRECTION('',(0.,0.,1.));
#3282=DIRECTION('',(0.,0.,1.));
#3283=DIRECTION('',(0.,0.,-1.));
#3284=DIRECTION('',(0.,0.,-1.));
#3285=DIRECTION('',(0.,1.,0.));
#3286=DIRECTION('',(0.,0.,1.));
#3287=DIRECTION('',(0.,0.,-1.));
#3288=DIRECTION('',(-1.,0.,0.));
#3289=DIRECTION('',(0.,0.,-1.));
#3290=DIRECTION('',(0.,1.,0.));
#3291=DIRECTION('',(0.,0.,1.));
#3292=DIRECTION('',(0.,0.,-1.));
#3293=DIRECTION('',(0.,0.,-1.));
#3294=DIRECTION('',(-1.,0.,0.));
#3295=DIRECTION('',(0.,-1.,0.));
#3296=DIRECTION('',(0.,0.,-1.));
#3297=DIRECTION('',(0.866025402838329,0.50000000163871,0.));
#3298=DIRECTION('',(-0.50000000163871,0.866025402838329,0.));
#3299=DIRECTION('',(0.50000000163871,-0.866025402838329,0.));
#3300=DIRECTION('',(0.,0.,-1.));
#3301=DIRECTION('',(-0.866025402838329,0.50000000163871,0.));
#3302=DIRECTION('',(-0.50000000163871,-0.866025402838329,0.));
#3303=DIRECTION('',(0.50000000163871,0.866025402838329,0.));
#3304=DIRECTION('',(0.,0.,1.));
#3305=DIRECTION('',(1.,0.,0.));
#3306=DIRECTION('',(0.,0.,1.));
#3307=DIRECTION('',(1.,0.,0.));
#3308=DIRECTION('',(0.,1.,0.));
#3309=DIRECTION('',(0.,1.,0.));
#3310=DIRECTION('',(-1.,0.,0.));
#3311=DIRECTION('',(1.,0.,0.));
#3312=DIRECTION('',(0.,0.,-1.));
#3313=DIRECTION('',(0.,0.,1.));
#3314=DIRECTION('',(0.,-0.86602540378444,0.499999999999997));
#3315=DIRECTION('',(1.,0.,0.));
#3316=DIRECTION('',(0.,0.,-1.));
#3317=DIRECTION('',(0.,0.,1.));
#3318=DIRECTION('',(1.,0.,0.));
#3319=DIRECTION('',(0.,0.,-1.));
#3320=DIRECTION('',(0.,0.866025403784438,0.5));
#3321=DIRECTION('',(0.,0.,1.));
#3322=DIRECTION('',(0.,-0.707106781186547,0.707106781186547));
#3323=DIRECTION('',(0.,-1.,0.));
#3324=DIRECTION('',(0.,-0.707106781186547,-0.707106781186547));
#3325=DIRECTION('',(0.,0.,-1.));
#3326=DIRECTION('',(1.,0.,0.));
#3327=DIRECTION('',(0.,0.,-1.));
#3328=DIRECTION('',(1.,0.,0.));
#3329=DIRECTION('',(0.,0.,-1.));
#3330=DIRECTION('',(1.,0.,0.));
#3331=DIRECTION('',(0.,0.,-1.));
#3332=DIRECTION('',(0.,0.,-1.));
#3333=DIRECTION('',(0.,-0.707106781186547,-0.707106781186547));
#3334=DIRECTION('',(0.,-1.,0.));
#3335=DIRECTION('',(0.,-0.707106781186547,0.707106781186547));
#3336=DIRECTION('',(0.,0.,1.));
#3337=DIRECTION('',(0.,0.866025403784438,0.5));
#3338=DIRECTION('',(1.,0.,0.));
#3339=DIRECTION('',(0.,0.,-1.));
#3340=DIRECTION('',(0.,0.,1.));
#3341=DIRECTION('',(1.,0.,0.));
#3342=DIRECTION('',(0.,0.,-1.));
#3343=DIRECTION('',(0.,-0.86602540378444,0.499999999999997));
#3344=DIRECTION('',(0.,0.,1.));
#3345=DIRECTION('',(0.,-0.707106781186548,-0.707106781186548));
#3346=DIRECTION('',(0.,0.707106781186548,-0.707106781186548));
#3347=DIRECTION('',(-1.,0.,0.));
#3348=DIRECTION('',(-1.,0.,0.));
#3349=DIRECTION('',(0.,0.,-1.));
#3350=DIRECTION('',(-1.,0.,0.));
#3351=DIRECTION('',(-1.,0.,0.));
#3352=DIRECTION('',(0.,0.707106781186548,-0.707106781186548));
#3353=DIRECTION('',(0.,0.707106781186548,0.707106781186548));
#3354=DIRECTION('',(-1.,0.,0.));
#3355=DIRECTION('',(0.,1.,0.));
#3356=DIRECTION('',(0.,0.,1.));
#3357=DIRECTION('',(-1.,0.,0.));
#3358=DIRECTION('',(-1.,0.,0.));
#3359=DIRECTION('',(0.,0.,1.));
#3360=DIRECTION('',(0.,-1.,0.));
#3361=DIRECTION('',(0.,0.,-1.));
#3362=DIRECTION('',(-1.,0.,0.));
#3363=DIRECTION('',(0.,-0.499999999999997,-0.86602540378444));
#3364=DIRECTION('',(0.,0.86602540378444,-0.499999999999997));
#3365=DIRECTION('',(-1.,0.,0.));
#3366=DIRECTION('',(-1.,0.,0.));
#3367=DIRECTION('',(0.,0.,1.));
#3368=DIRECTION('',(-1.,0.,0.));
#3369=DIRECTION('',(0.,-1.,0.));
#3370=DIRECTION('',(0.,0.,-1.));
#3371=DIRECTION('',(-1.,0.,0.));
#3372=DIRECTION('',(-1.,0.,0.));
#3373=DIRECTION('',(0.,0.,1.));
#3374=DIRECTION('',(-1.,0.,0.));
#3375=DIRECTION('',(0.,-0.5,0.866025403784438));
#3376=DIRECTION('',(0.,-0.866025403784439,-0.5));
#3377=DIRECTION('',(-1.,0.,0.));
#3378=DIRECTION('',(0.,-1.,0.));
#3379=DIRECTION('',(0.,0.,-1.));
#3380=DIRECTION('',(0.,0.,1.));
#3381=DIRECTION('',(1.,0.,0.));
#3382=DIRECTION('',(0.,1.,0.));
#3383=DIRECTION('',(0.,1.,0.));
#3384=DIRECTION('',(-1.,0.,0.));
#3385=DIRECTION('',(1.,0.,0.));
#3386=DIRECTION('',(0.,0.,-1.));
#3387=DIRECTION('',(0.,0.,1.));
#3388=DIRECTION('',(0.,-0.86602540378444,0.499999999999997));
#3389=DIRECTION('',(1.,0.,0.));
#3390=DIRECTION('',(0.,0.,-1.));
#3391=DIRECTION('',(0.,0.,1.));
#3392=DIRECTION('',(1.,0.,0.));
#3393=DIRECTION('',(0.,0.,-1.));
#3394=DIRECTION('',(0.,0.866025403784438,0.5));
#3395=DIRECTION('',(0.,0.,1.));
#3396=DIRECTION('',(0.,-0.707106781186547,0.707106781186547));
#3397=DIRECTION('',(0.,-1.,0.));
#3398=DIRECTION('',(0.,-0.707106781186547,-0.707106781186547));
#3399=DIRECTION('',(0.,0.,-1.));
#3400=DIRECTION('',(1.,0.,0.));
#3401=DIRECTION('',(0.,0.,-1.));
#3402=DIRECTION('',(1.,0.,0.));
#3403=DIRECTION('',(0.,0.,-1.));
#3404=DIRECTION('',(1.,0.,0.));
#3405=DIRECTION('',(0.,0.,-1.));
#3406=DIRECTION('',(0.,0.,-1.));
#3407=DIRECTION('',(0.,-0.707106781186547,-0.707106781186547));
#3408=DIRECTION('',(0.,-1.,0.));
#3409=DIRECTION('',(0.,-0.707106781186547,0.707106781186547));
#3410=DIRECTION('',(0.,0.,1.));
#3411=DIRECTION('',(0.,0.866025403784438,0.5));
#3412=DIRECTION('',(1.,0.,0.));
#3413=DIRECTION('',(0.,0.,-1.));
#3414=DIRECTION('',(0.,0.,1.));
#3415=DIRECTION('',(1.,0.,0.));
#3416=DIRECTION('',(0.,0.,-1.));
#3417=DIRECTION('',(0.,-0.86602540378444,0.499999999999997));
#3418=DIRECTION('',(0.,0.,1.));
#3419=DIRECTION('',(0.,-0.707106781186548,-0.707106781186548));
#3420=DIRECTION('',(0.,0.707106781186548,-0.707106781186548));
#3421=DIRECTION('',(-1.,0.,0.));
#3422=DIRECTION('',(-1.,0.,0.));
#3423=DIRECTION('',(0.,0.,-1.));
#3424=DIRECTION('',(-1.,0.,0.));
#3425=DIRECTION('',(-1.,0.,0.));
#3426=DIRECTION('',(0.,0.707106781186548,-0.707106781186548));
#3427=DIRECTION('',(0.,0.707106781186548,0.707106781186548));
#3428=DIRECTION('',(-1.,0.,0.));
#3429=DIRECTION('',(0.,1.,0.));
#3430=DIRECTION('',(0.,0.,1.));
#3431=DIRECTION('',(-1.,0.,0.));
#3432=DIRECTION('',(-1.,0.,0.));
#3433=DIRECTION('',(0.,0.,1.));
#3434=DIRECTION('',(0.,-1.,0.));
#3435=DIRECTION('',(0.,0.,-1.));
#3436=DIRECTION('',(-1.,0.,0.));
#3437=DIRECTION('',(0.,-0.499999999999997,-0.86602540378444));
#3438=DIRECTION('',(0.,0.86602540378444,-0.499999999999997));
#3439=DIRECTION('',(-1.,0.,0.));
#3440=DIRECTION('',(-1.,0.,0.));
#3441=DIRECTION('',(0.,0.,1.));
#3442=DIRECTION('',(-1.,0.,0.));
#3443=DIRECTION('',(0.,-1.,0.));
#3444=DIRECTION('',(0.,0.,-1.));
#3445=DIRECTION('',(-1.,0.,0.));
#3446=DIRECTION('',(-1.,0.,0.));
#3447=DIRECTION('',(0.,0.,1.));
#3448=DIRECTION('',(-1.,0.,0.));
#3449=DIRECTION('',(0.,-0.5,0.866025403784438));
#3450=DIRECTION('',(0.,-0.866025403784439,-0.5));
#3451=DIRECTION('',(-1.,0.,0.));
#3452=DIRECTION('',(0.,-1.,0.));
#3453=DIRECTION('',(0.,0.,-1.));
#3454=DIRECTION('',(0.,-1.,0.));
#3455=DIRECTION('',(1.,0.,0.));
#3456=DIRECTION('',(0.,0.,-1.));
#3457=DIRECTION('',(-1.,0.,0.));
#3458=DIRECTION('',(0.,-1.,0.));
#3459=DIRECTION('',(-1.,0.,0.));
#3460=DIRECTION('',(0.,-1.,0.));
#3461=DIRECTION('',(-1.,0.,0.));
#3462=DIRECTION('',(0.,0.,-1.));
#3463=DIRECTION('',(-1.,0.,0.));
#3464=DIRECTION('',(-1.,0.,0.));
#3465=DIRECTION('',(0.,1.,0.));
#3466=DIRECTION('',(-1.,0.,0.));
#3467=DIRECTION('',(0.,-1.,0.));
#3468=DIRECTION('',(0.,-1.,0.));
#3469=DIRECTION('',(0.,0.,-1.));
#3470=DIRECTION('',(-1.,0.,0.));
#3471=DIRECTION('',(0.,0.,-1.));
#3472=DIRECTION('',(-1.,0.,0.));
#3473=DIRECTION('',(0.,0.,1.));
#3474=DIRECTION('',(0.,-1.,0.));
#3475=DIRECTION('',(0.,0.,-1.));
#3476=DIRECTION('',(-1.,0.,0.));
#3477=DIRECTION('',(0.,0.,1.));
#3478=DIRECTION('',(-1.,0.,0.));
#3479=DIRECTION('',(0.,0.,-1.));
#3480=DIRECTION('',(0.,-0.500097243556191,-0.865969252911153));
#3481=DIRECTION('',(0.,0.865969252911153,-0.500097243556191));
#3482=DIRECTION('',(0.,0.865969252911153,-0.500097243556191));
#3483=DIRECTION('',(0.,-0.865969252911153,0.50009724355619));
#3484=DIRECTION('',(0.,-0.500097243556191,-0.865969252911153));
#3485=DIRECTION('',(0.,0.865969252911153,-0.500097243556191));
#3486=DIRECTION('',(-3.61109902043047E-17,-0.865969252911153,0.500097243556191));
#3487=DIRECTION('',(0.,0.865969252911153,-0.500097243556191));
#3488=DIRECTION('',(0.,0.,-1.));
#3489=DIRECTION('',(-1.,0.,0.));
#3490=DIRECTION('',(-1.,0.,0.));
#3491=DIRECTION('',(0.,1.,0.));
#3492=DIRECTION('',(-1.,0.,0.));
#3493=DIRECTION('',(0.,-1.,0.));
#3494=DIRECTION('',(-1.,0.,0.));
#3495=DIRECTION('',(0.,0.,1.));
#3496=DIRECTION('',(-1.,0.,0.));
#3497=DIRECTION('',(0.,0.,1.));
#3498=DIRECTION('',(-1.,0.,0.));
#3499=DIRECTION('',(1.,0.,0.));
#3500=DIRECTION('',(0.,0.,-1.));
#3501=DIRECTION('',(-1.,0.,0.));
#3502=DIRECTION('',(0.,0.,1.));
#3503=DIRECTION('',(1.,0.,0.));
#3504=DIRECTION('',(0.,0.,-1.));
#3505=DIRECTION('',(-1.,0.,0.));
#3506=DIRECTION('',(0.,0.,1.));
#3507=DIRECTION('',(-1.,0.,0.));
#3508=DIRECTION('',(-1.,0.,0.));
#3509=DIRECTION('',(0.,0.,1.));
#3510=DIRECTION('',(1.,0.,0.));
#3511=DIRECTION('',(0.,0.,-1.));
#3512=DIRECTION('',(1.,0.,0.));
#3513=DIRECTION('',(0.,0.,-1.));
#3514=DIRECTION('',(-1.,0.,0.));
#3515=DIRECTION('',(0.,0.,1.));
#3516=DIRECTION('',(1.,0.,0.));
#3517=DIRECTION('',(0.,-1.,0.));
#3518=DIRECTION('',(-1.,0.,0.));
#3519=DIRECTION('',(0.,1.,0.));
#3520=DIRECTION('',(0.,0.,1.));
#3521=DIRECTION('',(1.,0.,0.));
#3522=DIRECTION('',(0.,1.,0.));
#3523=DIRECTION('',(0.,-1.,0.));
#3524=DIRECTION('',(-1.,0.,0.));
#3525=DIRECTION('',(0.,0.,1.));
#3526=DIRECTION('',(1.,0.,0.));
#3527=DIRECTION('',(0.,1.,0.));
#3528=DIRECTION('',(0.,1.,0.));
#3529=DIRECTION('',(-1.,0.,0.));
#3530=DIRECTION('',(0.,0.501167968631896,0.865350025837741));
#3531=DIRECTION('',(0.,-0.865350025837741,0.501167968631896));
#3532=DIRECTION('',(0.,-0.865350025837741,0.501167968631896));
#3533=DIRECTION('',(-1.,0.,0.));
#3534=DIRECTION('',(0.,0.865350025837741,-0.501167968631896));
#3535=DIRECTION('',(0.,0.501167968631896,0.865350025837741));
#3536=DIRECTION('',(0.,-0.865350025837741,0.501167968631896));
#3537=DIRECTION('',(0.,0.865350025837741,-0.501167968631896));
#3538=DIRECTION('',(0.,-0.865350025837741,0.501167968631896));
#3539=DIRECTION('',(-1.,0.,0.));
#3540=DIRECTION('',(0.,0.501167968631896,0.865350025837741));
#3541=DIRECTION('',(0.,-0.865350025837741,0.501167968631896));
#3542=DIRECTION('',(0.,0.865350025837741,-0.501167968631896));
#3543=DIRECTION('',(0.,0.865350025837741,-0.501167968631896));
#3544=DIRECTION('',(-1.,0.,0.));
#3545=DIRECTION('',(0.,1.,-1.53135900068574E-17));
#3546=DIRECTION('',(0.,1.53135900068574E-17,1.));
#3547=DIRECTION('',(1.,0.,0.));
#3548=DIRECTION('',(0.,1.53135900068574E-17,1.));
#3549=DIRECTION('',(0.,-1.53135900068574E-17,-1.));
#3550=DIRECTION('',(-1.,0.,0.));
#3551=DIRECTION('',(0.,-1.53135900068574E-17,-1.));
#3552=DIRECTION('',(-6.38577982845658E-34,-1.53135900068574E-17,-1.));
#3553=DIRECTION('',(1.,0.,0.));
#3554=DIRECTION('',(0.,1.53135900068574E-17,1.));
#3555=DIRECTION('',(-6.38577982845658E-34,-1.53135900068574E-17,-1.));
#3556=DIRECTION('',(0.,-0.688794716467479,0.724956439082022));
#3557=DIRECTION('',(0.,-0.724956439082022,-0.688794716467479));
#3558=DIRECTION('',(0.,0.724956439082022,0.688794716467479));
#3559=DIRECTION('',(-1.,0.,0.));
#3560=DIRECTION('',(-1.,0.,0.));
#3561=DIRECTION('',(-1.,0.,0.));
#3562=DIRECTION('',(0.,0.724956439082022,0.688794716467479));
#3563=DIRECTION('',(0.,-1.,0.));
#3564=DIRECTION('',(0.,0.,-1.));
#3565=DIRECTION('',(0.,0.,1.));
#3566=DIRECTION('',(-1.,0.,0.));
#3567=DIRECTION('',(0.,0.,1.));
#3568=DIRECTION('',(0.,-0.500097243556191,-0.865969252911153));
#3569=DIRECTION('',(0.,0.865969252911153,-0.500097243556191));
#3570=DIRECTION('',(-3.61109902043047E-17,-0.865969252911153,0.500097243556191));
#3571=DIRECTION('',(0.,-0.865969252911153,0.50009724355619));
#3572=DIRECTION('',(1.,0.,0.));
#3573=DIRECTION('',(0.,0.,-1.));
#3574=DIRECTION('',(1.,0.,0.));
#3575=DIRECTION('',(0.,0.,-1.));
#3576=DIRECTION('',(1.,0.,0.));
#3577=DIRECTION('',(0.,0.,-1.));
#3578=DIRECTION('',(0.,-1.,0.));
#3579=DIRECTION('',(-1.,0.,0.));
#3580=DIRECTION('',(0.,0.,1.));
#3581=DIRECTION('',(4.17000835571348E-17,1.,0.));
#3582=DIRECTION('',(-1.,0.,0.));
#3583=DIRECTION('',(0.,0.,1.));
#3584=DIRECTION('',(4.17000835571348E-17,1.,0.));
#3585=DIRECTION('',(1.,0.,0.));
#3586=DIRECTION('',(0.,0.,-1.));
#3587=DIRECTION('',(0.,-1.,0.));
#3588=DIRECTION('',(0.,0.,1.));
#3589=DIRECTION('',(1.,0.,0.));
#3590=DIRECTION('',(0.,0.,1.));
#3591=DIRECTION('',(1.,0.,0.));
#3592=DIRECTION('',(0.,-1.,0.));
#3593=DIRECTION('',(1.,0.,0.));
#3594=DIRECTION('',(0.,0.,-1.));
#3595=DIRECTION('',(-1.,0.,0.));
#3596=DIRECTION('',(0.,-1.,0.));
#3597=DIRECTION('',(-1.,0.,0.));
#3598=DIRECTION('',(0.,-1.,0.));
#3599=DIRECTION('',(-1.,0.,0.));
#3600=DIRECTION('',(0.,0.,-1.));
#3601=DIRECTION('',(-1.,0.,0.));
#3602=DIRECTION('',(0.,1.,0.));
#3603=DIRECTION('',(-1.,0.,0.));
#3604=DIRECTION('',(0.,-1.,0.));
#3605=DIRECTION('',(-1.,0.,0.));
#3606=DIRECTION('',(0.,0.,-1.));
#3607=DIRECTION('',(-1.,0.,0.));
#3608=DIRECTION('',(0.,1.,0.));
#3609=DIRECTION('',(-1.,0.,0.));
#3610=DIRECTION('',(0.,-1.,0.));
#3611=DIRECTION('',(-1.,0.,0.));
#3612=DIRECTION('',(0.,1.03414934422501E-17,1.));
#3613=DIRECTION('',(0.,-1.,1.03414934422501E-17));
#3614=DIRECTION('',(0.,1.,-1.03414934422501E-17));
#3615=DIRECTION('',(-1.,0.,0.));
#3616=DIRECTION('',(0.,-1.,1.03414934422501E-17));
#3617=DIRECTION('',(-1.,0.,0.));
#3618=DIRECTION('',(0.,1.,-1.03414934422501E-17));
#3619=DIRECTION('',(-1.,0.,0.));
#3620=DIRECTION('',(0.,-1.,1.03414934422501E-17));
#3621=DIRECTION('',(-1.,0.,0.));
#3622=DIRECTION('',(0.,1.,-1.03414934422501E-17));
#3623=DIRECTION('',(-1.,0.,0.));
#3624=DIRECTION('',(0.,1.,-1.03414934422501E-17));
#3625=DIRECTION('',(-1.,0.,0.));
#3626=DIRECTION('',(0.,-0.0646999613802572,0.997904762488582));
#3627=DIRECTION('',(0.,-0.997904762488582,-0.0646999613802572));
#3628=DIRECTION('',(0.,0.997904762488582,0.0646999613802572));
#3629=DIRECTION('',(0.,0.997904762488582,0.0646999613802572));
#3630=DIRECTION('',(-1.,0.,0.));
#3631=DIRECTION('',(0.,-0.0646999613802572,0.997904762488582));
#3632=DIRECTION('',(0.,-0.997904762488582,-0.0646999613802572));
#3633=DIRECTION('',(0.,-0.997904762488582,-0.0646999613802572));
#3634=DIRECTION('',(-1.,0.,0.));
#3635=DIRECTION('',(0.,0.997904762488582,0.0646999613802572));
#3636=DIRECTION('',(0.,-0.0646999613802572,0.997904762488582));
#3637=DIRECTION('',(0.,-0.997904762488582,-0.0646999613802572));
#3638=DIRECTION('',(0.,-0.997904762488582,-0.0646999613802572));
#3639=DIRECTION('',(-1.,0.,0.));
#3640=DIRECTION('',(0.,0.997904762488582,0.0646999613802572));
#3641=DIRECTION('',(-1.,0.,0.));
#3642=DIRECTION('',(0.,0.,1.));
#3643=DIRECTION('',(1.,0.,0.));
#3644=DIRECTION('',(0.,0.,-1.));
#3645=DIRECTION('',(1.,0.,0.));
#3646=DIRECTION('',(0.,0.,-1.));
#3647=DIRECTION('',(-1.,0.,0.));
#3648=DIRECTION('',(-1.,0.,0.));
#3649=DIRECTION('',(0.,0.,1.));
#3650=DIRECTION('',(-1.,0.,0.));
#3651=DIRECTION('',(0.,0.,1.));
#3652=DIRECTION('',(-1.,0.,0.));
#3653=DIRECTION('',(1.,0.,0.));
#3654=DIRECTION('',(0.,0.,-1.));
#3655=DIRECTION('',(-1.,0.,0.));
#3656=DIRECTION('',(0.,0.,1.));
#3657=DIRECTION('',(-1.,0.,0.));
#3658=DIRECTION('',(0.,0.,1.));
#3659=DIRECTION('',(-1.,0.,0.));
#3660=DIRECTION('',(1.,0.,0.));
#3661=DIRECTION('',(0.,0.,-1.));
#3662=DIRECTION('',(0.,-0.0646999613802573,-0.997904762488582));
#3663=DIRECTION('',(0.,0.997904762488582,-0.0646999613802573));
#3664=DIRECTION('',(0.,-0.997904762488582,0.0646999613802573));
#3665=DIRECTION('',(0.,-0.997904762488582,0.0646999613802573));
#3666=DIRECTION('',(0.,-0.0646999613802573,-0.997904762488582));
#3667=DIRECTION('',(0.,0.997904762488582,-0.0646999613802573));
#3668=DIRECTION('',(0.,0.997904762488582,-0.0646999613802573));
#3669=DIRECTION('',(0.,-0.997904762488582,0.0646999613802573));
#3670=DIRECTION('',(0.,-0.0646999613802573,-0.997904762488582));
#3671=DIRECTION('',(0.,0.997904762488582,-0.0646999613802573));
#3672=DIRECTION('',(0.,0.997904762488582,-0.0646999613802573));
#3673=DIRECTION('',(0.,-0.997904762488582,0.0646999613802573));
#3674=DIRECTION('',(0.,0.688794716467479,-0.724956439082022));
#3675=DIRECTION('',(0.,0.724956439082022,0.688794716467479));
#3676=DIRECTION('',(0.,-0.724956439082022,-0.688794716467479));
#3677=DIRECTION('',(0.,-0.724956439082022,-0.688794716467479));
#3678=DIRECTION('',(1.,0.,0.));
#3679=DIRECTION('',(1.,0.,0.));
#3680=DIRECTION('',(1.,0.,0.));
#3681=DIRECTION('',(0.,0.,-1.));
#3682=DIRECTION('',(1.,0.,0.));
#3683=DIRECTION('',(0.,0.,-1.));
#3684=DIRECTION('',(-1.,0.,0.));
#3685=DIRECTION('',(0.,0.,1.));
#3686=DIRECTION('',(0.,0.,-1.));
#3687=DIRECTION('',(1.,0.,0.));
#3688=DIRECTION('',(0.,0.,-1.));
#3689=DIRECTION('',(0.,0.,-1.));
#3690=DIRECTION('',(0.,1.,0.));
#3691=DIRECTION('',(0.,0.,1.));
#3692=DIRECTION('',(0.,1.,0.));
#3693=DIRECTION('',(0.,0.,1.));
#3694=DIRECTION('',(0.,0.,-1.));
#3695=DIRECTION('',(0.,0.,-1.));
#3696=DIRECTION('',(1.,0.,0.));
#3697=DIRECTION('',(0.,0.,-1.));
#3698=DIRECTION('',(-1.,0.,0.));
#3699=DIRECTION('',(0.,0.,1.));
#3700=DIRECTION('',(0.,-1.,0.));
#3701=DIRECTION('',(1.,0.,0.));
#3702=CARTESIAN_POINT('',(0.,0.,0.));
#3703=CARTESIAN_POINT('',(2.7,4.25,-1.025));
#3704=CARTESIAN_POINT('',(2.7,4.25,1.325));
#3705=CARTESIAN_POINT('',(-2.2,4.25,1.325));
#3706=CARTESIAN_POINT('',(-2.4,4.25,1.325));
#3707=CARTESIAN_POINT('',(-2.2,4.25,-1.025));
#3708=CARTESIAN_POINT('',(-2.2,4.25,2.025));
#3709=CARTESIAN_POINT('',(2.7,4.25,2.025));
#3710=CARTESIAN_POINT('',(-1.65,4.25,2.025));
#3711=CARTESIAN_POINT('',(-1.65,4.25,-1.025));
#3712=CARTESIAN_POINT('',(-1.65,4.25,2.225));
#3713=CARTESIAN_POINT('',(2.7,4.25,2.225));
#3714=CARTESIAN_POINT('',(1.65,4.25,2.225));
#3715=CARTESIAN_POINT('',(1.65,4.25,-1.025));
#3716=CARTESIAN_POINT('',(1.65,4.25,2.025));
#3717=CARTESIAN_POINT('',(2.7,4.25,2.025));
#3718=CARTESIAN_POINT('',(2.2,4.25,2.025));
#3719=CARTESIAN_POINT('',(2.2,4.25,-1.025));
#3720=CARTESIAN_POINT('',(2.2,4.25,1.325));
#3721=CARTESIAN_POINT('',(2.7,4.25,1.325));
#3722=CARTESIAN_POINT('',(2.4,4.25,1.325));
#3723=CARTESIAN_POINT('',(2.4,4.25,-1.025));
#3724=CARTESIAN_POINT('',(2.4,4.25,2.025));
#3725=CARTESIAN_POINT('',(2.7,4.25,2.025));
#3726=CARTESIAN_POINT('',(2.7,4.25,2.025));
#3727=CARTESIAN_POINT('',(2.7,4.25,-1.025));
#3728=CARTESIAN_POINT('',(2.7,4.25,-1.025));
#3729=CARTESIAN_POINT('',(2.7,4.25,-1.025));
#3730=CARTESIAN_POINT('',(1.25,4.25,-1.025));
#3731=CARTESIAN_POINT('',(2.7,4.25,-1.025));
#3732=CARTESIAN_POINT('',(0.75,4.25,-1.025));
#3733=CARTESIAN_POINT('',(0.75,4.25,-1.025));
#3734=CARTESIAN_POINT('',(0.75,4.25,-0.675));
#3735=CARTESIAN_POINT('',(2.7,4.25,-0.675));
#3736=CARTESIAN_POINT('',(1.75,4.25,-0.675));
#3737=CARTESIAN_POINT('',(1.75,4.25,-1.025));
#3738=CARTESIAN_POINT('',(1.75,4.25,-0.175));
#3739=CARTESIAN_POINT('',(2.7,4.25,-0.175));
#3740=CARTESIAN_POINT('',(2.15,4.25,-0.175));
#3741=CARTESIAN_POINT('',(2.15,4.25,-1.025));
#3742=CARTESIAN_POINT('',(2.15,4.25,0.525));
#3743=CARTESIAN_POINT('',(2.7,4.25,0.524999999999999));
#3744=CARTESIAN_POINT('',(1.75,4.25,0.525));
#3745=CARTESIAN_POINT('',(1.75,4.25,-1.025));
#3746=CARTESIAN_POINT('',(1.75,4.25,1.675));
#3747=CARTESIAN_POINT('',(2.7,4.25,1.675));
#3748=CARTESIAN_POINT('',(-1.75,4.25,1.675));
#3749=CARTESIAN_POINT('',(-1.75,4.25,-1.025));
#3750=CARTESIAN_POINT('',(-1.75,4.25,0.525));
#3751=CARTESIAN_POINT('',(2.7,4.25,0.524999999999999));
#3752=CARTESIAN_POINT('',(-2.15,4.25,0.525));
#3753=CARTESIAN_POINT('',(-2.15,4.25,-1.025));
#3754=CARTESIAN_POINT('',(-2.15,4.25,-0.175));
#3755=CARTESIAN_POINT('',(2.7,4.25,-0.175));
#3756=CARTESIAN_POINT('',(-1.75,4.25,-0.175));
#3757=CARTESIAN_POINT('',(-1.75,4.25,-1.025));
#3758=CARTESIAN_POINT('',(-1.75,4.25,-0.675));
#3759=CARTESIAN_POINT('',(2.7,4.25,-0.674999999999999));
#3760=CARTESIAN_POINT('',(-0.75,4.25,-0.675));
#3761=CARTESIAN_POINT('',(-0.75,4.25,-1.025));
#3762=CARTESIAN_POINT('',(-0.75,4.25,-1.025));
#3763=CARTESIAN_POINT('',(2.7,4.25,-1.025));
#3764=CARTESIAN_POINT('',(-1.25,4.25,-1.025));
#3765=CARTESIAN_POINT('',(2.7,4.25,-1.025));
#3766=CARTESIAN_POINT('',(-1.95,4.25,-1.025));
#3767=CARTESIAN_POINT('',(-1.95,4.25,-1.005));
#3768=CARTESIAN_POINT('',(-1.95,4.25,-1.005));
#3769=CARTESIAN_POINT('',(-1.95,4.25,-1.005));
#3770=CARTESIAN_POINT('',(-2.45,4.25,-1.005));
#3771=CARTESIAN_POINT('',(-2.45,4.25,-1.005));
#3772=CARTESIAN_POINT('',(-2.45,4.25,-1.025));
#3773=CARTESIAN_POINT('',(2.7,4.25,-1.025));
#3774=CARTESIAN_POINT('',(-2.7,4.25,-1.025));
#3775=CARTESIAN_POINT('',(-2.7,4.25,-1.025));
#3776=CARTESIAN_POINT('',(-2.7,4.25,2.025));
#3777=CARTESIAN_POINT('',(2.7,4.25,2.025));
#3778=CARTESIAN_POINT('',(-2.4,4.25,2.025));
#3779=CARTESIAN_POINT('',(-2.4,4.25,-1.025));
#3780=CARTESIAN_POINT('',(-2.7,5.2,-1.025));
#3781=CARTESIAN_POINT('',(-2.92386206810609,5.07075317415281,-1.025));
#3782=CARTESIAN_POINT('',(-2.2,3.8169873,-1.025));
#3783=CARTESIAN_POINT('',(-1.72613793353262,4.63774047131448,-1.025));
#3784=CARTESIAN_POINT('',(-1.25,5.2,-1.025));
#3785=CARTESIAN_POINT('',(-1.25,0.3,-1.025));
#3786=CARTESIAN_POINT('',(2.7,0.3,-1.025));
#3787=CARTESIAN_POINT('',(-2.7,0.3,-1.025));
#3788=CARTESIAN_POINT('',(-2.7,0.,-1.025));
#3789=CARTESIAN_POINT('',(2.7,0.3,-2.225));
#3790=CARTESIAN_POINT('',(-1.25,5.2,-2.225));
#3791=CARTESIAN_POINT('',(-1.25,5.2,-2.225));
#3792=CARTESIAN_POINT('',(-1.25,0.3,-2.225));
#3793=CARTESIAN_POINT('',(2.7,5.2,-2.225));
#3794=CARTESIAN_POINT('',(1.25,5.2,-2.225));
#3795=CARTESIAN_POINT('',(1.25,5.2,-2.225));
#3796=CARTESIAN_POINT('',(1.25,0.3,-2.225));
#3797=CARTESIAN_POINT('',(2.7,0.3,-2.225));
#3798=CARTESIAN_POINT('',(-0.75,0.3,-2.225));
#3799=CARTESIAN_POINT('',(-0.75,3.35,-2.225));
#3800=CARTESIAN_POINT('',(-0.75,4.35,-2.225));
#3801=CARTESIAN_POINT('',(-0.45,3.35,-2.225));
#3802=CARTESIAN_POINT('',(-0.45,3.05,-2.225));
#3803=CARTESIAN_POINT('',(2.7,3.05,-2.225));
#3804=CARTESIAN_POINT('',(0.45,3.05,-2.225));
#3805=CARTESIAN_POINT('',(0.449999999999999,3.35,-2.225));
#3806=CARTESIAN_POINT('',(0.75,3.35,-2.225));
#3807=CARTESIAN_POINT('',(0.75,0.3,-2.225));
#3808=CARTESIAN_POINT('',(0.75,4.35,-2.225));
#3809=CARTESIAN_POINT('',(2.7,4.35,-2.225));
#3810=CARTESIAN_POINT('',(0.75,1.25,-1.825));
#3811=CARTESIAN_POINT('',(-0.45,3.35,-1.825));
#3812=CARTESIAN_POINT('',(-0.75,3.35,-1.825));
#3813=CARTESIAN_POINT('',(-0.45,3.05,-1.825));
#3814=CARTESIAN_POINT('',(-0.75,1.25,-1.825));
#3815=CARTESIAN_POINT('',(-0.75,1.25,-1.825));
#3816=CARTESIAN_POINT('',(0.75,1.25,-1.825));
#3817=CARTESIAN_POINT('',(0.75,1.25,-1.825));
#3818=CARTESIAN_POINT('',(0.75,1.25,-1.825));
#3819=CARTESIAN_POINT('',(0.75,3.35,-1.825));
#3820=CARTESIAN_POINT('',(0.449999999999999,3.35,-1.825));
#3821=CARTESIAN_POINT('',(0.45,3.05,-1.825));
#3822=CARTESIAN_POINT('',(-0.45,3.05,-1.825));
#3823=CARTESIAN_POINT('',(0.75,1.25,-1.825));
#3824=CARTESIAN_POINT('',(0.75,4.35,-1.825));
#3825=CARTESIAN_POINT('',(0.75,4.35,-1.825));
#3826=CARTESIAN_POINT('',(-0.75,4.35,-1.825));
#3827=CARTESIAN_POINT('',(0.75,1.25,-1.825));
#3828=CARTESIAN_POINT('',(0.75,5.2,-1.825));
#3829=CARTESIAN_POINT('',(0.75,5.2,-1.825));
#3830=CARTESIAN_POINT('',(-0.75,5.2,-1.825));
#3831=CARTESIAN_POINT('',(-0.75,1.25,-1.825));
#3832=CARTESIAN_POINT('',(2.7,5.2,-1.025));
#3833=CARTESIAN_POINT('',(2.7,5.2,-1.025));
#3834=CARTESIAN_POINT('',(1.25,5.2,-1.025));
#3835=CARTESIAN_POINT('',(0.75,5.2,-1.025));
#3836=CARTESIAN_POINT('',(0.75,5.2,-1.025));
#3837=CARTESIAN_POINT('',(1.25,5.2,-1.025));
#3838=CARTESIAN_POINT('',(2.7,1.25,2.125));
#3839=CARTESIAN_POINT('',(-1.35,1.25,2.125));
#3840=CARTESIAN_POINT('',(-1.35,1.25,2.125));
#3841=CARTESIAN_POINT('',(-1.35,0.95,2.125));
#3842=CARTESIAN_POINT('',(2.7,1.25,2.125));
#3843=CARTESIAN_POINT('',(-1.65,1.25,2.125));
#3844=CARTESIAN_POINT('',(-1.65,1.25,2.125));
#3845=CARTESIAN_POINT('',(-1.65,0.95,2.125));
#3846=CARTESIAN_POINT('',(2.7,0.95,2.125));
#3847=CARTESIAN_POINT('',(2.7,1.25,2.125));
#3848=CARTESIAN_POINT('',(1.35,1.25,2.125));
#3849=CARTESIAN_POINT('',(1.35,0.95,2.125));
#3850=CARTESIAN_POINT('',(1.35,1.25,2.125));
#3851=CARTESIAN_POINT('',(2.7,0.95,2.125));
#3852=CARTESIAN_POINT('',(1.65,0.95,2.125));
#3853=CARTESIAN_POINT('',(1.65,1.25,2.125));
#3854=CARTESIAN_POINT('',(1.65,1.25,2.125));
#3855=CARTESIAN_POINT('',(2.7,1.25,2.125));
#3856=CARTESIAN_POINT('',(2.7,1.25,2.125));
#3857=CARTESIAN_POINT('',(0.65,1.25,2.125));
#3858=CARTESIAN_POINT('',(0.65,1.25,2.125));
#3859=CARTESIAN_POINT('',(0.650000000000001,0.95,2.125));
#3860=CARTESIAN_POINT('',(2.7,1.25,2.125));
#3861=CARTESIAN_POINT('',(0.35,1.25,2.125));
#3862=CARTESIAN_POINT('',(0.35,1.25,2.125));
#3863=CARTESIAN_POINT('',(0.35,0.95,2.125));
#3864=CARTESIAN_POINT('',(2.7,0.95,2.125));
#3865=CARTESIAN_POINT('',(2.7,1.25,2.125));
#3866=CARTESIAN_POINT('',(-0.35,1.25,2.125));
#3867=CARTESIAN_POINT('',(-0.35,1.25,2.125));
#3868=CARTESIAN_POINT('',(-0.349999999999999,0.95,2.125));
#3869=CARTESIAN_POINT('',(2.7,1.25,2.125));
#3870=CARTESIAN_POINT('',(-0.65,1.25,2.125));
#3871=CARTESIAN_POINT('',(-0.65,1.25,2.125));
#3872=CARTESIAN_POINT('',(-0.65,0.95,2.125));
#3873=CARTESIAN_POINT('',(2.7,0.95,2.125));
#3874=CARTESIAN_POINT('',(2.7,0.95,2.125));
#3875=CARTESIAN_POINT('',(1.35,0.95,2.125));
#3876=CARTESIAN_POINT('',(1.35,0.95,2.025));
#3877=CARTESIAN_POINT('',(2.7,0.95,2.025));
#3878=CARTESIAN_POINT('',(0.65,0.95,2.025));
#3879=CARTESIAN_POINT('',(0.65,0.95,2.125));
#3880=CARTESIAN_POINT('',(0.35,0.95,2.125));
#3881=CARTESIAN_POINT('',(0.35,0.95,2.025));
#3882=CARTESIAN_POINT('',(2.7,0.95,2.025));
#3883=CARTESIAN_POINT('',(-0.35,0.95,2.025));
#3884=CARTESIAN_POINT('',(-0.35,0.95,2.125));
#3885=CARTESIAN_POINT('',(-0.65,0.95,2.125));
#3886=CARTESIAN_POINT('',(-0.65,0.95,2.025));
#3887=CARTESIAN_POINT('',(2.7,0.95,2.025));
#3888=CARTESIAN_POINT('',(-1.35,0.95,2.025));
#3889=CARTESIAN_POINT('',(-1.35,0.95,2.125));
#3890=CARTESIAN_POINT('',(-1.65,0.95,2.125));
#3891=CARTESIAN_POINT('',(-1.65,0.95,2.025));
#3892=CARTESIAN_POINT('',(2.7,0.95,2.025));
#3893=CARTESIAN_POINT('',(-2.7,0.95,2.025));
#3894=CARTESIAN_POINT('',(-2.7,0.95,2.125));
#3895=CARTESIAN_POINT('',(-2.7,0.949999999999999,1.925));
#3896=CARTESIAN_POINT('',(2.7,0.949999999999999,1.925));
#3897=CARTESIAN_POINT('',(2.7,0.949999999999999,1.925));
#3898=CARTESIAN_POINT('',(2.7,0.95,2.125));
#3899=CARTESIAN_POINT('',(2.7,0.95,2.025));
#3900=CARTESIAN_POINT('',(2.7,0.95,2.025));
#3901=CARTESIAN_POINT('',(1.65,0.95,2.025));
#3902=CARTESIAN_POINT('',(1.65,0.95,2.125));
#3903=CARTESIAN_POINT('',(2.7,0.,0.));
#3904=CARTESIAN_POINT('',(2.7,5.2,2.025));
#3905=CARTESIAN_POINT('',(2.7,0.949999999999999,1.925));
#3906=CARTESIAN_POINT('',(2.7,0.,1.925));
#3907=CARTESIAN_POINT('',(2.7,0.,1.925));
#3908=CARTESIAN_POINT('',(2.7,0.,-0.675000000000001));
#3909=CARTESIAN_POINT('',(2.7,0.,-0.675));
#3910=CARTESIAN_POINT('',(2.7,0.3,-0.675));
#3911=CARTESIAN_POINT('',(2.7,0.3,-0.675));
#3912=CARTESIAN_POINT('',(2.7,0.3,-1.025));
#3913=CARTESIAN_POINT('',(2.7,0.,-1.025));
#3914=CARTESIAN_POINT('',(-2.7,0.,0.));
#3915=CARTESIAN_POINT('',(-2.7,5.2,2.025));
#3916=CARTESIAN_POINT('',(-2.7,0.3,-0.675));
#3917=CARTESIAN_POINT('',(-2.7,0.3,-0.675));
#3918=CARTESIAN_POINT('',(-2.7,0.,-0.675));
#3919=CARTESIAN_POINT('',(-2.7,0.,-0.675000000000001));
#3920=CARTESIAN_POINT('',(-2.7,0.,1.925));
#3921=CARTESIAN_POINT('',(-2.7,0.,1.925));
#3922=CARTESIAN_POINT('',(-2.7,0.949999999999999,1.925));
#3923=CARTESIAN_POINT('',(2.7,4.25,2.225));
#3924=CARTESIAN_POINT('',(1.65,5.2,2.225));
#3925=CARTESIAN_POINT('',(1.65,1.25,2.225));
#3926=CARTESIAN_POINT('',(-1.65,5.2,2.225));
#3927=CARTESIAN_POINT('',(-1.65,1.25,2.225));
#3928=CARTESIAN_POINT('',(2.7,1.25,2.225));
#3929=CARTESIAN_POINT('',(2.7,1.25,2.225));
#3930=CARTESIAN_POINT('',(-1.65,1.25,2.225));
#3931=CARTESIAN_POINT('',(-1.35,1.25,2.025));
#3932=CARTESIAN_POINT('',(-1.35,1.25,2.025));
#3933=CARTESIAN_POINT('',(-0.65,1.25,2.025));
#3934=CARTESIAN_POINT('',(-0.65,1.25,2.025));
#3935=CARTESIAN_POINT('',(-0.65,1.25,2.225));
#3936=CARTESIAN_POINT('',(-0.35,1.25,2.025));
#3937=CARTESIAN_POINT('',(-0.35,1.25,2.025));
#3938=CARTESIAN_POINT('',(0.35,1.25,2.025));
#3939=CARTESIAN_POINT('',(0.35,1.25,2.025));
#3940=CARTESIAN_POINT('',(0.35,1.25,2.225));
#3941=CARTESIAN_POINT('',(0.65,1.25,2.025));
#3942=CARTESIAN_POINT('',(0.65,1.25,2.025));
#3943=CARTESIAN_POINT('',(1.35,1.25,2.025));
#3944=CARTESIAN_POINT('',(1.35,1.25,2.025));
#3945=CARTESIAN_POINT('',(1.35,1.25,3.025));
#3946=CARTESIAN_POINT('',(1.65,1.25,2.225));
#3947=CARTESIAN_POINT('',(2.7,0.3,-0.675));
#3948=CARTESIAN_POINT('',(-1.25,0.3,-0.675));
#3949=CARTESIAN_POINT('',(1.25,0.3,-0.675));
#3950=CARTESIAN_POINT('',(1.25,0.3,-1.025));
#3951=CARTESIAN_POINT('',(2.7,0.3,-1.025));
#3952=CARTESIAN_POINT('',(2.7,0.3,-0.675));
#3953=CARTESIAN_POINT('',(2.7,5.2,-2.225));
#3954=CARTESIAN_POINT('',(0.75,5.2,-0.675));
#3955=CARTESIAN_POINT('',(1.25,5.2,-2.225));
#3956=CARTESIAN_POINT('',(-1.25,5.2,-1.025));
#3957=CARTESIAN_POINT('',(-1.25,5.2,-1.025));
#3958=CARTESIAN_POINT('',(2.7,5.2,-1.025));
#3959=CARTESIAN_POINT('',(-0.749999999999999,5.2,-1.025));
#3960=CARTESIAN_POINT('',(-0.75,5.2,-1.825));
#3961=CARTESIAN_POINT('',(2.7,5.2,-1.025));
#3962=CARTESIAN_POINT('',(-0.75,5.2,-1.025));
#3963=CARTESIAN_POINT('',(-1.25,5.2,-1.025));
#3964=CARTESIAN_POINT('',(2.7,0.949999999999999,1.925));
#3965=CARTESIAN_POINT('',(2.7,0.,1.925));
#3966=CARTESIAN_POINT('',(2.7,0.,1.925));
#3967=CARTESIAN_POINT('',(2.7,0.,-0.675000000000001));
#3968=CARTESIAN_POINT('',(2.7,0.,-0.675));
#3969=CARTESIAN_POINT('',(-1.25,5.2,-1.025));
#3970=CARTESIAN_POINT('',(1.25,5.2,-2.225));
#3971=CARTESIAN_POINT('',(1.25,5.2,-1.025));
#3972=CARTESIAN_POINT('',(1.25,5.2,-1.025));
#3973=CARTESIAN_POINT('',(-1.65,5.2,2.025));
#3974=CARTESIAN_POINT('',(-2.2,5.2,2.025));
#3975=CARTESIAN_POINT('',(-2.2,2.89582575694956,2.025));
#3976=CARTESIAN_POINT('',(-2.2,2.89582575694956,2.025));
#3977=CARTESIAN_POINT('',(-2.4,2.89582575694956,2.025));
#3978=CARTESIAN_POINT('',(-2.4,5.2,2.025));
#3979=CARTESIAN_POINT('',(-1.65,5.2,2.025));
#3980=CARTESIAN_POINT('',(-1.65,5.2,2.225));
#3981=CARTESIAN_POINT('',(2.7,5.2,2.025));
#3982=CARTESIAN_POINT('',(2.4,5.2,2.025));
#3983=CARTESIAN_POINT('',(2.4,2.89582575694956,2.025));
#3984=CARTESIAN_POINT('',(2.4,2.89582575694956,2.025));
#3985=CARTESIAN_POINT('',(2.2,2.89582575694956,2.025));
#3986=CARTESIAN_POINT('',(2.2,5.2,2.025));
#3987=CARTESIAN_POINT('',(1.65,5.2,2.025));
#3988=CARTESIAN_POINT('',(1.65,5.2,2.025));
#3989=CARTESIAN_POINT('',(-0.65,1.25,2.025));
#3990=CARTESIAN_POINT('',(-0.65,1.25,2.025));
#3991=CARTESIAN_POINT('',(-1.35,1.25,2.025));
#3992=CARTESIAN_POINT('',(-0.65,1.25,2.225));
#3993=CARTESIAN_POINT('',(-1.35,1.25,2.025));
#3994=CARTESIAN_POINT('',(-0.35,1.25,2.025));
#3995=CARTESIAN_POINT('',(-0.35,1.25,2.025));
#3996=CARTESIAN_POINT('',(0.35,1.25,2.025));
#3997=CARTESIAN_POINT('',(0.35,1.25,2.025));
#3998=CARTESIAN_POINT('',(0.35,1.25,2.225));
#3999=CARTESIAN_POINT('',(1.35,1.25,3.025));
#4000=CARTESIAN_POINT('',(1.35,1.25,2.025));
#4001=CARTESIAN_POINT('',(1.35,1.25,2.025));
#4002=CARTESIAN_POINT('',(0.65,1.25,2.025));
#4003=CARTESIAN_POINT('',(0.65,1.25,2.025));
#4004=CARTESIAN_POINT('',(-1.75,1.25,-0.175));
#4005=CARTESIAN_POINT('',(-2.15,1.25,-0.175));
#4006=CARTESIAN_POINT('',(-2.15,1.25,-0.175));
#4007=CARTESIAN_POINT('',(-1.75,1.25,-0.175));
#4008=CARTESIAN_POINT('',(-1.75,1.25,-0.175));
#4009=CARTESIAN_POINT('',(-1.75,1.25,-0.175));
#4010=CARTESIAN_POINT('',(-2.15,1.25,-0.175));
#4011=CARTESIAN_POINT('',(-2.15,1.25,0.525));
#4012=CARTESIAN_POINT('',(-2.15,1.25,0.525));
#4013=CARTESIAN_POINT('',(-2.15,1.25,-0.175));
#4014=CARTESIAN_POINT('',(-2.15,1.25,0.525));
#4015=CARTESIAN_POINT('',(-1.75,1.25,0.525));
#4016=CARTESIAN_POINT('',(-1.75,1.25,0.525));
#4017=CARTESIAN_POINT('',(-2.15,1.25,0.525));
#4018=CARTESIAN_POINT('',(-1.75,1.25,0.525));
#4019=CARTESIAN_POINT('',(-1.75,1.25,1.675));
#4020=CARTESIAN_POINT('',(-1.75,1.25,1.675));
#4021=CARTESIAN_POINT('',(-1.75,1.25,0.525));
#4022=CARTESIAN_POINT('',(-1.75,1.25,1.675));
#4023=CARTESIAN_POINT('',(1.75,1.25,1.675));
#4024=CARTESIAN_POINT('',(1.75,1.25,1.675));
#4025=CARTESIAN_POINT('',(-1.75,1.25,1.675));
#4026=CARTESIAN_POINT('',(1.75,1.25,1.675));
#4027=CARTESIAN_POINT('',(1.75,1.25,0.525));
#4028=CARTESIAN_POINT('',(1.75,1.25,0.525));
#4029=CARTESIAN_POINT('',(1.75,1.25,1.675));
#4030=CARTESIAN_POINT('',(1.75,1.25,0.525));
#4031=CARTESIAN_POINT('',(2.15,1.25,0.525));
#4032=CARTESIAN_POINT('',(2.15,1.25,0.525));
#4033=CARTESIAN_POINT('',(1.75,1.25,0.525));
#4034=CARTESIAN_POINT('',(2.15,1.25,0.525));
#4035=CARTESIAN_POINT('',(2.15,1.25,-0.175));
#4036=CARTESIAN_POINT('',(2.15,1.25,-0.175));
#4037=CARTESIAN_POINT('',(2.15,1.25,0.525));
#4038=CARTESIAN_POINT('',(2.15,1.25,-0.175));
#4039=CARTESIAN_POINT('',(1.75,1.25,-0.175));
#4040=CARTESIAN_POINT('',(1.75,1.25,-0.175));
#4041=CARTESIAN_POINT('',(2.15,1.25,-0.175));
#4042=CARTESIAN_POINT('',(1.75,1.25,-0.175));
#4043=CARTESIAN_POINT('',(1.75,1.25,-0.675));
#4044=CARTESIAN_POINT('',(1.75,1.25,-0.675));
#4045=CARTESIAN_POINT('',(1.75,1.25,-0.175));
#4046=CARTESIAN_POINT('',(1.75,1.25,-0.675));
#4047=CARTESIAN_POINT('',(0.75,1.25,-0.675));
#4048=CARTESIAN_POINT('',(0.75,1.25,-0.675));
#4049=CARTESIAN_POINT('',(1.75,1.25,-0.675));
#4050=CARTESIAN_POINT('',(-0.75,1.25,-0.675));
#4051=CARTESIAN_POINT('',(-1.75,1.25,-0.675));
#4052=CARTESIAN_POINT('',(-1.75,1.25,-0.675));
#4053=CARTESIAN_POINT('',(-0.75,1.25,-0.675));
#4054=CARTESIAN_POINT('',(-0.75,1.25,-0.675));
#4055=CARTESIAN_POINT('',(-0.75,1.25,-0.675));
#4056=CARTESIAN_POINT('',(-1.75,1.25,-0.675));
#4057=CARTESIAN_POINT('',(-1.75,1.25,-0.675));
#4058=CARTESIAN_POINT('',(0.75,1.25,-0.675));
#4059=CARTESIAN_POINT('',(0.75,4.35,-1.825));
#4060=CARTESIAN_POINT('',(0.75,3.35,-1.825));
#4061=CARTESIAN_POINT('',(0.75,1.25,-0.675));
#4062=CARTESIAN_POINT('',(-0.75,1.25,-1.825));
#4063=CARTESIAN_POINT('',(-0.75,1.25,-1.825));
#4064=CARTESIAN_POINT('',(-0.75,3.35,-1.825));
#4065=CARTESIAN_POINT('',(-0.75,4.35,-1.825));
#4066=CARTESIAN_POINT('',(0.,1.25,0.));
#4067=CARTESIAN_POINT('',(-0.45,3.35,-1.825));
#4068=CARTESIAN_POINT('',(-0.45,3.05,-1.825));
#4069=CARTESIAN_POINT('',(-0.45,3.05,-1.825));
#4070=CARTESIAN_POINT('',(0.45,3.05,-1.825));
#4071=CARTESIAN_POINT('',(0.449999999999999,3.35,-1.825));
#4072=CARTESIAN_POINT('',(0.75,4.35,-1.825));
#4073=CARTESIAN_POINT('',(-2.45,4.25,-1.005));
#4074=CARTESIAN_POINT('',(-2.45,4.25,-1.005));
#4075=CARTESIAN_POINT('',(-2.2,3.8169873,-1.005));
#4076=CARTESIAN_POINT('',(-2.2,3.8169873,-1.005));
#4077=CARTESIAN_POINT('',(-2.2,3.8169873,-1.005));
#4078=CARTESIAN_POINT('',(-2.2,3.8169873,-1.005));
#4079=CARTESIAN_POINT('',(0.,0.,-1.005));
#4080=CARTESIAN_POINT('',(2.4,3.41846787517318,1.325));
#4081=CARTESIAN_POINT('',(2.4,3.41846787517318,1.325));
#4082=CARTESIAN_POINT('',(2.4,4.4,1.325));
#4083=CARTESIAN_POINT('',(2.2,3.41846787517318,1.325));
#4084=CARTESIAN_POINT('',(2.2,4.4,1.325));
#4085=CARTESIAN_POINT('',(2.4,4.4,1.325));
#4086=CARTESIAN_POINT('',(2.4,2.85,2.045));
#4087=CARTESIAN_POINT('',(2.4,4.4,1.325));
#4088=CARTESIAN_POINT('',(2.4,4.4,1.48839745962156));
#4089=CARTESIAN_POINT('',(2.4,4.4,1.48839745962156));
#4090=CARTESIAN_POINT('',(2.4,4.325,1.53169872981078));
#4091=CARTESIAN_POINT('',(2.4,4.35,1.575));
#4092=CARTESIAN_POINT('',(2.4,4.35,1.625));
#4093=CARTESIAN_POINT('',(2.4,4.35,1.625));
#4094=CARTESIAN_POINT('',(2.4,4.35,1.925));
#4095=CARTESIAN_POINT('',(2.4,4.35,1.975));
#4096=CARTESIAN_POINT('',(2.4,4.325,2.01830127018922));
#4097=CARTESIAN_POINT('',(2.4,4.325,2.01830127018922));
#4098=CARTESIAN_POINT('',(2.4,4.4,2.06160254037844));
#4099=CARTESIAN_POINT('',(2.4,4.4,2.06160254037844));
#4100=CARTESIAN_POINT('',(2.4,4.4,2.225));
#4101=CARTESIAN_POINT('',(2.4,4.4,2.225));
#4102=CARTESIAN_POINT('',(2.4,4.25,2.375));
#4103=CARTESIAN_POINT('',(2.4,4.25,2.375));
#4104=CARTESIAN_POINT('',(2.4,3.05,2.375));
#4105=CARTESIAN_POINT('',(2.4,3.05,2.375));
#4106=CARTESIAN_POINT('',(2.4,2.9,2.225));
#4107=CARTESIAN_POINT('',(2.4,2.9,2.225));
#4108=CARTESIAN_POINT('',(2.4,2.9,2.045));
#4109=CARTESIAN_POINT('',(2.4,2.85,2.045));
#4110=CARTESIAN_POINT('',(2.2,2.85,2.045));
#4111=CARTESIAN_POINT('',(2.2,2.85,2.045));
#4112=CARTESIAN_POINT('',(2.2,2.9,2.045));
#4113=CARTESIAN_POINT('',(2.2,2.9,2.225));
#4114=CARTESIAN_POINT('',(2.2,2.9,2.225));
#4115=CARTESIAN_POINT('',(2.2,3.05,2.375));
#4116=CARTESIAN_POINT('',(2.2,3.05,2.375));
#4117=CARTESIAN_POINT('',(2.2,4.25,2.375));
#4118=CARTESIAN_POINT('',(2.2,4.25,2.375));
#4119=CARTESIAN_POINT('',(2.2,4.4,2.225));
#4120=CARTESIAN_POINT('',(2.2,4.4,2.225));
#4121=CARTESIAN_POINT('',(2.2,4.4,2.06160254037844));
#4122=CARTESIAN_POINT('',(2.2,4.4,2.06160254037844));
#4123=CARTESIAN_POINT('',(2.2,4.325,2.01830127018922));
#4124=CARTESIAN_POINT('',(2.2,4.325,2.01830127018922));
#4125=CARTESIAN_POINT('',(2.2,4.35,1.975));
#4126=CARTESIAN_POINT('',(2.2,4.35,1.925));
#4127=CARTESIAN_POINT('',(2.2,4.35,1.625));
#4128=CARTESIAN_POINT('',(2.2,4.35,1.625));
#4129=CARTESIAN_POINT('',(2.2,4.35,1.575));
#4130=CARTESIAN_POINT('',(2.2,4.325,1.53169872981078));
#4131=CARTESIAN_POINT('',(2.2,4.4,1.48839745962156));
#4132=CARTESIAN_POINT('',(2.2,4.4,1.48839745962156));
#4133=CARTESIAN_POINT('',(2.2,4.4,1.325));
#4134=CARTESIAN_POINT('',(2.4,4.4,2.225));
#4135=CARTESIAN_POINT('',(2.4,4.25,2.375));
#4136=CARTESIAN_POINT('',(2.4,4.4,2.225));
#4137=CARTESIAN_POINT('',(2.4,4.25,2.375));
#4138=CARTESIAN_POINT('',(2.4,3.05,2.375));
#4139=CARTESIAN_POINT('',(2.4,3.05,2.375));
#4140=CARTESIAN_POINT('',(2.4,2.9,2.225));
#4141=CARTESIAN_POINT('',(2.4,2.9,2.225));
#4142=CARTESIAN_POINT('',(2.4,2.9,2.045));
#4143=CARTESIAN_POINT('',(2.4,2.85,2.045));
#4144=CARTESIAN_POINT('',(2.4,4.4,1.325));
#4145=CARTESIAN_POINT('',(2.4,4.4,1.48839745962156));
#4146=CARTESIAN_POINT('',(2.4,4.4,1.48839745962156));
#4147=CARTESIAN_POINT('',(2.4,4.325,1.53169872981078));
#4148=CARTESIAN_POINT('',(2.4,4.35,1.575));
#4149=CARTESIAN_POINT('',(2.4,4.35,1.625));
#4150=CARTESIAN_POINT('',(2.4,4.35,1.625));
#4151=CARTESIAN_POINT('',(2.4,4.35,1.925));
#4152=CARTESIAN_POINT('',(2.4,4.35,1.975));
#4153=CARTESIAN_POINT('',(2.4,4.325,2.01830127018922));
#4154=CARTESIAN_POINT('',(2.4,4.325,2.01830127018922));
#4155=CARTESIAN_POINT('',(2.4,4.4,2.06160254037844));
#4156=CARTESIAN_POINT('',(2.4,4.4,2.06160254037844));
#4157=CARTESIAN_POINT('',(-2.2,3.41846787517318,1.325));
#4158=CARTESIAN_POINT('',(-2.2,3.41846787517318,1.325));
#4159=CARTESIAN_POINT('',(-2.2,4.4,1.325));
#4160=CARTESIAN_POINT('',(-2.4,3.41846787517318,1.325));
#4161=CARTESIAN_POINT('',(-2.4,4.4,1.325));
#4162=CARTESIAN_POINT('',(-2.2,4.4,1.325));
#4163=CARTESIAN_POINT('',(-2.2,2.85,2.045));
#4164=CARTESIAN_POINT('',(-2.2,4.4,1.325));
#4165=CARTESIAN_POINT('',(-2.2,4.4,1.48839745962156));
#4166=CARTESIAN_POINT('',(-2.2,4.4,1.48839745962156));
#4167=CARTESIAN_POINT('',(-2.2,4.325,1.53169872981078));
#4168=CARTESIAN_POINT('',(-2.2,4.35,1.575));
#4169=CARTESIAN_POINT('',(-2.2,4.35,1.625));
#4170=CARTESIAN_POINT('',(-2.2,4.35,1.625));
#4171=CARTESIAN_POINT('',(-2.2,4.35,1.925));
#4172=CARTESIAN_POINT('',(-2.2,4.35,1.975));
#4173=CARTESIAN_POINT('',(-2.2,4.325,2.01830127018922));
#4174=CARTESIAN_POINT('',(-2.2,4.325,2.01830127018922));
#4175=CARTESIAN_POINT('',(-2.2,4.4,2.06160254037844));
#4176=CARTESIAN_POINT('',(-2.2,4.4,2.06160254037844));
#4177=CARTESIAN_POINT('',(-2.2,4.4,2.225));
#4178=CARTESIAN_POINT('',(-2.2,4.4,2.225));
#4179=CARTESIAN_POINT('',(-2.2,4.25,2.375));
#4180=CARTESIAN_POINT('',(-2.2,4.25,2.375));
#4181=CARTESIAN_POINT('',(-2.2,3.05,2.375));
#4182=CARTESIAN_POINT('',(-2.2,3.05,2.375));
#4183=CARTESIAN_POINT('',(-2.2,2.9,2.225));
#4184=CARTESIAN_POINT('',(-2.2,2.9,2.225));
#4185=CARTESIAN_POINT('',(-2.2,2.9,2.045));
#4186=CARTESIAN_POINT('',(-2.2,2.85,2.045));
#4187=CARTESIAN_POINT('',(-2.4,2.85,2.045));
#4188=CARTESIAN_POINT('',(-2.4,2.85,2.045));
#4189=CARTESIAN_POINT('',(-2.4,2.9,2.045));
#4190=CARTESIAN_POINT('',(-2.4,2.9,2.225));
#4191=CARTESIAN_POINT('',(-2.4,2.9,2.225));
#4192=CARTESIAN_POINT('',(-2.4,3.05,2.375));
#4193=CARTESIAN_POINT('',(-2.4,3.05,2.375));
#4194=CARTESIAN_POINT('',(-2.4,4.25,2.375));
#4195=CARTESIAN_POINT('',(-2.4,4.25,2.375));
#4196=CARTESIAN_POINT('',(-2.4,4.4,2.225));
#4197=CARTESIAN_POINT('',(-2.4,4.4,2.225));
#4198=CARTESIAN_POINT('',(-2.4,4.4,2.06160254037844));
#4199=CARTESIAN_POINT('',(-2.4,4.4,2.06160254037844));
#4200=CARTESIAN_POINT('',(-2.4,4.325,2.01830127018922));
#4201=CARTESIAN_POINT('',(-2.4,4.325,2.01830127018922));
#4202=CARTESIAN_POINT('',(-2.4,4.35,1.975));
#4203=CARTESIAN_POINT('',(-2.4,4.35,1.925));
#4204=CARTESIAN_POINT('',(-2.4,4.35,1.625));
#4205=CARTESIAN_POINT('',(-2.4,4.35,1.625));
#4206=CARTESIAN_POINT('',(-2.4,4.35,1.575));
#4207=CARTESIAN_POINT('',(-2.4,4.325,1.53169872981078));
#4208=CARTESIAN_POINT('',(-2.4,4.4,1.48839745962156));
#4209=CARTESIAN_POINT('',(-2.4,4.4,1.48839745962156));
#4210=CARTESIAN_POINT('',(-2.4,4.4,1.325));
#4211=CARTESIAN_POINT('',(-2.2,4.4,2.225));
#4212=CARTESIAN_POINT('',(-2.2,4.25,2.375));
#4213=CARTESIAN_POINT('',(-2.2,4.4,2.225));
#4214=CARTESIAN_POINT('',(-2.2,4.25,2.375));
#4215=CARTESIAN_POINT('',(-2.2,3.05,2.375));
#4216=CARTESIAN_POINT('',(-2.2,3.05,2.375));
#4217=CARTESIAN_POINT('',(-2.2,2.9,2.225));
#4218=CARTESIAN_POINT('',(-2.2,2.9,2.225));
#4219=CARTESIAN_POINT('',(-2.2,2.9,2.045));
#4220=CARTESIAN_POINT('',(-2.2,2.85,2.045));
#4221=CARTESIAN_POINT('',(-2.2,4.4,1.325));
#4222=CARTESIAN_POINT('',(-2.2,4.4,1.48839745962156));
#4223=CARTESIAN_POINT('',(-2.2,4.4,1.48839745962156));
#4224=CARTESIAN_POINT('',(-2.2,4.325,1.53169872981078));
#4225=CARTESIAN_POINT('',(-2.2,4.35,1.575));
#4226=CARTESIAN_POINT('',(-2.2,4.35,1.625));
#4227=CARTESIAN_POINT('',(-2.2,4.35,1.625));
#4228=CARTESIAN_POINT('',(-2.2,4.35,1.925));
#4229=CARTESIAN_POINT('',(-2.2,4.35,1.975));
#4230=CARTESIAN_POINT('',(-2.2,4.325,2.01830127018922));
#4231=CARTESIAN_POINT('',(-2.2,4.325,2.01830127018922));
#4232=CARTESIAN_POINT('',(-2.2,4.4,2.06160254037844));
#4233=CARTESIAN_POINT('',(-2.2,4.4,2.06160254037844));
#4234=CARTESIAN_POINT('',(0.,0.,0.));
#4235=CARTESIAN_POINT('',(1.1,0.1,2.375));
#4236=CARTESIAN_POINT('',(-0.9,0.1,2.375));
#4237=CARTESIAN_POINT('',(-0.9,0.1,2.375));
#4238=CARTESIAN_POINT('',(-0.9,-0.549999994524964,2.375));
#4239=CARTESIAN_POINT('',(1.1,0.1,2.375));
#4240=CARTESIAN_POINT('',(-1.1,0.1,2.375));
#4241=CARTESIAN_POINT('',(-1.1,0.1,2.375));
#4242=CARTESIAN_POINT('',(-1.1,-0.549999994524964,2.375));
#4243=CARTESIAN_POINT('',(1.1,-0.549999994524964,2.375));
#4244=CARTESIAN_POINT('',(1.1,0.1,2.375));
#4245=CARTESIAN_POINT('',(1.1,0.1,2.375));
#4246=CARTESIAN_POINT('',(0.1,0.1,2.375));
#4247=CARTESIAN_POINT('',(-0.0999999999999998,0.1,2.375));
#4248=CARTESIAN_POINT('',(-0.1,0.1,2.375));
#4249=CARTESIAN_POINT('',(-0.1,-0.549999994524964,2.375));
#4250=CARTESIAN_POINT('',(1.1,-0.549999994524964,2.375));
#4251=CARTESIAN_POINT('',(0.1,-0.549999994524964,2.375));
#4252=CARTESIAN_POINT('',(0.1,0.1,2.375));
#4253=CARTESIAN_POINT('',(1.1,0.5,0.555));
#4254=CARTESIAN_POINT('',(1.1,0.5,2.144));
#4255=CARTESIAN_POINT('',(-0.9,0.5,2.144));
#4256=CARTESIAN_POINT('',(-1.1,0.5,2.144));
#4257=CARTESIAN_POINT('',(-0.9,0.5,0.555));
#4258=CARTESIAN_POINT('',(-0.9,0.5,0.555));
#4259=CARTESIAN_POINT('',(1.1,0.5,0.555));
#4260=CARTESIAN_POINT('',(-1.1,0.5,0.555));
#4261=CARTESIAN_POINT('',(-1.1,0.5,0.555));
#4262=CARTESIAN_POINT('',(1.1,0.5,0.555));
#4263=CARTESIAN_POINT('',(1.1,0.5,0.555));
#4264=CARTESIAN_POINT('',(0.1,0.5,0.555));
#4265=CARTESIAN_POINT('',(-0.0999999999999998,0.5,0.555));
#4266=CARTESIAN_POINT('',(-0.0999999999999998,0.5,0.555));
#4267=CARTESIAN_POINT('',(-0.0999999999999998,0.5,2.144));
#4268=CARTESIAN_POINT('',(1.1,0.5,2.144));
#4269=CARTESIAN_POINT('',(0.1,0.5,2.144));
#4270=CARTESIAN_POINT('',(0.1,0.5,0.555));
#4271=CARTESIAN_POINT('',(1.1,0.5,2.144));
#4272=CARTESIAN_POINT('',(-0.9,0.5,2.144));
#4273=CARTESIAN_POINT('',(-1.1,0.5,2.144));
#4274=CARTESIAN_POINT('',(1.1,0.5,2.144));
#4275=CARTESIAN_POINT('',(-0.0999999999999998,0.5,2.144));
#4276=CARTESIAN_POINT('',(0.1,0.5,2.144));
#4277=CARTESIAN_POINT('',(1.1,0.1,2.375));
#4278=CARTESIAN_POINT('',(1.1,0.1,2.375));
#4279=CARTESIAN_POINT('',(1.1,0.1,2.375));
#4280=CARTESIAN_POINT('',(0.9,0.1,2.375));
#4281=CARTESIAN_POINT('',(0.899999999999999,0.1,2.375));
#4282=CARTESIAN_POINT('',(0.899999999999999,-0.549999994524964,2.375));
#4283=CARTESIAN_POINT('',(1.1,-0.549999994524964,2.375));
#4284=CARTESIAN_POINT('',(1.1,-0.549999994524964,2.375));
#4285=CARTESIAN_POINT('',(1.1,0.1,2.375));
#4286=CARTESIAN_POINT('',(1.1,-0.549999994524964,2.225));
#4287=CARTESIAN_POINT('',(0.899999999999999,-0.549999994524964,2.225));
#4288=CARTESIAN_POINT('',(0.899999999999999,-0.549999994524964,2.075));
#4289=CARTESIAN_POINT('',(1.1,-0.549999994524964,2.075));
#4290=CARTESIAN_POINT('',(1.1,-0.549999994524964,2.075));
#4291=CARTESIAN_POINT('',(1.1,-0.549999994524964,2.225));
#4292=CARTESIAN_POINT('',(1.1,-0.549999994524964,2.225));
#4293=CARTESIAN_POINT('',(0.1,-0.549999994524964,2.225));
#4294=CARTESIAN_POINT('',(0.1,-0.549999994524964,2.075));
#4295=CARTESIAN_POINT('',(-0.1,-0.549999994524964,2.225));
#4296=CARTESIAN_POINT('',(-0.1,-0.549999994524964,2.075));
#4297=CARTESIAN_POINT('',(1.1,-0.549999994524964,2.075));
#4298=CARTESIAN_POINT('',(1.1,-0.549999994524964,2.225));
#4299=CARTESIAN_POINT('',(-0.9,-0.549999994524964,2.225));
#4300=CARTESIAN_POINT('',(-0.9,-0.549999994524964,2.075));
#4301=CARTESIAN_POINT('',(-1.1,-0.549999994524964,2.225));
#4302=CARTESIAN_POINT('',(-1.1,-0.549999994524964,2.075));
#4303=CARTESIAN_POINT('',(1.1,-0.549999994524964,2.075));
#4304=CARTESIAN_POINT('',(1.1,-0.549999994524964,2.075));
#4305=CARTESIAN_POINT('',(0.899999999999999,-0.549999994524964,2.075));
#4306=CARTESIAN_POINT('',(0.899999999999999,-0.18,2.075));
#4307=CARTESIAN_POINT('',(1.1,-0.18,2.075));
#4308=CARTESIAN_POINT('',(1.1,-0.18,2.075));
#4309=CARTESIAN_POINT('',(1.1,-0.549999994524964,2.075));
#4310=CARTESIAN_POINT('',(1.1,-0.549999994524964,2.075));
#4311=CARTESIAN_POINT('',(0.1,-0.549999994524964,2.075));
#4312=CARTESIAN_POINT('',(0.1,-0.18,2.075));
#4313=CARTESIAN_POINT('',(-0.1,-0.549999994524964,2.075));
#4314=CARTESIAN_POINT('',(-0.1,-0.18,2.075));
#4315=CARTESIAN_POINT('',(1.1,-0.18,2.075));
#4316=CARTESIAN_POINT('',(1.1,-0.549999994524964,2.075));
#4317=CARTESIAN_POINT('',(-0.9,-0.549999994524964,2.075));
#4318=CARTESIAN_POINT('',(-0.9,-0.18,2.075));
#4319=CARTESIAN_POINT('',(-1.1,-0.549999994524964,2.075));
#4320=CARTESIAN_POINT('',(-1.1,-0.18,2.075));
#4321=CARTESIAN_POINT('',(1.1,-0.18,2.075));
#4322=CARTESIAN_POINT('',(1.1,-0.18,2.075));
#4323=CARTESIAN_POINT('',(0.899999999999999,-0.18,2.075));
#4324=CARTESIAN_POINT('',(0.9,0.079,1.925));
#4325=CARTESIAN_POINT('',(1.1,0.079,1.925));
#4326=CARTESIAN_POINT('',(1.1,0.079,1.925));
#4327=CARTESIAN_POINT('',(1.1,-0.18,2.075));
#4328=CARTESIAN_POINT('',(1.1,-0.18,2.075));
#4329=CARTESIAN_POINT('',(0.1,-0.18,2.075));
#4330=CARTESIAN_POINT('',(0.1,0.079,1.925));
#4331=CARTESIAN_POINT('',(-0.1,-0.18,2.075));
#4332=CARTESIAN_POINT('',(-0.0999999999999998,0.079,1.925));
#4333=CARTESIAN_POINT('',(1.1,0.079,1.925));
#4334=CARTESIAN_POINT('',(1.1,-0.18,2.075));
#4335=CARTESIAN_POINT('',(-0.9,-0.18,2.075));
#4336=CARTESIAN_POINT('',(-0.9,0.079,1.925));
#4337=CARTESIAN_POINT('',(-1.1,-0.18,2.075));
#4338=CARTESIAN_POINT('',(-1.1,0.079,1.925));
#4339=CARTESIAN_POINT('',(1.1,0.079,1.925));
#4340=CARTESIAN_POINT('',(1.1,0.079,1.925));
#4341=CARTESIAN_POINT('',(1.1,0.079,0.555));
#4342=CARTESIAN_POINT('',(-0.9,0.0790000000000001,0.555));
#4343=CARTESIAN_POINT('',(-0.0999999999999999,0.079,0.555));
#4344=CARTESIAN_POINT('',(-0.9,0.079,1.925));
#4345=CARTESIAN_POINT('',(-1.1,0.079,1.925));
#4346=CARTESIAN_POINT('',(-1.1,0.079,0.155));
#4347=CARTESIAN_POINT('',(1.1,0.079,0.155));
#4348=CARTESIAN_POINT('',(1.1,0.079,0.155));
#4349=CARTESIAN_POINT('',(1.1,0.079,1.925));
#4350=CARTESIAN_POINT('',(0.9,0.079,1.925));
#4351=CARTESIAN_POINT('',(0.9,0.079,0.555));
#4352=CARTESIAN_POINT('',(1.1,0.079,0.555));
#4353=CARTESIAN_POINT('',(0.1,0.0790000000000001,0.555));
#4354=CARTESIAN_POINT('',(0.1,0.079,1.925));
#4355=CARTESIAN_POINT('',(-0.0999999999999998,0.079,1.925));
#4356=CARTESIAN_POINT('',(1.1,0.079,0.155));
#4357=CARTESIAN_POINT('',(-1.1,0.079,0.155));
#4358=CARTESIAN_POINT('',(1.1,0.5,0.555));
#4359=CARTESIAN_POINT('',(1.1,0.5,0.555));
#4360=CARTESIAN_POINT('',(0.9,0.5,0.555));
#4361=CARTESIAN_POINT('',(1.1,0.5,0.555));
#4362=CARTESIAN_POINT('',(1.1,0.5,0.555));
#4363=CARTESIAN_POINT('',(1.1,0.079,0.155));
#4364=CARTESIAN_POINT('',(1.1,0.5,0.555));
#4365=CARTESIAN_POINT('',(0.9,0.5,0.555));
#4366=CARTESIAN_POINT('',(0.9,0.5,2.144));
#4367=CARTESIAN_POINT('',(1.1,0.5,2.144));
#4368=CARTESIAN_POINT('',(1.1,0.5,2.144));
#4369=CARTESIAN_POINT('',(1.1,0.5,0.555));
#4370=CARTESIAN_POINT('',(1.1,0.5,2.144));
#4371=CARTESIAN_POINT('',(0.9,0.5,2.144));
#4372=CARTESIAN_POINT('',(1.1,0.5,2.144));
#4373=CARTESIAN_POINT('',(1.1,-0.549999994524964,2.225));
#4374=CARTESIAN_POINT('',(-1.1,-0.549999994524964,2.225));
#4375=CARTESIAN_POINT('',(-0.9,0.079,4.45));
#4376=CARTESIAN_POINT('',(-0.9,5.2,0.555));
#4377=CARTESIAN_POINT('',(-0.1,-4.621,4.45));
#4378=CARTESIAN_POINT('',(-0.0999999999999999,0.,0.555));
#4379=CARTESIAN_POINT('',(0.899999999999999,-4.621,4.45));
#4380=CARTESIAN_POINT('',(0.9,0.,0.555));
#4381=CARTESIAN_POINT('',(0.1,0.079,4.45));
#4382=CARTESIAN_POINT('',(0.1,5.2,0.555));
#4383=CARTESIAN_POINT('',(0.,0.,0.555));
#4384=CARTESIAN_POINT('',(0.,0.,0.555));
#4385=CARTESIAN_POINT('',(0.,0.,0.));
#4386=CARTESIAN_POINT('',(1.1,2.7,0.555));
#4387=CARTESIAN_POINT('',(-0.9,2.7,0.555));
#4388=CARTESIAN_POINT('',(-0.9,2.7,0.555));
#4389=CARTESIAN_POINT('',(-0.9,0.5,0.555));
#4390=CARTESIAN_POINT('',(1.1,2.7,0.555));
#4391=CARTESIAN_POINT('',(-1.1,2.7,0.555));
#4392=CARTESIAN_POINT('',(-1.1,2.7,0.555));
#4393=CARTESIAN_POINT('',(-1.1,0.5,0.555));
#4394=CARTESIAN_POINT('',(1.1,0.5,0.555));
#4395=CARTESIAN_POINT('',(1.1,2.7,0.555));
#4396=CARTESIAN_POINT('',(-0.0999999999999998,2.7,0.555));
#4397=CARTESIAN_POINT('',(-0.0999999999999998,0.5,0.555));
#4398=CARTESIAN_POINT('',(-0.0999999999999998,2.7,0.555));
#4399=CARTESIAN_POINT('',(1.1,0.5,0.555));
#4400=CARTESIAN_POINT('',(0.1,0.5,0.555));
#4401=CARTESIAN_POINT('',(0.1,2.7,0.555));
#4402=CARTESIAN_POINT('',(0.1,2.7,0.555));
#4403=CARTESIAN_POINT('',(1.1,2.7,0.555));
#4404=CARTESIAN_POINT('',(1.1,2.7,0.555));
#4405=CARTESIAN_POINT('',(0.9,2.7,0.555));
#4406=CARTESIAN_POINT('',(0.9,0.5,0.555));
#4407=CARTESIAN_POINT('',(0.9,2.7,0.555));
#4408=CARTESIAN_POINT('',(1.1,0.5,0.555));
#4409=CARTESIAN_POINT('',(1.1,0.5,0.555));
#4410=CARTESIAN_POINT('',(1.1,2.7,0.555));
#4411=CARTESIAN_POINT('',(1.1,2.7,0.555));
#4412=CARTESIAN_POINT('',(1.1,2.7,0.555));
#4413=CARTESIAN_POINT('',(1.1,0.079,0.155));
#4414=CARTESIAN_POINT('',(-0.9,0.079,0.155));
#4415=CARTESIAN_POINT('',(-0.9,0.5,0.155));
#4416=CARTESIAN_POINT('',(-0.9,2.7,0.155));
#4417=CARTESIAN_POINT('',(1.1,0.5,0.155));
#4418=CARTESIAN_POINT('',(-0.0999999999999998,0.5,0.155));
#4419=CARTESIAN_POINT('',(-0.0999999999999998,0.079,0.155));
#4420=CARTESIAN_POINT('',(-0.0999999999999998,2.7,0.155));
#4421=CARTESIAN_POINT('',(1.1,2.7,0.155));
#4422=CARTESIAN_POINT('',(0.1,2.7,0.155));
#4423=CARTESIAN_POINT('',(0.1,0.079,0.155));
#4424=CARTESIAN_POINT('',(0.1,0.5,0.155));
#4425=CARTESIAN_POINT('',(1.1,0.5,0.155));
#4426=CARTESIAN_POINT('',(0.9,0.5,0.155));
#4427=CARTESIAN_POINT('',(0.9,0.079,0.155));
#4428=CARTESIAN_POINT('',(0.9,2.7,0.155));
#4429=CARTESIAN_POINT('',(1.1,2.7,0.155));
#4430=CARTESIAN_POINT('',(1.1,2.7,0.155));
#4431=CARTESIAN_POINT('',(1.1,0.079,0.155));
#4432=CARTESIAN_POINT('',(1.1,0.079,0.155));
#4433=CARTESIAN_POINT('',(1.1,0.079,0.155));
#4434=CARTESIAN_POINT('',(-1.1,0.079,0.155));
#4435=CARTESIAN_POINT('',(-1.1,0.079,0.155));
#4436=CARTESIAN_POINT('',(-1.1,2.7,0.155));
#4437=CARTESIAN_POINT('',(1.1,2.7,0.155));
#4438=CARTESIAN_POINT('',(1.1,2.7,0.155));
#4439=CARTESIAN_POINT('',(-0.9,2.7,0.155));
#4440=CARTESIAN_POINT('',(-0.9,3.93776399536563,0.23525142850137));
#4441=CARTESIAN_POINT('',(-1.1,2.7,0.155));
#4442=CARTESIAN_POINT('',(-1.1,3.93776399536563,0.23525142850137));
#4443=CARTESIAN_POINT('',(1.1,3.93776399536563,0.23525142850137));
#4444=CARTESIAN_POINT('',(1.1,2.7,0.155));
#4445=CARTESIAN_POINT('',(-0.0999999999999998,2.7,0.155));
#4446=CARTESIAN_POINT('',(-0.0999999999999998,3.93776399536563,0.23525142850137));
#4447=CARTESIAN_POINT('',(1.1,3.93776399536563,0.23525142850137));
#4448=CARTESIAN_POINT('',(0.1,3.93776399536563,0.23525142850137));
#4449=CARTESIAN_POINT('',(0.1,2.7,0.155));
#4450=CARTESIAN_POINT('',(1.1,2.7,0.155));
#4451=CARTESIAN_POINT('',(0.9,2.7,0.155));
#4452=CARTESIAN_POINT('',(0.9,3.93776399536563,0.23525142850137));
#4453=CARTESIAN_POINT('',(1.1,3.93776399536563,0.23525142850137));
#4454=CARTESIAN_POINT('',(1.1,3.93776399536563,0.23525142850137));
#4455=CARTESIAN_POINT('',(1.1,2.7,0.155));
#4456=CARTESIAN_POINT('',(1.1,3.93,0.355));
#4457=CARTESIAN_POINT('',(-0.9,3.93,0.355));
#4458=CARTESIAN_POINT('',(-0.9,3.93776399536563,0.47474857149863));
#4459=CARTESIAN_POINT('',(-1.1,3.93,0.355));
#4460=CARTESIAN_POINT('',(-1.1,3.93776399536563,0.47474857149863));
#4461=CARTESIAN_POINT('',(1.1,3.93776399536563,0.47474857149863));
#4462=CARTESIAN_POINT('',(1.1,3.93,0.355));
#4463=CARTESIAN_POINT('',(-0.0999999999999998,3.93,0.355));
#4464=CARTESIAN_POINT('',(-0.0999999999999998,3.93776399536563,0.47474857149863));
#4465=CARTESIAN_POINT('',(1.1,3.93776399536563,0.47474857149863));
#4466=CARTESIAN_POINT('',(0.1,3.93776399536563,0.47474857149863));
#4467=CARTESIAN_POINT('',(0.1,3.93,0.355));
#4468=CARTESIAN_POINT('',(1.1,3.93,0.355));
#4469=CARTESIAN_POINT('',(0.9,3.93,0.355));
#4470=CARTESIAN_POINT('',(0.9,3.93776399536563,0.47474857149863));
#4471=CARTESIAN_POINT('',(1.1,3.93776399536563,0.47474857149863));
#4472=CARTESIAN_POINT('',(1.1,3.93776399536563,0.47474857149863));
#4473=CARTESIAN_POINT('',(1.1,3.93,0.355));
#4474=CARTESIAN_POINT('',(1.1,3.93776399536563,0.47474857149863));
#4475=CARTESIAN_POINT('',(-0.9,3.93776399536563,0.47474857149863));
#4476=CARTESIAN_POINT('',(-1.1,3.93776399536563,0.47474857149863));
#4477=CARTESIAN_POINT('',(1.1,3.93776399536563,0.47474857149863));
#4478=CARTESIAN_POINT('',(-0.0999999999999998,3.93776399536563,0.47474857149863));
#4479=CARTESIAN_POINT('',(0.1,3.93776399536563,0.47474857149863));
#4480=CARTESIAN_POINT('',(1.1,3.93776399536563,0.47474857149863));
#4481=CARTESIAN_POINT('',(0.9,3.93776399536563,0.47474857149863));
#4482=CARTESIAN_POINT('',(1.1,3.93776399536563,0.47474857149863));
#4483=CARTESIAN_POINT('',(1.1,0.5,0.555));
#4484=CARTESIAN_POINT('',(-1.1,0.5,0.555));
#4485=CARTESIAN_POINT('',(1.1,0.5,0.555));
#4486=CARTESIAN_POINT('',(1.1,0.5,0.555));
#4487=CARTESIAN_POINT('',(1.1,0.5,0.555));
#4488=CARTESIAN_POINT('',(1.1,3.93,0.355));
#4489=CARTESIAN_POINT('',(-1.1,3.93,0.355));
#4490=CARTESIAN_POINT('',(0.9,0.5,4.45));
#4491=CARTESIAN_POINT('',(0.9,0.5,4.45));
#4492=CARTESIAN_POINT('',(0.1,5.2,4.45));
#4493=CARTESIAN_POINT('',(0.1,0.5,4.45));
#4494=CARTESIAN_POINT('',(0.1,0.5,4.45));
#4495=CARTESIAN_POINT('',(-0.9,0.5,4.45));
#4496=CARTESIAN_POINT('',(-0.0999999999999998,0.5,4.45));
#4497=CARTESIAN_POINT('',(-0.9,0.5,4.45));
#4498=CARTESIAN_POINT('',(-0.9,5.2,4.45));
#4499=CARTESIAN_POINT('',(-0.0999999999999999,0.5,4.45));
#4500=CARTESIAN_POINT('',(0.,0.,0.));
#4501=(
GEOMETRIC_REPRESENTATION_CONTEXT(3)
GLOBAL_UNCERTAINTY_ASSIGNED_CONTEXT((#4505))
GLOBAL_UNIT_ASSIGNED_CONTEXT((#4511,#4510,#4509))
REPRESENTATION_CONTEXT('T1M-03-F-SH-L','TOP_LEVEL_ASSEMBLY_PART')
);
#4502=(
GEOMETRIC_REPRESENTATION_CONTEXT(3)
GLOBAL_UNCERTAINTY_ASSIGNED_CONTEXT((#4506))
GLOBAL_UNIT_ASSIGNED_CONTEXT((#4511,#4510,#4509))
REPRESENTATION_CONTEXT('T1T1M-03-T-SH-L','COMPONENT_PART')
);
#4503=(
GEOMETRIC_REPRESENTATION_CONTEXT(3)
GLOBAL_UNCERTAINTY_ASSIGNED_CONTEXT((#4507))
GLOBAL_UNIT_ASSIGNED_CONTEXT((#4511,#4510,#4509))
REPRESENTATION_CONTEXT('P2T1M-03-F-SH-L','COMPONENT_PART')
);
#4504=(
GEOMETRIC_REPRESENTATION_CONTEXT(3)
GLOBAL_UNCERTAINTY_ASSIGNED_CONTEXT((#4508))
GLOBAL_UNIT_ASSIGNED_CONTEXT((#4511,#4510,#4509))
REPRESENTATION_CONTEXT('P22T1M-03-F-SH-L','COMPONENT_PART')
);
#4505=UNCERTAINTY_MEASURE_WITH_UNIT(LENGTH_MEASURE(1.E-5),#4511,
'DISTANCE_ACCURACY_VALUE','Maximum Tolerance applied to model');
#4506=UNCERTAINTY_MEASURE_WITH_UNIT(LENGTH_MEASURE(1.E-5),#4511,
'DISTANCE_ACCURACY_VALUE','Maximum Tolerance applied to model');
#4507=UNCERTAINTY_MEASURE_WITH_UNIT(LENGTH_MEASURE(1.E-5),#4511,
'DISTANCE_ACCURACY_VALUE','Maximum Tolerance applied to model');
#4508=UNCERTAINTY_MEASURE_WITH_UNIT(LENGTH_MEASURE(1.E-5),#4511,
'DISTANCE_ACCURACY_VALUE','Maximum Tolerance applied to model');
#4509=(
NAMED_UNIT(*)
SI_UNIT($,.STERADIAN.)
SOLID_ANGLE_UNIT()
);
#4510=(
NAMED_UNIT(*)
PLANE_ANGLE_UNIT()
SI_UNIT($,.RADIAN.)
);
#4511=(
LENGTH_UNIT()
NAMED_UNIT(*)
SI_UNIT(.MILLI.,.METRE.)
);
#4512=PRODUCT_DEFINITION_SHAPE('','',#4519);
#4513=PRODUCT_DEFINITION_SHAPE('','',#4520);
#4514=PRODUCT_DEFINITION_SHAPE(' ','NAUO PRDDFN',#21);
#4515=PRODUCT_DEFINITION_SHAPE('','',#4521);
#4516=PRODUCT_DEFINITION_SHAPE(' ','NAUO PRDDFN',#22);
#4517=PRODUCT_DEFINITION_SHAPE('','',#4522);
#4518=PRODUCT_DEFINITION_SHAPE(' ','NAUO PRDDFN',#23);
#4519=PRODUCT_DEFINITION('','',#4527,#4523);
#4520=PRODUCT_DEFINITION('','',#4528,#4524);
#4521=PRODUCT_DEFINITION('','',#4529,#4525);
#4522=PRODUCT_DEFINITION('','',#4530,#4526);
#4523=DESIGN_CONTEXT('',#4548,'design');
#4524=DESIGN_CONTEXT('',#4548,'design');
#4525=DESIGN_CONTEXT('',#4548,'design');
#4526=DESIGN_CONTEXT('',#4548,'design');
#4527=PRODUCT_DEFINITION_FORMATION_WITH_SPECIFIED_SOURCE('','',#4535,
 .NOT_KNOWN.);
#4528=PRODUCT_DEFINITION_FORMATION_WITH_SPECIFIED_SOURCE('','',#4536,
 .NOT_KNOWN.);
#4529=PRODUCT_DEFINITION_FORMATION_WITH_SPECIFIED_SOURCE('','',#4537,
 .NOT_KNOWN.);
#4530=PRODUCT_DEFINITION_FORMATION_WITH_SPECIFIED_SOURCE('','',#4538,
 .NOT_KNOWN.);
#4531=PRODUCT_RELATED_PRODUCT_CATEGORY('','',(#4535));
#4532=PRODUCT_RELATED_PRODUCT_CATEGORY('','',(#4536));
#4533=PRODUCT_RELATED_PRODUCT_CATEGORY('','',(#4537));
#4534=PRODUCT_RELATED_PRODUCT_CATEGORY('','',(#4538));
#4535=PRODUCT('T1M-03-F-SH-L','T1M-03-F-SH-L','T1M-03-F-SH-L',(#4543));
#4536=PRODUCT('T1T1M-03-T-SH-L','T1T1M-03-T-SH-L','T1T1M-03-T-SH-L',(#4544));
#4537=PRODUCT('P2T1M-03-F-SH-L','P2T1M-03-F-SH-L','P2T1M-03-F-SH-L',(#4545));
#4538=PRODUCT('P22T1M-03-F-SH-L','P22T1M-03-F-SH-L','P22T1M-03-F-SH-L',
(#4546));
#4539=PRODUCT_CATEGORY('','');
#4540=PRODUCT_CATEGORY('','');
#4541=PRODUCT_CATEGORY('','');
#4542=PRODUCT_CATEGORY('','');
#4543=MECHANICAL_CONTEXT('',#4548,'mechanical');
#4544=MECHANICAL_CONTEXT('',#4548,'mechanical');
#4545=MECHANICAL_CONTEXT('',#4548,'mechanical');
#4546=MECHANICAL_CONTEXT('',#4548,'mechanical');
#4547=APPLICATION_PROTOCOL_DEFINITION('international standard',
'config_control_design',2010,#4548);
#4548=APPLICATION_CONTEXT(
'configuration controlled 3D designs of mechanical parts and assemblie
s');
ENDSEC;
END-ISO-10303-21;
