Added Component: Designator=C1(C0201)
Add component (AddParameter): Name = "Case Code (Imperial)"; Value = "0201"; VariantName = "[No Variations]"
Add component (AddParameter): Name = "Case Code (Metric)"; Value = "0603"; VariantName = "[No Variations]"
Add component (AddParameter): Name = "Case/Package"; Value = "0201"; VariantName = "[No Variations]"
Add component (AddParameter): Name = "Category"; Value = "Ceramic Capacitors"; VariantName = "[No Variations]"
Add component (AddParameter): Name = "ComponentLink1Description"; Value = "https://datasheet.octopart.com:443/GRM033R60J104KE19D-Murata-datasheet-5390194.pdf?src-supplier=Upverter"; VariantName = "[No Variations]"
Add component (AddParameter): Name = "ComponentLink1URL"; Value = "https://datasheet.octopart.com:443/GRM033R60J104KE19D-Murata-datasheet-5390194.pdf?src-supplier=Upverter"; VariantName = "[No Variations]"
Add component (AddParameter): Name = "ComponentLink2Description"; Value = "https://datasheet.octopart.com:443/GRM033R60J104KE19D-Murata-datasheet-62317028.pdf?src-supplier=element14+APAC"; VariantName = "[No Variations]"
Add component (AddParameter): Name = "ComponentLink2URL"; Value = "https://datasheet.octopart.com:443/GRM033R60J104KE19D-Murata-datasheet-62317028.pdf?src-supplier=element14+APAC"; VariantName = "[No Variations]"
Add component (AddParameter): Name = "ComponentLink3Description"; Value = "https://datasheet.octopart.com:443/GRM033R60J104KE19D-Murata-datasheet-17853058.pdf?src-supplier=element14+APAC"; VariantName = "[No Variations]"
Add component (AddParameter): Name = "ComponentLink3URL"; Value = "https://datasheet.octopart.com:443/GRM033R60J104KE19D-Murata-datasheet-17853058.pdf?src-supplier=element14+APAC"; VariantName = "[No Variations]"
Add component (AddParameter): Name = "ComponentLink4Description"; Value = "https://datasheet.octopart.com:443/GRM033R60J104KE19D-Murata-datasheet-8397485.pdf?src-supplier=Newark"; VariantName = "[No Variations]"
Add component (AddParameter): Name = "ComponentLink4URL"; Value = "https://datasheet.octopart.com:443/GRM033R60J104KE19D-Murata-datasheet-8397485.pdf?src-supplier=Newark"; VariantName = "[No Variations]"
Add component (AddParameter): Name = "ComponentLink5Description"; Value = "https://datasheet.octopart.com:443/GRM033R60J104KE19D-Murata-datasheet-14399027.pdf?src-supplier=Future+Electronics"; VariantName = "[No Variations]"
Add component (AddParameter): Name = "ComponentLink5URL"; Value = "https://datasheet.octopart.com:443/GRM033R60J104KE19D-Murata-datasheet-14399027.pdf?src-supplier=Future+Electronics"; VariantName = "[No Variations]"
Add component (AddParameter): Name = "ComponentLink6Description"; Value = "https://datasheet.octopart.com:443/GRM033R60J104KE19D-Murata-datasheet-22122223.pdf?src-supplier=Future+Electronics"; VariantName = "[No Variations]"
Add component (AddParameter): Name = "ComponentLink6URL"; Value = "https://datasheet.octopart.com:443/GRM033R60J104KE19D-Murata-datasheet-22122223.pdf?src-supplier=Future+Electronics"; VariantName = "[No Variations]"
Add component (AddParameter): Name = "ComponentLink7Description"; Value = "https://datasheet.octopart.com:443/GRM033R60J104KE19D-Murata-datasheet-44105374.pdf?src-supplier=Future+Electronics"; VariantName = "[No Variations]"
Add component (AddParameter): Name = "ComponentLink7URL"; Value = "https://datasheet.octopart.com:443/GRM033R60J104KE19D-Murata-datasheet-44105374.pdf?src-supplier=Future+Electronics"; VariantName = "[No Variations]"
Add component (AddParameter): Name = "ComponentLink8Description"; Value = "https://datasheet.octopart.com:443/GRM033R60J104KE19D-Murata-datasheet-165579666.pdf?src-supplier=TME"; VariantName = "[No Variations]"
Add component (AddParameter): Name = "ComponentLink8URL"; Value = "https://datasheet.octopart.com:443/GRM033R60J104KE19D-Murata-datasheet-165579666.pdf?src-supplier=TME"; VariantName = "[No Variations]"
Add component (AddParameter): Name = "ComponentLink9Description"; Value = "https://datasheet.octopart.com:443/GRM033R60J104KE19D-Murata-datasheet-140710156.pdf?src-supplier=TME"; VariantName = "[No Variations]"
Add component (AddParameter): Name = "ComponentLink9URL"; Value = "https://datasheet.octopart.com:443/GRM033R60J104KE19D-Murata-datasheet-140710156.pdf?src-supplier=TME"; VariantName = "[No Variations]"
Add component (AddParameter): Name = "ComponentLink10Description"; Value = "https://datasheet.octopart.com:443/GRM033R60J104KE19D-Murata-datasheet-141274201.pdf?src-supplier=Ciiva"; VariantName = "[No Variations]"
Add component (AddParameter): Name = "ComponentLink10URL"; Value = "https://datasheet.octopart.com:443/GRM033R60J104KE19D-Murata-datasheet-141274201.pdf?src-supplier=Ciiva"; VariantName = "[No Variations]"
Add component (AddParameter): Name = "ComponentLink11Description"; Value = "https://datasheet.octopart.com:443/GRM033R60J104KE19D-Murata-datasheet-140675741.pdf?src-supplier=Ciiva"; VariantName = "[No Variations]"
Add component (AddParameter): Name = "ComponentLink11URL"; Value = "https://datasheet.octopart.com:443/GRM033R60J104KE19D-Murata-datasheet-140675741.pdf?src-supplier=Ciiva"; VariantName = "[No Variations]"
Add component (AddParameter): Name = "ComponentLink12Description"; Value = "https://datasheet.octopart.com:443/GRM033R60J104KE19D-Murata-datasheet-138738333.pdf?src-supplier=Ciiva"; VariantName = "[No Variations]"
Add component (AddParameter): Name = "ComponentLink12URL"; Value = "https://datasheet.octopart.com:443/GRM033R60J104KE19D-Murata-datasheet-138738333.pdf?src-supplier=Ciiva"; VariantName = "[No Variations]"
Add component (AddParameter): Name = "ComponentLink13Description"; Value = "https://datasheet.octopart.com/GRM033R60J104KE19D-Murata-datasheet-12515295.pdf"; VariantName = "[No Variations]"
Add component (AddParameter): Name = "ComponentLink13URL"; Value = "https://datasheet.octopart.com/GRM033R60J104KE19D-Murata-datasheet-12515295.pdf"; VariantName = "[No Variations]"
Add component (AddParameter): Name = "ComponentLink14Description"; Value = "https://datasheet.octopart.com/GRM033R60J104KE19D-Murata-datasheet-12510076.pdf"; VariantName = "[No Variations]"
Add component (AddParameter): Name = "ComponentLink14URL"; Value = "https://datasheet.octopart.com/GRM033R60J104KE19D-Murata-datasheet-12510076.pdf"; VariantName = "[No Variations]"
Add component (AddParameter): Name = "ComponentLink15Description"; Value = "https://datasheet.octopart.com/GRM033R60J104KE19D-Murata-datasheet-11978611.pdf"; VariantName = "[No Variations]"
Add component (AddParameter): Name = "ComponentLink15URL"; Value = "https://datasheet.octopart.com/GRM033R60J104KE19D-Murata-datasheet-11978611.pdf"; VariantName = "[No Variations]"
Add component (AddParameter): Name = "ComponentLink16Description"; Value = "https://datasheet.octopart.com/GRM033R60J104KE19D-Murata-datasheet-10025737.pdf"; VariantName = "[No Variations]"
Add component (AddParameter): Name = "ComponentLink16URL"; Value = "https://datasheet.octopart.com/GRM033R60J104KE19D-Murata-datasheet-10025737.pdf"; VariantName = "[No Variations]"
Add component (AddParameter): Name = "ComponentLink17Description"; Value = "https://datasheet.octopart.com/GRM033R60J104KE19D-Murata-datasheet-8819587.pdf"; VariantName = "[No Variations]"
Add component (AddParameter): Name = "ComponentLink17URL"; Value = "https://datasheet.octopart.com/GRM033R60J104KE19D-Murata-datasheet-8819587.pdf"; VariantName = "[No Variations]"
Add component (AddParameter): Name = "ComponentLink18Description"; Value = "https://datasheet.octopart.com:443/GRM033R60J104KE19D-Murata-datasheet-12510170.pdf?src-supplier=Factory+Futures"; VariantName = "[No Variations]"
Add component (AddParameter): Name = "ComponentLink18URL"; Value = "https://datasheet.octopart.com:443/GRM033R60J104KE19D-Murata-datasheet-12510170.pdf?src-supplier=Factory+Futures"; VariantName = "[No Variations]"
Add component (AddParameter): Name = "ComponentLink19Description"; Value = "https://datasheet.octopart.com:443/GRM033R60J104KE19D-Murata-datasheet-8517407.pdf?src-supplier=Factory+Futures"; VariantName = "[No Variations]"
Add component (AddParameter): Name = "ComponentLink19URL"; Value = "https://datasheet.octopart.com:443/GRM033R60J104KE19D-Murata-datasheet-8517407.pdf?src-supplier=Factory+Futures"; VariantName = "[No Variations]"
Add component (AddParameter): Name = "ComponentLink20Description"; Value = "https://datasheet.octopart.com:443/GRM033R60J104KE19D-Murata-datasheet-8387045.pdf?src-supplier=Factory+Futures"; VariantName = "[No Variations]"
Add component (AddParameter): Name = "ComponentLink20URL"; Value = "https://datasheet.octopart.com:443/GRM033R60J104KE19D-Murata-datasheet-8387045.pdf?src-supplier=Factory+Futures"; VariantName = "[No Variations]"
Add component (AddParameter): Name = "ComponentLink21Description"; Value = "https://datasheet.octopart.com:443/GRM033R60J104KE19D-Murata-datasheet-8324201.pdf?src-supplier=Factory+Futures"; VariantName = "[No Variations]"
Add component (AddParameter): Name = "ComponentLink21URL"; Value = "https://datasheet.octopart.com:443/GRM033R60J104KE19D-Murata-datasheet-8324201.pdf?src-supplier=Factory+Futures"; VariantName = "[No Variations]"
Add component (AddParameter): Name = "ComponentLink22Description"; Value = "https://datasheet.octopart.com:443/GRM033R60J104KE19D-Murata-datasheet-7628724.pdf?src-supplier=Factory+Futures"; VariantName = "[No Variations]"
Add component (AddParameter): Name = "ComponentLink22URL"; Value = "https://datasheet.octopart.com:443/GRM033R60J104KE19D-Murata-datasheet-7628724.pdf?src-supplier=Factory+Futures"; VariantName = "[No Variations]"
Add component (AddParameter): Name = "ComponentLink23Description"; Value = "https://datasheet.octopart.com:443/GRM033R60J104KE19D-Murata-datasheet-552801.pdf?src-supplier=Factory+Futures"; VariantName = "[No Variations]"
Add component (AddParameter): Name = "ComponentLink23URL"; Value = "https://datasheet.octopart.com:443/GRM033R60J104KE19D-Murata-datasheet-552801.pdf?src-supplier=Factory+Futures"; VariantName = "[No Variations]"
Add component (AddParameter): Name = "ComponentLink24Description"; Value = "https://datasheet.octopart.com:443/GRM033R60J104KE19D.-Murata-datasheet-5332913.pdf?src-supplier=Farnell"; VariantName = "[No Variations]"
Add component (AddParameter): Name = "ComponentLink24URL"; Value = "https://datasheet.octopart.com:443/GRM033R60J104KE19D.-Murata-datasheet-5332913.pdf?src-supplier=Farnell"; VariantName = "[No Variations]"
Add component (AddParameter): Name = "ComponentLink25Description"; Value = "https://datasheet.octopart.com:443/GRM033R60J104KE19D-Murata-datasheet-148210.pdf?src-supplier=Garrett"; VariantName = "[No Variations]"
Add component (AddParameter): Name = "ComponentLink25URL"; Value = "https://datasheet.octopart.com:443/GRM033R60J104KE19D-Murata-datasheet-148210.pdf?src-supplier=Garrett"; VariantName = "[No Variations]"
Add component (AddParameter): Name = "ComponentLink26Description"; Value = "https://datasheet.octopart.com:443/GRM033R60J104KE19D-Murata-datasheet-118811.pdf?src-supplier=DigiKey"; VariantName = "[No Variations]"
Add component (AddParameter): Name = "ComponentLink26URL"; Value = "https://datasheet.octopart.com:443/GRM033R60J104KE19D-Murata-datasheet-118811.pdf?src-supplier=DigiKey"; VariantName = "[No Variations]"
Add component (AddParameter): Name = "ComponentLink27Description"; Value = "http://sigma.octopart.com:80/reach_statement/Murata-company-16.pdf?src-supplier=Compliance+Statements"; VariantName = "[No Variations]"
Add component (AddParameter): Name = "ComponentLink27URL"; Value = "http://sigma.octopart.com:80/reach_statement/Murata-company-16.pdf?src-supplier=Compliance+Statements"; VariantName = "[No Variations]"
Add component (AddParameter): Name = "Country of Origin"; Value = "Philippines"; VariantName = "[No Variations]"
Add component (AddParameter): Name = "Depth"; Value = "300µm"; VariantName = "[No Variations]"
Add component (AddParameter): Name = "Dielectric"; Value = "X5R"; VariantName = "[No Variations]"
Add component (AddParameter): Name = "Dielectric Material"; Value = "Ceramic"; VariantName = "[No Variations]"
Add component (AddParameter): Name = "Export Control Classification Number (ECCN) Code"; Value = "EAR99"; VariantName = "[No Variations]"
Add component (AddParameter): Name = "Harmonized Tariff Schedule (HTS) Code"; Value = "8532.24.00.20"; VariantName = "[No Variations]"
Add component (AddParameter): Name = "Height"; Value = "300µm"; VariantName = "[No Variations]"
Add component (AddParameter): Name = "Introduction Date"; Value = "2004-09-04"; VariantName = "[No Variations]"
Add component (AddParameter): Name = "Lead Free"; Value = "Lead Free"; VariantName = "[No Variations]"
Add component (AddParameter): Name = "Length"; Value = "600µm"; VariantName = "[No Variations]"
Add component (AddParameter): Name = "Lifecycle Status"; Value = "Production"; VariantName = "[No Variations]"
Add component (AddParameter): Name = "Manufacturer"; Value = "Murata"; VariantName = "[No Variations]"
Add component (AddParameter): Name = "Manufacturer Lifecycle Status"; Value = "IN PRODUCTION"; VariantName = "[No Variations]"
Add component (AddParameter): Name = "Manufacturer Part Number"; Value = "GRM033R60J104KE19D"; VariantName = "[No Variations]"
Add component (AddParameter): Name = "Material"; Value = "Ceramic"; VariantName = "[No Variations]"
Add component (AddParameter): Name = "Max Operating Temperature"; Value = "85°C"; VariantName = "[No Variations]"
Add component (AddParameter): Name = "Min Operating Temperature"; Value = "-55°C"; VariantName = "[No Variations]"
Add component (AddParameter): Name = "Mounting Technology"; Value = "Surface Mount"; VariantName = "[No Variations]"
Add component (AddParameter): Name = "Number of Terminals"; Value = "2"; VariantName = "[No Variations]"
Add component (AddParameter): Name = "Packaging"; Value = "Cut Tape (CT)"; VariantName = "[No Variations]"
Add component (AddParameter): Name = "Pins"; Value = "2"; VariantName = "[No Variations]"
Add component (AddParameter): Name = "Pricing"; Value = "1=0,1, 10=0,013, 50=0,0084, 100=0,007, 500=0,00476, 1000=0,00409, 2500=0,00338, 5000=0,00295 (USD)"; VariantName = "[No Variations]"
Add component (AddParameter): Name = "Radiation Hardening"; Value = "No"; VariantName = "[No Variations]"
Add component (AddParameter): Name = "REACH SVHC"; Value = "Yes"; VariantName = "[No Variations]"
Add component (AddParameter): Name = "RoHS"; Value = "Compliant"; VariantName = "[No Variations]"
Add component (AddParameter): Name = "Schedule B"; Value = "8532240020, 8532240020|8532240020, 8532240020|8532240020|8532240020, 8532240020|8532240020|8532240020|8532240020"; VariantName = "[No Variations]"
Add component (AddParameter): Name = "Stock"; Value = "19959733"; VariantName = "[No Variations]"
Add component (AddParameter): Name = "Supplier"; Value = "DigiKey"; VariantName = "[No Variations]"
Add component (AddParameter): Name = "Supplier 1"; Value = "DigiKey"; VariantName = "[No Variations]"
Add component (AddParameter): Name = "Supplier Part Number"; Value = "490-3167-6-ND"; VariantName = "[No Variations]"
Add component (AddParameter): Name = "Supplier Part Number 1"; Value = "490-3167-6-ND"; VariantName = "[No Variations]"
Add component (AddParameter): Name = "Termination"; Value = "SMD/SMT"; VariantName = "[No Variations]"
Add component (AddParameter): Name = "Thickness"; Value = "300µm"; VariantName = "[No Variations]"
Add component (AddParameter): Name = "Tolerance"; Value = "10%"; VariantName = "[No Variations]"
Add component (AddParameter): Name = "Value"; Value = "100nF"; VariantName = "[No Variations]"
Add component (AddParameter): Name = "Voltage"; Value = "6.3V"; VariantName = "[No Variations]"
Add component (AddParameter): Name = "Voltage Rating"; Value = "6.3V"; VariantName = "[No Variations]"
Add component (AddParameter): Name = "Voltage Rating (DC)"; Value = "6.3V"; VariantName = "[No Variations]"
Add component (AddParameter): Name = "Weight"; Value = "170.097139µg"; VariantName = "[No Variations]"
Add component (AddParameter): Name = "Width"; Value = "300µm"; VariantName = "[No Variations]"
Added Component: Designator=C2(C0201)
Add component (AddParameter): Name = "Case Code (Imperial)"; Value = "0201"; VariantName = "[No Variations]"
Add component (AddParameter): Name = "Case Code (Metric)"; Value = "0603"; VariantName = "[No Variations]"
Add component (AddParameter): Name = "Case/Package"; Value = "0201"; VariantName = "[No Variations]"
Add component (AddParameter): Name = "Category"; Value = "Ceramic Capacitors"; VariantName = "[No Variations]"
Add component (AddParameter): Name = "ComponentLink1Description"; Value = "https://datasheet.octopart.com:443/GRM0335C1H200GA01D-Murata-datasheet-165579666.pdf?src-supplier=TME"; VariantName = "[No Variations]"
Add component (AddParameter): Name = "ComponentLink1URL"; Value = "https://datasheet.octopart.com:443/GRM0335C1H200GA01D-Murata-datasheet-165579666.pdf?src-supplier=TME"; VariantName = "[No Variations]"
Add component (AddParameter): Name = "ComponentLink2Description"; Value = "https://datasheet.octopart.com:443/GRM0335C1H200GA01D-Murata-datasheet-141274005.pdf?src-supplier=Ciiva"; VariantName = "[No Variations]"
Add component (AddParameter): Name = "ComponentLink2URL"; Value = "https://datasheet.octopart.com:443/GRM0335C1H200GA01D-Murata-datasheet-141274005.pdf?src-supplier=Ciiva"; VariantName = "[No Variations]"
Add component (AddParameter): Name = "ComponentLink3Description"; Value = "https://datasheet.octopart.com:443/GRM0335C1H200GA01D-Murata-datasheet-140674370.pdf?src-supplier=Ciiva"; VariantName = "[No Variations]"
Add component (AddParameter): Name = "ComponentLink3URL"; Value = "https://datasheet.octopart.com:443/GRM0335C1H200GA01D-Murata-datasheet-140674370.pdf?src-supplier=Ciiva"; VariantName = "[No Variations]"
Add component (AddParameter): Name = "ComponentLink4Description"; Value = "https://datasheet.octopart.com:443/GRM0335C1H200GA01D-Murata-datasheet-138737153.pdf?src-supplier=Ciiva"; VariantName = "[No Variations]"
Add component (AddParameter): Name = "ComponentLink4URL"; Value = "https://datasheet.octopart.com:443/GRM0335C1H200GA01D-Murata-datasheet-138737153.pdf?src-supplier=Ciiva"; VariantName = "[No Variations]"
Add component (AddParameter): Name = "ComponentLink5Description"; Value = "https://datasheet.octopart.com:443/GRM0335C1H200GA01D-Murata-datasheet-102370999.pdf?src-supplier=HQonline"; VariantName = "[No Variations]"
Add component (AddParameter): Name = "ComponentLink5URL"; Value = "https://datasheet.octopart.com:443/GRM0335C1H200GA01D-Murata-datasheet-102370999.pdf?src-supplier=HQonline"; VariantName = "[No Variations]"
Add component (AddParameter): Name = "ComponentLink6Description"; Value = "https://datasheet.octopart.com:443/GRM0335C1H200GA01D-Murata-datasheet-22122223.pdf?src-supplier=Future+Electronics"; VariantName = "[No Variations]"
Add component (AddParameter): Name = "ComponentLink6URL"; Value = "https://datasheet.octopart.com:443/GRM0335C1H200GA01D-Murata-datasheet-22122223.pdf?src-supplier=Future+Electronics"; VariantName = "[No Variations]"
Add component (AddParameter): Name = "ComponentLink7Description"; Value = "https://datasheet.octopart.com/GRM0335C1H200GA01D-Murata-datasheet-12515295.pdf"; VariantName = "[No Variations]"
Add component (AddParameter): Name = "ComponentLink7URL"; Value = "https://datasheet.octopart.com/GRM0335C1H200GA01D-Murata-datasheet-12515295.pdf"; VariantName = "[No Variations]"
Add component (AddParameter): Name = "ComponentLink8Description"; Value = "https://datasheet.octopart.com/GRM0335C1H200GA01D-Murata-datasheet-12510076.pdf"; VariantName = "[No Variations]"
Add component (AddParameter): Name = "ComponentLink8URL"; Value = "https://datasheet.octopart.com/GRM0335C1H200GA01D-Murata-datasheet-12510076.pdf"; VariantName = "[No Variations]"
Add component (AddParameter): Name = "ComponentLink9Description"; Value = "https://datasheet.octopart.com/GRM0335C1H200GA01D-Murata-datasheet-11978611.pdf"; VariantName = "[No Variations]"
Add component (AddParameter): Name = "ComponentLink9URL"; Value = "https://datasheet.octopart.com/GRM0335C1H200GA01D-Murata-datasheet-11978611.pdf"; VariantName = "[No Variations]"
Add component (AddParameter): Name = "ComponentLink10Description"; Value = "https://datasheet.octopart.com/GRM0335C1H200GA01D-Murata-datasheet-10025737.pdf"; VariantName = "[No Variations]"
Add component (AddParameter): Name = "ComponentLink10URL"; Value = "https://datasheet.octopart.com/GRM0335C1H200GA01D-Murata-datasheet-10025737.pdf"; VariantName = "[No Variations]"
Add component (AddParameter): Name = "ComponentLink11Description"; Value = "https://datasheet.octopart.com/GRM0335C1H200GA01D-Murata-datasheet-8819587.pdf"; VariantName = "[No Variations]"
Add component (AddParameter): Name = "ComponentLink11URL"; Value = "https://datasheet.octopart.com/GRM0335C1H200GA01D-Murata-datasheet-8819587.pdf"; VariantName = "[No Variations]"
Add component (AddParameter): Name = "ComponentLink12Description"; Value = "https://datasheet.octopart.com/GRM0335C1H200GA01D-Murata-datasheet-14398191.pdf"; VariantName = "[No Variations]"
Add component (AddParameter): Name = "ComponentLink12URL"; Value = "https://datasheet.octopart.com/GRM0335C1H200GA01D-Murata-datasheet-14398191.pdf"; VariantName = "[No Variations]"
Add component (AddParameter): Name = "ComponentLink13Description"; Value = "http://sigma.octopart.com:80/reach_statement/Murata-company-16.pdf?src-supplier=Compliance+Statements"; VariantName = "[No Variations]"
Add component (AddParameter): Name = "ComponentLink13URL"; Value = "http://sigma.octopart.com:80/reach_statement/Murata-company-16.pdf?src-supplier=Compliance+Statements"; VariantName = "[No Variations]"
Add component (AddParameter): Name = "Dielectric Material"; Value = "Ceramic"; VariantName = "[No Variations]"
Add component (AddParameter): Name = "Export Control Classification Number (ECCN) Code"; Value = "EAR99"; VariantName = "[No Variations]"
Add component (AddParameter): Name = "Harmonized Tariff Schedule (HTS) Code"; Value = "8532.24.00.20"; VariantName = "[No Variations]"
Add component (AddParameter): Name = "Height"; Value = "300µm"; VariantName = "[No Variations]"
Add component (AddParameter): Name = "Introduction Date"; Value = "2013-11-20"; VariantName = "[No Variations]"
Add component (AddParameter): Name = "Lead Free"; Value = "Lead Free"; VariantName = "[No Variations]"
Add component (AddParameter): Name = "Length"; Value = "600µm"; VariantName = "[No Variations]"
Add component (AddParameter): Name = "Lifecycle Status"; Value = "Production"; VariantName = "[No Variations]"
Add component (AddParameter): Name = "Manufacturer"; Value = "Murata"; VariantName = "[No Variations]"
Add component (AddParameter): Name = "Manufacturer Lifecycle Status"; Value = "IN PRODUCTION"; VariantName = "[No Variations]"
Add component (AddParameter): Name = "Manufacturer Part Number"; Value = "GRM0335C1H200GA01D"; VariantName = "[No Variations]"
Add component (AddParameter): Name = "Material"; Value = "Ceramic"; VariantName = "[No Variations]"
Add component (AddParameter): Name = "Max Operating Temperature"; Value = "125°C"; VariantName = "[No Variations]"
Add component (AddParameter): Name = "Min Operating Temperature"; Value = "-55°C"; VariantName = "[No Variations]"
Add component (AddParameter): Name = "Mounting Technology"; Value = "Surface Mount"; VariantName = "[No Variations]"
Add component (AddParameter): Name = "Number of Terminals"; Value = "2"; VariantName = "[No Variations]"
Add component (AddParameter): Name = "Pricing"; Value = "1=0,1, 10=0,015, 50=0,010, 100=0,0083, 500=0,00572, 1000=0,00492, 2500=0,00408, 5000=0,00358 (USD)"; VariantName = "[No Variations]"
Add component (AddParameter): Name = "REACH SVHC"; Value = "Yes"; VariantName = "[No Variations]"
Add component (AddParameter): Name = "RoHS"; Value = "Compliant"; VariantName = "[No Variations]"
Add component (AddParameter): Name = "Schedule B"; Value = "8532240020, 8532240020|8532240020, 8532240020|8532240020|8532240020, 8532240020|8532240020|8532240020|8532240020"; VariantName = "[No Variations]"
Add component (AddParameter): Name = "Stock"; Value = "186504"; VariantName = "[No Variations]"
Add component (AddParameter): Name = "Supplier"; Value = "DigiKey"; VariantName = "[No Variations]"
Add component (AddParameter): Name = "Supplier 1"; Value = "DigiKey"; VariantName = "[No Variations]"
Add component (AddParameter): Name = "Supplier Part Number"; Value = "490-6122-1-ND"; VariantName = "[No Variations]"
Add component (AddParameter): Name = "Supplier Part Number 1"; Value = "490-6122-1-ND"; VariantName = "[No Variations]"
Add component (AddParameter): Name = "Temperature Coefficient"; Value = "30ppm/°C"; VariantName = "[No Variations]"
Add component (AddParameter): Name = "Termination"; Value = "SMD/SMT"; VariantName = "[No Variations]"
Add component (AddParameter): Name = "Thickness"; Value = "300µm"; VariantName = "[No Variations]"
Add component (AddParameter): Name = "Tolerance"; Value = "2%"; VariantName = "[No Variations]"
Add component (AddParameter): Name = "Value"; Value = "20pF"; VariantName = "[No Variations]"
Add component (AddParameter): Name = "Voltage Rating"; Value = "50V"; VariantName = "[No Variations]"
Add component (AddParameter): Name = "Voltage Rating (DC)"; Value = "50V"; VariantName = "[No Variations]"
Add component (AddParameter): Name = "Width"; Value = "300µm"; VariantName = "[No Variations]"
Added Component: Designator=C3(C0201)
Add component (AddParameter): Name = "Case Code (Imperial)"; Value = "0201"; VariantName = "[No Variations]"
Add component (AddParameter): Name = "Case Code (Metric)"; Value = "0603"; VariantName = "[No Variations]"
Add component (AddParameter): Name = "Case/Package"; Value = "0201"; VariantName = "[No Variations]"
Add component (AddParameter): Name = "Category"; Value = "Ceramic Capacitors"; VariantName = "[No Variations]"
Add component (AddParameter): Name = "ComponentLink1Description"; Value = "https://datasheet.octopart.com:443/GRM0335C1H200GA01D-Murata-datasheet-165579666.pdf?src-supplier=TME"; VariantName = "[No Variations]"
Add component (AddParameter): Name = "ComponentLink1URL"; Value = "https://datasheet.octopart.com:443/GRM0335C1H200GA01D-Murata-datasheet-165579666.pdf?src-supplier=TME"; VariantName = "[No Variations]"
Add component (AddParameter): Name = "ComponentLink2Description"; Value = "https://datasheet.octopart.com:443/GRM0335C1H200GA01D-Murata-datasheet-141274005.pdf?src-supplier=Ciiva"; VariantName = "[No Variations]"
Add component (AddParameter): Name = "ComponentLink2URL"; Value = "https://datasheet.octopart.com:443/GRM0335C1H200GA01D-Murata-datasheet-141274005.pdf?src-supplier=Ciiva"; VariantName = "[No Variations]"
Add component (AddParameter): Name = "ComponentLink3Description"; Value = "https://datasheet.octopart.com:443/GRM0335C1H200GA01D-Murata-datasheet-140674370.pdf?src-supplier=Ciiva"; VariantName = "[No Variations]"
Add component (AddParameter): Name = "ComponentLink3URL"; Value = "https://datasheet.octopart.com:443/GRM0335C1H200GA01D-Murata-datasheet-140674370.pdf?src-supplier=Ciiva"; VariantName = "[No Variations]"
Add component (AddParameter): Name = "ComponentLink4Description"; Value = "https://datasheet.octopart.com:443/GRM0335C1H200GA01D-Murata-datasheet-138737153.pdf?src-supplier=Ciiva"; VariantName = "[No Variations]"
Add component (AddParameter): Name = "ComponentLink4URL"; Value = "https://datasheet.octopart.com:443/GRM0335C1H200GA01D-Murata-datasheet-138737153.pdf?src-supplier=Ciiva"; VariantName = "[No Variations]"
Add component (AddParameter): Name = "ComponentLink5Description"; Value = "https://datasheet.octopart.com:443/GRM0335C1H200GA01D-Murata-datasheet-102370999.pdf?src-supplier=HQonline"; VariantName = "[No Variations]"
Add component (AddParameter): Name = "ComponentLink5URL"; Value = "https://datasheet.octopart.com:443/GRM0335C1H200GA01D-Murata-datasheet-102370999.pdf?src-supplier=HQonline"; VariantName = "[No Variations]"
Add component (AddParameter): Name = "ComponentLink6Description"; Value = "https://datasheet.octopart.com:443/GRM0335C1H200GA01D-Murata-datasheet-22122223.pdf?src-supplier=Future+Electronics"; VariantName = "[No Variations]"
Add component (AddParameter): Name = "ComponentLink6URL"; Value = "https://datasheet.octopart.com:443/GRM0335C1H200GA01D-Murata-datasheet-22122223.pdf?src-supplier=Future+Electronics"; VariantName = "[No Variations]"
Add component (AddParameter): Name = "ComponentLink7Description"; Value = "https://datasheet.octopart.com/GRM0335C1H200GA01D-Murata-datasheet-12515295.pdf"; VariantName = "[No Variations]"
Add component (AddParameter): Name = "ComponentLink7URL"; Value = "https://datasheet.octopart.com/GRM0335C1H200GA01D-Murata-datasheet-12515295.pdf"; VariantName = "[No Variations]"
Add component (AddParameter): Name = "ComponentLink8Description"; Value = "https://datasheet.octopart.com/GRM0335C1H200GA01D-Murata-datasheet-12510076.pdf"; VariantName = "[No Variations]"
Add component (AddParameter): Name = "ComponentLink8URL"; Value = "https://datasheet.octopart.com/GRM0335C1H200GA01D-Murata-datasheet-12510076.pdf"; VariantName = "[No Variations]"
Add component (AddParameter): Name = "ComponentLink9Description"; Value = "https://datasheet.octopart.com/GRM0335C1H200GA01D-Murata-datasheet-11978611.pdf"; VariantName = "[No Variations]"
Add component (AddParameter): Name = "ComponentLink9URL"; Value = "https://datasheet.octopart.com/GRM0335C1H200GA01D-Murata-datasheet-11978611.pdf"; VariantName = "[No Variations]"
Add component (AddParameter): Name = "ComponentLink10Description"; Value = "https://datasheet.octopart.com/GRM0335C1H200GA01D-Murata-datasheet-10025737.pdf"; VariantName = "[No Variations]"
Add component (AddParameter): Name = "ComponentLink10URL"; Value = "https://datasheet.octopart.com/GRM0335C1H200GA01D-Murata-datasheet-10025737.pdf"; VariantName = "[No Variations]"
Add component (AddParameter): Name = "ComponentLink11Description"; Value = "https://datasheet.octopart.com/GRM0335C1H200GA01D-Murata-datasheet-8819587.pdf"; VariantName = "[No Variations]"
Add component (AddParameter): Name = "ComponentLink11URL"; Value = "https://datasheet.octopart.com/GRM0335C1H200GA01D-Murata-datasheet-8819587.pdf"; VariantName = "[No Variations]"
Add component (AddParameter): Name = "ComponentLink12Description"; Value = "https://datasheet.octopart.com/GRM0335C1H200GA01D-Murata-datasheet-14398191.pdf"; VariantName = "[No Variations]"
Add component (AddParameter): Name = "ComponentLink12URL"; Value = "https://datasheet.octopart.com/GRM0335C1H200GA01D-Murata-datasheet-14398191.pdf"; VariantName = "[No Variations]"
Add component (AddParameter): Name = "ComponentLink13Description"; Value = "http://sigma.octopart.com:80/reach_statement/Murata-company-16.pdf?src-supplier=Compliance+Statements"; VariantName = "[No Variations]"
Add component (AddParameter): Name = "ComponentLink13URL"; Value = "http://sigma.octopart.com:80/reach_statement/Murata-company-16.pdf?src-supplier=Compliance+Statements"; VariantName = "[No Variations]"
Add component (AddParameter): Name = "Dielectric Material"; Value = "Ceramic"; VariantName = "[No Variations]"
Add component (AddParameter): Name = "Export Control Classification Number (ECCN) Code"; Value = "EAR99"; VariantName = "[No Variations]"
Add component (AddParameter): Name = "Harmonized Tariff Schedule (HTS) Code"; Value = "8532.24.00.20"; VariantName = "[No Variations]"
Add component (AddParameter): Name = "Height"; Value = "300µm"; VariantName = "[No Variations]"
Add component (AddParameter): Name = "Introduction Date"; Value = "2013-11-20"; VariantName = "[No Variations]"
Add component (AddParameter): Name = "Lead Free"; Value = "Lead Free"; VariantName = "[No Variations]"
Add component (AddParameter): Name = "Length"; Value = "600µm"; VariantName = "[No Variations]"
Add component (AddParameter): Name = "Lifecycle Status"; Value = "Production"; VariantName = "[No Variations]"
Add component (AddParameter): Name = "Manufacturer"; Value = "Murata"; VariantName = "[No Variations]"
Add component (AddParameter): Name = "Manufacturer Lifecycle Status"; Value = "IN PRODUCTION"; VariantName = "[No Variations]"
Add component (AddParameter): Name = "Manufacturer Part Number"; Value = "GRM0335C1H200GA01D"; VariantName = "[No Variations]"
Add component (AddParameter): Name = "Material"; Value = "Ceramic"; VariantName = "[No Variations]"
Add component (AddParameter): Name = "Max Operating Temperature"; Value = "125°C"; VariantName = "[No Variations]"
Add component (AddParameter): Name = "Min Operating Temperature"; Value = "-55°C"; VariantName = "[No Variations]"
Add component (AddParameter): Name = "Mounting Technology"; Value = "Surface Mount"; VariantName = "[No Variations]"
Add component (AddParameter): Name = "Number of Terminals"; Value = "2"; VariantName = "[No Variations]"
Add component (AddParameter): Name = "Pricing"; Value = "1=0,1, 10=0,015, 50=0,010, 100=0,0083, 500=0,00572, 1000=0,00492, 2500=0,00408, 5000=0,00358 (USD)"; VariantName = "[No Variations]"
Add component (AddParameter): Name = "REACH SVHC"; Value = "Yes"; VariantName = "[No Variations]"
Add component (AddParameter): Name = "RoHS"; Value = "Compliant"; VariantName = "[No Variations]"
Add component (AddParameter): Name = "Schedule B"; Value = "8532240020, 8532240020|8532240020, 8532240020|8532240020|8532240020, 8532240020|8532240020|8532240020|8532240020"; VariantName = "[No Variations]"
Add component (AddParameter): Name = "Stock"; Value = "186504"; VariantName = "[No Variations]"
Add component (AddParameter): Name = "Supplier"; Value = "DigiKey"; VariantName = "[No Variations]"
Add component (AddParameter): Name = "Supplier 1"; Value = "DigiKey"; VariantName = "[No Variations]"
Add component (AddParameter): Name = "Supplier Part Number"; Value = "490-6122-1-ND"; VariantName = "[No Variations]"
Add component (AddParameter): Name = "Supplier Part Number 1"; Value = "490-6122-1-ND"; VariantName = "[No Variations]"
Add component (AddParameter): Name = "Temperature Coefficient"; Value = "30ppm/°C"; VariantName = "[No Variations]"
Add component (AddParameter): Name = "Termination"; Value = "SMD/SMT"; VariantName = "[No Variations]"
Add component (AddParameter): Name = "Thickness"; Value = "300µm"; VariantName = "[No Variations]"
Add component (AddParameter): Name = "Tolerance"; Value = "2%"; VariantName = "[No Variations]"
Add component (AddParameter): Name = "Value"; Value = "20pF"; VariantName = "[No Variations]"
Add component (AddParameter): Name = "Voltage Rating"; Value = "50V"; VariantName = "[No Variations]"
Add component (AddParameter): Name = "Voltage Rating (DC)"; Value = "50V"; VariantName = "[No Variations]"
Add component (AddParameter): Name = "Width"; Value = "300µm"; VariantName = "[No Variations]"
Added Component: Designator=C4(C0201)
Add component (AddParameter): Name = "Case Code (Imperial)"; Value = "0201"; VariantName = "[No Variations]"
Add component (AddParameter): Name = "Case Code (Metric)"; Value = "0603"; VariantName = "[No Variations]"
Add component (AddParameter): Name = "Case/Package"; Value = "0201"; VariantName = "[No Variations]"
Add component (AddParameter): Name = "Category"; Value = "Ceramic Capacitors"; VariantName = "[No Variations]"
Add component (AddParameter): Name = "ComponentLink1Description"; Value = "https://datasheet.octopart.com:443/GRM033R60J104KE19D-Murata-datasheet-5390194.pdf?src-supplier=Upverter"; VariantName = "[No Variations]"
Add component (AddParameter): Name = "ComponentLink1URL"; Value = "https://datasheet.octopart.com:443/GRM033R60J104KE19D-Murata-datasheet-5390194.pdf?src-supplier=Upverter"; VariantName = "[No Variations]"
Add component (AddParameter): Name = "ComponentLink2Description"; Value = "https://datasheet.octopart.com:443/GRM033R60J104KE19D-Murata-datasheet-62317028.pdf?src-supplier=element14+APAC"; VariantName = "[No Variations]"
Add component (AddParameter): Name = "ComponentLink2URL"; Value = "https://datasheet.octopart.com:443/GRM033R60J104KE19D-Murata-datasheet-62317028.pdf?src-supplier=element14+APAC"; VariantName = "[No Variations]"
Add component (AddParameter): Name = "ComponentLink3Description"; Value = "https://datasheet.octopart.com:443/GRM033R60J104KE19D-Murata-datasheet-17853058.pdf?src-supplier=element14+APAC"; VariantName = "[No Variations]"
Add component (AddParameter): Name = "ComponentLink3URL"; Value = "https://datasheet.octopart.com:443/GRM033R60J104KE19D-Murata-datasheet-17853058.pdf?src-supplier=element14+APAC"; VariantName = "[No Variations]"
Add component (AddParameter): Name = "ComponentLink4Description"; Value = "https://datasheet.octopart.com:443/GRM033R60J104KE19D-Murata-datasheet-8397485.pdf?src-supplier=Newark"; VariantName = "[No Variations]"
Add component (AddParameter): Name = "ComponentLink4URL"; Value = "https://datasheet.octopart.com:443/GRM033R60J104KE19D-Murata-datasheet-8397485.pdf?src-supplier=Newark"; VariantName = "[No Variations]"
Add component (AddParameter): Name = "ComponentLink5Description"; Value = "https://datasheet.octopart.com:443/GRM033R60J104KE19D-Murata-datasheet-14399027.pdf?src-supplier=Future+Electronics"; VariantName = "[No Variations]"
Add component (AddParameter): Name = "ComponentLink5URL"; Value = "https://datasheet.octopart.com:443/GRM033R60J104KE19D-Murata-datasheet-14399027.pdf?src-supplier=Future+Electronics"; VariantName = "[No Variations]"
Add component (AddParameter): Name = "ComponentLink6Description"; Value = "https://datasheet.octopart.com:443/GRM033R60J104KE19D-Murata-datasheet-22122223.pdf?src-supplier=Future+Electronics"; VariantName = "[No Variations]"
Add component (AddParameter): Name = "ComponentLink6URL"; Value = "https://datasheet.octopart.com:443/GRM033R60J104KE19D-Murata-datasheet-22122223.pdf?src-supplier=Future+Electronics"; VariantName = "[No Variations]"
Add component (AddParameter): Name = "ComponentLink7Description"; Value = "https://datasheet.octopart.com:443/GRM033R60J104KE19D-Murata-datasheet-44105374.pdf?src-supplier=Future+Electronics"; VariantName = "[No Variations]"
Add component (AddParameter): Name = "ComponentLink7URL"; Value = "https://datasheet.octopart.com:443/GRM033R60J104KE19D-Murata-datasheet-44105374.pdf?src-supplier=Future+Electronics"; VariantName = "[No Variations]"
Add component (AddParameter): Name = "ComponentLink8Description"; Value = "https://datasheet.octopart.com:443/GRM033R60J104KE19D-Murata-datasheet-165579666.pdf?src-supplier=TME"; VariantName = "[No Variations]"
Add component (AddParameter): Name = "ComponentLink8URL"; Value = "https://datasheet.octopart.com:443/GRM033R60J104KE19D-Murata-datasheet-165579666.pdf?src-supplier=TME"; VariantName = "[No Variations]"
Add component (AddParameter): Name = "ComponentLink9Description"; Value = "https://datasheet.octopart.com:443/GRM033R60J104KE19D-Murata-datasheet-140710156.pdf?src-supplier=TME"; VariantName = "[No Variations]"
Add component (AddParameter): Name = "ComponentLink9URL"; Value = "https://datasheet.octopart.com:443/GRM033R60J104KE19D-Murata-datasheet-140710156.pdf?src-supplier=TME"; VariantName = "[No Variations]"
Add component (AddParameter): Name = "ComponentLink10Description"; Value = "https://datasheet.octopart.com:443/GRM033R60J104KE19D-Murata-datasheet-141274201.pdf?src-supplier=Ciiva"; VariantName = "[No Variations]"
Add component (AddParameter): Name = "ComponentLink10URL"; Value = "https://datasheet.octopart.com:443/GRM033R60J104KE19D-Murata-datasheet-141274201.pdf?src-supplier=Ciiva"; VariantName = "[No Variations]"
Add component (AddParameter): Name = "ComponentLink11Description"; Value = "https://datasheet.octopart.com:443/GRM033R60J104KE19D-Murata-datasheet-140675741.pdf?src-supplier=Ciiva"; VariantName = "[No Variations]"
Add component (AddParameter): Name = "ComponentLink11URL"; Value = "https://datasheet.octopart.com:443/GRM033R60J104KE19D-Murata-datasheet-140675741.pdf?src-supplier=Ciiva"; VariantName = "[No Variations]"
Add component (AddParameter): Name = "ComponentLink12Description"; Value = "https://datasheet.octopart.com:443/GRM033R60J104KE19D-Murata-datasheet-138738333.pdf?src-supplier=Ciiva"; VariantName = "[No Variations]"
Add component (AddParameter): Name = "ComponentLink12URL"; Value = "https://datasheet.octopart.com:443/GRM033R60J104KE19D-Murata-datasheet-138738333.pdf?src-supplier=Ciiva"; VariantName = "[No Variations]"
Add component (AddParameter): Name = "ComponentLink13Description"; Value = "https://datasheet.octopart.com/GRM033R60J104KE19D-Murata-datasheet-12515295.pdf"; VariantName = "[No Variations]"
Add component (AddParameter): Name = "ComponentLink13URL"; Value = "https://datasheet.octopart.com/GRM033R60J104KE19D-Murata-datasheet-12515295.pdf"; VariantName = "[No Variations]"
Add component (AddParameter): Name = "ComponentLink14Description"; Value = "https://datasheet.octopart.com/GRM033R60J104KE19D-Murata-datasheet-12510076.pdf"; VariantName = "[No Variations]"
Add component (AddParameter): Name = "ComponentLink14URL"; Value = "https://datasheet.octopart.com/GRM033R60J104KE19D-Murata-datasheet-12510076.pdf"; VariantName = "[No Variations]"
Add component (AddParameter): Name = "ComponentLink15Description"; Value = "https://datasheet.octopart.com/GRM033R60J104KE19D-Murata-datasheet-11978611.pdf"; VariantName = "[No Variations]"
Add component (AddParameter): Name = "ComponentLink15URL"; Value = "https://datasheet.octopart.com/GRM033R60J104KE19D-Murata-datasheet-11978611.pdf"; VariantName = "[No Variations]"
Add component (AddParameter): Name = "ComponentLink16Description"; Value = "https://datasheet.octopart.com/GRM033R60J104KE19D-Murata-datasheet-10025737.pdf"; VariantName = "[No Variations]"
Add component (AddParameter): Name = "ComponentLink16URL"; Value = "https://datasheet.octopart.com/GRM033R60J104KE19D-Murata-datasheet-10025737.pdf"; VariantName = "[No Variations]"
Add component (AddParameter): Name = "ComponentLink17Description"; Value = "https://datasheet.octopart.com/GRM033R60J104KE19D-Murata-datasheet-8819587.pdf"; VariantName = "[No Variations]"
Add component (AddParameter): Name = "ComponentLink17URL"; Value = "https://datasheet.octopart.com/GRM033R60J104KE19D-Murata-datasheet-8819587.pdf"; VariantName = "[No Variations]"
Add component (AddParameter): Name = "ComponentLink18Description"; Value = "https://datasheet.octopart.com:443/GRM033R60J104KE19D-Murata-datasheet-12510170.pdf?src-supplier=Factory+Futures"; VariantName = "[No Variations]"
Add component (AddParameter): Name = "ComponentLink18URL"; Value = "https://datasheet.octopart.com:443/GRM033R60J104KE19D-Murata-datasheet-12510170.pdf?src-supplier=Factory+Futures"; VariantName = "[No Variations]"
Add component (AddParameter): Name = "ComponentLink19Description"; Value = "https://datasheet.octopart.com:443/GRM033R60J104KE19D-Murata-datasheet-8517407.pdf?src-supplier=Factory+Futures"; VariantName = "[No Variations]"
Add component (AddParameter): Name = "ComponentLink19URL"; Value = "https://datasheet.octopart.com:443/GRM033R60J104KE19D-Murata-datasheet-8517407.pdf?src-supplier=Factory+Futures"; VariantName = "[No Variations]"
Add component (AddParameter): Name = "ComponentLink20Description"; Value = "https://datasheet.octopart.com:443/GRM033R60J104KE19D-Murata-datasheet-8387045.pdf?src-supplier=Factory+Futures"; VariantName = "[No Variations]"
Add component (AddParameter): Name = "ComponentLink20URL"; Value = "https://datasheet.octopart.com:443/GRM033R60J104KE19D-Murata-datasheet-8387045.pdf?src-supplier=Factory+Futures"; VariantName = "[No Variations]"
Add component (AddParameter): Name = "ComponentLink21Description"; Value = "https://datasheet.octopart.com:443/GRM033R60J104KE19D-Murata-datasheet-8324201.pdf?src-supplier=Factory+Futures"; VariantName = "[No Variations]"
Add component (AddParameter): Name = "ComponentLink21URL"; Value = "https://datasheet.octopart.com:443/GRM033R60J104KE19D-Murata-datasheet-8324201.pdf?src-supplier=Factory+Futures"; VariantName = "[No Variations]"
Add component (AddParameter): Name = "ComponentLink22Description"; Value = "https://datasheet.octopart.com:443/GRM033R60J104KE19D-Murata-datasheet-7628724.pdf?src-supplier=Factory+Futures"; VariantName = "[No Variations]"
Add component (AddParameter): Name = "ComponentLink22URL"; Value = "https://datasheet.octopart.com:443/GRM033R60J104KE19D-Murata-datasheet-7628724.pdf?src-supplier=Factory+Futures"; VariantName = "[No Variations]"
Add component (AddParameter): Name = "ComponentLink23Description"; Value = "https://datasheet.octopart.com:443/GRM033R60J104KE19D-Murata-datasheet-552801.pdf?src-supplier=Factory+Futures"; VariantName = "[No Variations]"
Add component (AddParameter): Name = "ComponentLink23URL"; Value = "https://datasheet.octopart.com:443/GRM033R60J104KE19D-Murata-datasheet-552801.pdf?src-supplier=Factory+Futures"; VariantName = "[No Variations]"
Add component (AddParameter): Name = "ComponentLink24Description"; Value = "https://datasheet.octopart.com:443/GRM033R60J104KE19D.-Murata-datasheet-5332913.pdf?src-supplier=Farnell"; VariantName = "[No Variations]"
Add component (AddParameter): Name = "ComponentLink24URL"; Value = "https://datasheet.octopart.com:443/GRM033R60J104KE19D.-Murata-datasheet-5332913.pdf?src-supplier=Farnell"; VariantName = "[No Variations]"
Add component (AddParameter): Name = "ComponentLink25Description"; Value = "https://datasheet.octopart.com:443/GRM033R60J104KE19D-Murata-datasheet-148210.pdf?src-supplier=Garrett"; VariantName = "[No Variations]"
Add component (AddParameter): Name = "ComponentLink25URL"; Value = "https://datasheet.octopart.com:443/GRM033R60J104KE19D-Murata-datasheet-148210.pdf?src-supplier=Garrett"; VariantName = "[No Variations]"
Add component (AddParameter): Name = "ComponentLink26Description"; Value = "https://datasheet.octopart.com:443/GRM033R60J104KE19D-Murata-datasheet-118811.pdf?src-supplier=DigiKey"; VariantName = "[No Variations]"
Add component (AddParameter): Name = "ComponentLink26URL"; Value = "https://datasheet.octopart.com:443/GRM033R60J104KE19D-Murata-datasheet-118811.pdf?src-supplier=DigiKey"; VariantName = "[No Variations]"
Add component (AddParameter): Name = "ComponentLink27Description"; Value = "http://sigma.octopart.com:80/reach_statement/Murata-company-16.pdf?src-supplier=Compliance+Statements"; VariantName = "[No Variations]"
Add component (AddParameter): Name = "ComponentLink27URL"; Value = "http://sigma.octopart.com:80/reach_statement/Murata-company-16.pdf?src-supplier=Compliance+Statements"; VariantName = "[No Variations]"
Add component (AddParameter): Name = "Country of Origin"; Value = "Philippines"; VariantName = "[No Variations]"
Add component (AddParameter): Name = "Depth"; Value = "300µm"; VariantName = "[No Variations]"
Add component (AddParameter): Name = "Dielectric"; Value = "X5R"; VariantName = "[No Variations]"
Add component (AddParameter): Name = "Dielectric Material"; Value = "Ceramic"; VariantName = "[No Variations]"
Add component (AddParameter): Name = "Export Control Classification Number (ECCN) Code"; Value = "EAR99"; VariantName = "[No Variations]"
Add component (AddParameter): Name = "Harmonized Tariff Schedule (HTS) Code"; Value = "8532.24.00.20"; VariantName = "[No Variations]"
Add component (AddParameter): Name = "Height"; Value = "300µm"; VariantName = "[No Variations]"
Add component (AddParameter): Name = "Introduction Date"; Value = "2004-09-04"; VariantName = "[No Variations]"
Add component (AddParameter): Name = "Lead Free"; Value = "Lead Free"; VariantName = "[No Variations]"
Add component (AddParameter): Name = "Length"; Value = "600µm"; VariantName = "[No Variations]"
Add component (AddParameter): Name = "Lifecycle Status"; Value = "Production"; VariantName = "[No Variations]"
Add component (AddParameter): Name = "Manufacturer"; Value = "Murata"; VariantName = "[No Variations]"
Add component (AddParameter): Name = "Manufacturer Lifecycle Status"; Value = "IN PRODUCTION"; VariantName = "[No Variations]"
Add component (AddParameter): Name = "Manufacturer Part Number"; Value = "GRM033R60J104KE19D"; VariantName = "[No Variations]"
Add component (AddParameter): Name = "Material"; Value = "Ceramic"; VariantName = "[No Variations]"
Add component (AddParameter): Name = "Max Operating Temperature"; Value = "85°C"; VariantName = "[No Variations]"
Add component (AddParameter): Name = "Min Operating Temperature"; Value = "-55°C"; VariantName = "[No Variations]"
Add component (AddParameter): Name = "Mounting Technology"; Value = "Surface Mount"; VariantName = "[No Variations]"
Add component (AddParameter): Name = "Number of Terminals"; Value = "2"; VariantName = "[No Variations]"
Add component (AddParameter): Name = "Packaging"; Value = "Cut Tape (CT)"; VariantName = "[No Variations]"
Add component (AddParameter): Name = "Pins"; Value = "2"; VariantName = "[No Variations]"
Add component (AddParameter): Name = "Pricing"; Value = "1=0,1, 10=0,013, 50=0,0084, 100=0,007, 500=0,00476, 1000=0,00409, 2500=0,00338, 5000=0,00295 (USD)"; VariantName = "[No Variations]"
Add component (AddParameter): Name = "Radiation Hardening"; Value = "No"; VariantName = "[No Variations]"
Add component (AddParameter): Name = "REACH SVHC"; Value = "Yes"; VariantName = "[No Variations]"
Add component (AddParameter): Name = "RoHS"; Value = "Compliant"; VariantName = "[No Variations]"
Add component (AddParameter): Name = "Schedule B"; Value = "8532240020, 8532240020|8532240020, 8532240020|8532240020|8532240020, 8532240020|8532240020|8532240020|8532240020"; VariantName = "[No Variations]"
Add component (AddParameter): Name = "Stock"; Value = "19959733"; VariantName = "[No Variations]"
Add component (AddParameter): Name = "Supplier"; Value = "DigiKey"; VariantName = "[No Variations]"
Add component (AddParameter): Name = "Supplier 1"; Value = "DigiKey"; VariantName = "[No Variations]"
Add component (AddParameter): Name = "Supplier Part Number"; Value = "490-3167-6-ND"; VariantName = "[No Variations]"
Add component (AddParameter): Name = "Supplier Part Number 1"; Value = "490-3167-6-ND"; VariantName = "[No Variations]"
Add component (AddParameter): Name = "Termination"; Value = "SMD/SMT"; VariantName = "[No Variations]"
Add component (AddParameter): Name = "Thickness"; Value = "300µm"; VariantName = "[No Variations]"
Add component (AddParameter): Name = "Tolerance"; Value = "10%"; VariantName = "[No Variations]"
Add component (AddParameter): Name = "Value"; Value = "100nF"; VariantName = "[No Variations]"
Add component (AddParameter): Name = "Voltage"; Value = "6.3V"; VariantName = "[No Variations]"
Add component (AddParameter): Name = "Voltage Rating"; Value = "6.3V"; VariantName = "[No Variations]"
Add component (AddParameter): Name = "Voltage Rating (DC)"; Value = "6.3V"; VariantName = "[No Variations]"
Add component (AddParameter): Name = "Weight"; Value = "170.097139µg"; VariantName = "[No Variations]"
Add component (AddParameter): Name = "Width"; Value = "300µm"; VariantName = "[No Variations]"
Added Component: Designator=C5(C0201)
Add component (AddParameter): Name = "Case/Package"; Value = "0201"; VariantName = "[No Variations]"
Add component (AddParameter): Name = "Category"; Value = "Ceramic Capacitors"; VariantName = "[No Variations]"
Add component (AddParameter): Name = "ComponentLink1Description"; Value = "https://datasheet.octopart.com:443/GRM033R61C105ME15D-Murata-datasheet-155345049.pdf?src-supplier=Newark"; VariantName = "[No Variations]"
Add component (AddParameter): Name = "ComponentLink1URL"; Value = "https://datasheet.octopart.com:443/GRM033R61C105ME15D-Murata-datasheet-155345049.pdf?src-supplier=Newark"; VariantName = "[No Variations]"
Add component (AddParameter): Name = "ComponentLink2Description"; Value = "https://datasheet.octopart.com:443/GRM033R61C105ME15D-Murata-datasheet-165579666.pdf?src-supplier=TME"; VariantName = "[No Variations]"
Add component (AddParameter): Name = "ComponentLink2URL"; Value = "https://datasheet.octopart.com:443/GRM033R61C105ME15D-Murata-datasheet-165579666.pdf?src-supplier=TME"; VariantName = "[No Variations]"
Add component (AddParameter): Name = "ComponentLink3Description"; Value = "https://datasheet.octopart.com:443/GRM033R61C105ME15D-Murata-datasheet-141274201.pdf?src-supplier=Ciiva"; VariantName = "[No Variations]"
Add component (AddParameter): Name = "ComponentLink3URL"; Value = "https://datasheet.octopart.com:443/GRM033R61C105ME15D-Murata-datasheet-141274201.pdf?src-supplier=Ciiva"; VariantName = "[No Variations]"
Add component (AddParameter): Name = "ComponentLink4Description"; Value = "https://datasheet.octopart.com:443/GRM033R61C105ME15D-Murata-datasheet-140676397.pdf?src-supplier=Ciiva"; VariantName = "[No Variations]"
Add component (AddParameter): Name = "ComponentLink4URL"; Value = "https://datasheet.octopart.com:443/GRM033R61C105ME15D-Murata-datasheet-140676397.pdf?src-supplier=Ciiva"; VariantName = "[No Variations]"
Add component (AddParameter): Name = "ComponentLink5Description"; Value = "https://datasheet.octopart.com:443/GRM033R61C105ME15D-Murata-datasheet-138738456.pdf?src-supplier=Ciiva"; VariantName = "[No Variations]"
Add component (AddParameter): Name = "ComponentLink5URL"; Value = "https://datasheet.octopart.com:443/GRM033R61C105ME15D-Murata-datasheet-138738456.pdf?src-supplier=Ciiva"; VariantName = "[No Variations]"
Add component (AddParameter): Name = "ComponentLink6Description"; Value = "https://datasheet.octopart.com/GRM033R61C105ME15D-Murata-datasheet-12515295.pdf"; VariantName = "[No Variations]"
Add component (AddParameter): Name = "ComponentLink6URL"; Value = "https://datasheet.octopart.com/GRM033R61C105ME15D-Murata-datasheet-12515295.pdf"; VariantName = "[No Variations]"
Add component (AddParameter): Name = "ComponentLink7Description"; Value = "https://datasheet.octopart.com/GRM033R61C105ME15D-Murata-datasheet-12510076.pdf"; VariantName = "[No Variations]"
Add component (AddParameter): Name = "ComponentLink7URL"; Value = "https://datasheet.octopart.com/GRM033R61C105ME15D-Murata-datasheet-12510076.pdf"; VariantName = "[No Variations]"
Add component (AddParameter): Name = "ComponentLink8Description"; Value = "https://datasheet.octopart.com/GRM033R61C105ME15D-Murata-datasheet-11978611.pdf"; VariantName = "[No Variations]"
Add component (AddParameter): Name = "ComponentLink8URL"; Value = "https://datasheet.octopart.com/GRM033R61C105ME15D-Murata-datasheet-11978611.pdf"; VariantName = "[No Variations]"
Add component (AddParameter): Name = "ComponentLink9Description"; Value = "https://datasheet.octopart.com/GRM033R61C105ME15D-Murata-datasheet-10025737.pdf"; VariantName = "[No Variations]"
Add component (AddParameter): Name = "ComponentLink9URL"; Value = "https://datasheet.octopart.com/GRM033R61C105ME15D-Murata-datasheet-10025737.pdf"; VariantName = "[No Variations]"
Add component (AddParameter): Name = "ComponentLink10Description"; Value = "https://datasheet.octopart.com/GRM033R61C105ME15D-Murata-datasheet-8819587.pdf"; VariantName = "[No Variations]"
Add component (AddParameter): Name = "ComponentLink10URL"; Value = "https://datasheet.octopart.com/GRM033R61C105ME15D-Murata-datasheet-8819587.pdf"; VariantName = "[No Variations]"
Add component (AddParameter): Name = "ComponentLink11Description"; Value = "http://sigma.octopart.com:80/reach_statement/Murata-company-16.pdf?src-supplier=Compliance+Statements"; VariantName = "[No Variations]"
Add component (AddParameter): Name = "ComponentLink11URL"; Value = "http://sigma.octopart.com:80/reach_statement/Murata-company-16.pdf?src-supplier=Compliance+Statements"; VariantName = "[No Variations]"
Add component (AddParameter): Name = "Country of Origin"; Value = "Japan, Mainland China, Philippines, Singapore, Thailand"; VariantName = "[No Variations]"
Add component (AddParameter): Name = "Dielectric"; Value = "X5R"; VariantName = "[No Variations]"
Add component (AddParameter): Name = "Dielectric Material"; Value = "Ceramic"; VariantName = "[No Variations]"
Add component (AddParameter): Name = "Export Control Classification Number (ECCN) Code"; Value = "EAR99"; VariantName = "[No Variations]"
Add component (AddParameter): Name = "Harmonized Tariff Schedule (HTS) Code"; Value = "8532.24.00.20"; VariantName = "[No Variations]"
Add component (AddParameter): Name = "Height"; Value = "300µm"; VariantName = "[No Variations]"
Add component (AddParameter): Name = "Introduction Date"; Value = "2021-04-22"; VariantName = "[No Variations]"
Add component (AddParameter): Name = "Length"; Value = "600µm"; VariantName = "[No Variations]"
Add component (AddParameter): Name = "Lifecycle Status"; Value = "Production"; VariantName = "[No Variations]"
Add component (AddParameter): Name = "Manufacturer"; Value = "Murata"; VariantName = "[No Variations]"
Add component (AddParameter): Name = "Manufacturer Lifecycle Status"; Value = "IN PRODUCTION"; VariantName = "[No Variations]"
Add component (AddParameter): Name = "Manufacturer Part Number"; Value = "GRM033R61C105ME15D"; VariantName = "[No Variations]"
Add component (AddParameter): Name = "Material"; Value = "Ceramic"; VariantName = "[No Variations]"
Add component (AddParameter): Name = "Max Operating Temperature"; Value = "85°C"; VariantName = "[No Variations]"
Add component (AddParameter): Name = "Min Operating Temperature"; Value = "-55°C"; VariantName = "[No Variations]"
Add component (AddParameter): Name = "Mounting Technology"; Value = "Surface Mount"; VariantName = "[No Variations]"
Add component (AddParameter): Name = "Number of Terminals"; Value = "2"; VariantName = "[No Variations]"
Add component (AddParameter): Name = "Pricing"; Value = "1=0,14, 10=0,078, 50=0,0542, 100=0,0471, 500=0,03512, 1000=0,03144, 2500=0,02756, 5000=0,02522 (USD)"; VariantName = "[No Variations]"
Add component (AddParameter): Name = "REACH SVHC"; Value = "Yes"; VariantName = "[No Variations]"
Add component (AddParameter): Name = "RoHS"; Value = "Compliant"; VariantName = "[No Variations]"
Add component (AddParameter): Name = "Stock"; Value = "494203"; VariantName = "[No Variations]"
Add component (AddParameter): Name = "Supplier"; Value = "DigiKey"; VariantName = "[No Variations]"
Add component (AddParameter): Name = "Supplier 1"; Value = "DigiKey"; VariantName = "[No Variations]"
Add component (AddParameter): Name = "Supplier Part Number"; Value = "490-18654-1-ND"; VariantName = "[No Variations]"
Add component (AddParameter): Name = "Supplier Part Number 1"; Value = "490-18654-1-ND"; VariantName = "[No Variations]"
Add component (AddParameter): Name = "Thickness"; Value = "300µm"; VariantName = "[No Variations]"
Add component (AddParameter): Name = "Tolerance"; Value = "20%"; VariantName = "[No Variations]"
Add component (AddParameter): Name = "Value"; Value = "1µF"; VariantName = "[No Variations]"
Add component (AddParameter): Name = "Voltage Rating"; Value = "16V"; VariantName = "[No Variations]"
Add component (AddParameter): Name = "Voltage Rating (DC)"; Value = "16V"; VariantName = "[No Variations]"
Add component (AddParameter): Name = "Width"; Value = "300µm"; VariantName = "[No Variations]"
Added Component: Designator=C6(C0201)
Add component (AddParameter): Name = "Case/Package"; Value = "0201"; VariantName = "[No Variations]"
Add component (AddParameter): Name = "Category"; Value = "Ceramic Capacitors"; VariantName = "[No Variations]"
Add component (AddParameter): Name = "ComponentLink1Description"; Value = "https://datasheet.octopart.com:443/GRM033R61C105ME15D-Murata-datasheet-155345049.pdf?src-supplier=Newark"; VariantName = "[No Variations]"
Add component (AddParameter): Name = "ComponentLink1URL"; Value = "https://datasheet.octopart.com:443/GRM033R61C105ME15D-Murata-datasheet-155345049.pdf?src-supplier=Newark"; VariantName = "[No Variations]"
Add component (AddParameter): Name = "ComponentLink2Description"; Value = "https://datasheet.octopart.com:443/GRM033R61C105ME15D-Murata-datasheet-165579666.pdf?src-supplier=TME"; VariantName = "[No Variations]"
Add component (AddParameter): Name = "ComponentLink2URL"; Value = "https://datasheet.octopart.com:443/GRM033R61C105ME15D-Murata-datasheet-165579666.pdf?src-supplier=TME"; VariantName = "[No Variations]"
Add component (AddParameter): Name = "ComponentLink3Description"; Value = "https://datasheet.octopart.com:443/GRM033R61C105ME15D-Murata-datasheet-141274201.pdf?src-supplier=Ciiva"; VariantName = "[No Variations]"
Add component (AddParameter): Name = "ComponentLink3URL"; Value = "https://datasheet.octopart.com:443/GRM033R61C105ME15D-Murata-datasheet-141274201.pdf?src-supplier=Ciiva"; VariantName = "[No Variations]"
Add component (AddParameter): Name = "ComponentLink4Description"; Value = "https://datasheet.octopart.com:443/GRM033R61C105ME15D-Murata-datasheet-140676397.pdf?src-supplier=Ciiva"; VariantName = "[No Variations]"
Add component (AddParameter): Name = "ComponentLink4URL"; Value = "https://datasheet.octopart.com:443/GRM033R61C105ME15D-Murata-datasheet-140676397.pdf?src-supplier=Ciiva"; VariantName = "[No Variations]"
Add component (AddParameter): Name = "ComponentLink5Description"; Value = "https://datasheet.octopart.com:443/GRM033R61C105ME15D-Murata-datasheet-138738456.pdf?src-supplier=Ciiva"; VariantName = "[No Variations]"
Add component (AddParameter): Name = "ComponentLink5URL"; Value = "https://datasheet.octopart.com:443/GRM033R61C105ME15D-Murata-datasheet-138738456.pdf?src-supplier=Ciiva"; VariantName = "[No Variations]"
Add component (AddParameter): Name = "ComponentLink6Description"; Value = "https://datasheet.octopart.com/GRM033R61C105ME15D-Murata-datasheet-12515295.pdf"; VariantName = "[No Variations]"
Add component (AddParameter): Name = "ComponentLink6URL"; Value = "https://datasheet.octopart.com/GRM033R61C105ME15D-Murata-datasheet-12515295.pdf"; VariantName = "[No Variations]"
Add component (AddParameter): Name = "ComponentLink7Description"; Value = "https://datasheet.octopart.com/GRM033R61C105ME15D-Murata-datasheet-12510076.pdf"; VariantName = "[No Variations]"
Add component (AddParameter): Name = "ComponentLink7URL"; Value = "https://datasheet.octopart.com/GRM033R61C105ME15D-Murata-datasheet-12510076.pdf"; VariantName = "[No Variations]"
Add component (AddParameter): Name = "ComponentLink8Description"; Value = "https://datasheet.octopart.com/GRM033R61C105ME15D-Murata-datasheet-11978611.pdf"; VariantName = "[No Variations]"
Add component (AddParameter): Name = "ComponentLink8URL"; Value = "https://datasheet.octopart.com/GRM033R61C105ME15D-Murata-datasheet-11978611.pdf"; VariantName = "[No Variations]"
Add component (AddParameter): Name = "ComponentLink9Description"; Value = "https://datasheet.octopart.com/GRM033R61C105ME15D-Murata-datasheet-10025737.pdf"; VariantName = "[No Variations]"
Add component (AddParameter): Name = "ComponentLink9URL"; Value = "https://datasheet.octopart.com/GRM033R61C105ME15D-Murata-datasheet-10025737.pdf"; VariantName = "[No Variations]"
Add component (AddParameter): Name = "ComponentLink10Description"; Value = "https://datasheet.octopart.com/GRM033R61C105ME15D-Murata-datasheet-8819587.pdf"; VariantName = "[No Variations]"
Add component (AddParameter): Name = "ComponentLink10URL"; Value = "https://datasheet.octopart.com/GRM033R61C105ME15D-Murata-datasheet-8819587.pdf"; VariantName = "[No Variations]"
Add component (AddParameter): Name = "ComponentLink11Description"; Value = "http://sigma.octopart.com:80/reach_statement/Murata-company-16.pdf?src-supplier=Compliance+Statements"; VariantName = "[No Variations]"
Add component (AddParameter): Name = "ComponentLink11URL"; Value = "http://sigma.octopart.com:80/reach_statement/Murata-company-16.pdf?src-supplier=Compliance+Statements"; VariantName = "[No Variations]"
Add component (AddParameter): Name = "Country of Origin"; Value = "Japan, Mainland China, Philippines, Singapore, Thailand"; VariantName = "[No Variations]"
Add component (AddParameter): Name = "Dielectric"; Value = "X5R"; VariantName = "[No Variations]"
Add component (AddParameter): Name = "Dielectric Material"; Value = "Ceramic"; VariantName = "[No Variations]"
Add component (AddParameter): Name = "Export Control Classification Number (ECCN) Code"; Value = "EAR99"; VariantName = "[No Variations]"
Add component (AddParameter): Name = "Harmonized Tariff Schedule (HTS) Code"; Value = "8532.24.00.20"; VariantName = "[No Variations]"
Add component (AddParameter): Name = "Height"; Value = "300µm"; VariantName = "[No Variations]"
Add component (AddParameter): Name = "Introduction Date"; Value = "2021-04-22"; VariantName = "[No Variations]"
Add component (AddParameter): Name = "Length"; Value = "600µm"; VariantName = "[No Variations]"
Add component (AddParameter): Name = "Lifecycle Status"; Value = "Production"; VariantName = "[No Variations]"
Add component (AddParameter): Name = "Manufacturer"; Value = "Murata"; VariantName = "[No Variations]"
Add component (AddParameter): Name = "Manufacturer Lifecycle Status"; Value = "IN PRODUCTION"; VariantName = "[No Variations]"
Add component (AddParameter): Name = "Manufacturer Part Number"; Value = "GRM033R61C105ME15D"; VariantName = "[No Variations]"
Add component (AddParameter): Name = "Material"; Value = "Ceramic"; VariantName = "[No Variations]"
Add component (AddParameter): Name = "Max Operating Temperature"; Value = "85°C"; VariantName = "[No Variations]"
Add component (AddParameter): Name = "Min Operating Temperature"; Value = "-55°C"; VariantName = "[No Variations]"
Add component (AddParameter): Name = "Mounting Technology"; Value = "Surface Mount"; VariantName = "[No Variations]"
Add component (AddParameter): Name = "Number of Terminals"; Value = "2"; VariantName = "[No Variations]"
Add component (AddParameter): Name = "Pricing"; Value = "1=0,14, 10=0,078, 50=0,0542, 100=0,0471, 500=0,03512, 1000=0,03144, 2500=0,02756, 5000=0,02522 (USD)"; VariantName = "[No Variations]"
Add component (AddParameter): Name = "REACH SVHC"; Value = "Yes"; VariantName = "[No Variations]"
Add component (AddParameter): Name = "RoHS"; Value = "Compliant"; VariantName = "[No Variations]"
Add component (AddParameter): Name = "Stock"; Value = "494203"; VariantName = "[No Variations]"
Add component (AddParameter): Name = "Supplier"; Value = "DigiKey"; VariantName = "[No Variations]"
Add component (AddParameter): Name = "Supplier 1"; Value = "DigiKey"; VariantName = "[No Variations]"
Add component (AddParameter): Name = "Supplier Part Number"; Value = "490-18654-1-ND"; VariantName = "[No Variations]"
Add component (AddParameter): Name = "Supplier Part Number 1"; Value = "490-18654-1-ND"; VariantName = "[No Variations]"
Add component (AddParameter): Name = "Thickness"; Value = "300µm"; VariantName = "[No Variations]"
Add component (AddParameter): Name = "Tolerance"; Value = "20%"; VariantName = "[No Variations]"
Add component (AddParameter): Name = "Value"; Value = "1µF"; VariantName = "[No Variations]"
Add component (AddParameter): Name = "Voltage Rating"; Value = "16V"; VariantName = "[No Variations]"
Add component (AddParameter): Name = "Voltage Rating (DC)"; Value = "16V"; VariantName = "[No Variations]"
Add component (AddParameter): Name = "Width"; Value = "300µm"; VariantName = "[No Variations]"
Added Component: Designator=C7(C0201)
Add component (AddParameter): Name = "Case Code (Imperial)"; Value = "0201"; VariantName = "[No Variations]"
Add component (AddParameter): Name = "Case Code (Metric)"; Value = "0603"; VariantName = "[No Variations]"
Add component (AddParameter): Name = "Case/Package"; Value = "0201"; VariantName = "[No Variations]"
Add component (AddParameter): Name = "Category"; Value = "Ceramic Capacitors"; VariantName = "[No Variations]"
Add component (AddParameter): Name = "ComponentLink1Description"; Value = "https://datasheet.octopart.com:443/GRM033R60J104KE19D-Murata-datasheet-5390194.pdf?src-supplier=Upverter"; VariantName = "[No Variations]"
Add component (AddParameter): Name = "ComponentLink1URL"; Value = "https://datasheet.octopart.com:443/GRM033R60J104KE19D-Murata-datasheet-5390194.pdf?src-supplier=Upverter"; VariantName = "[No Variations]"
Add component (AddParameter): Name = "ComponentLink2Description"; Value = "https://datasheet.octopart.com:443/GRM033R60J104KE19D-Murata-datasheet-62317028.pdf?src-supplier=element14+APAC"; VariantName = "[No Variations]"
Add component (AddParameter): Name = "ComponentLink2URL"; Value = "https://datasheet.octopart.com:443/GRM033R60J104KE19D-Murata-datasheet-62317028.pdf?src-supplier=element14+APAC"; VariantName = "[No Variations]"
Add component (AddParameter): Name = "ComponentLink3Description"; Value = "https://datasheet.octopart.com:443/GRM033R60J104KE19D-Murata-datasheet-17853058.pdf?src-supplier=element14+APAC"; VariantName = "[No Variations]"
Add component (AddParameter): Name = "ComponentLink3URL"; Value = "https://datasheet.octopart.com:443/GRM033R60J104KE19D-Murata-datasheet-17853058.pdf?src-supplier=element14+APAC"; VariantName = "[No Variations]"
Add component (AddParameter): Name = "ComponentLink4Description"; Value = "https://datasheet.octopart.com:443/GRM033R60J104KE19D-Murata-datasheet-8397485.pdf?src-supplier=Newark"; VariantName = "[No Variations]"
Add component (AddParameter): Name = "ComponentLink4URL"; Value = "https://datasheet.octopart.com:443/GRM033R60J104KE19D-Murata-datasheet-8397485.pdf?src-supplier=Newark"; VariantName = "[No Variations]"
Add component (AddParameter): Name = "ComponentLink5Description"; Value = "https://datasheet.octopart.com:443/GRM033R60J104KE19D-Murata-datasheet-14399027.pdf?src-supplier=Future+Electronics"; VariantName = "[No Variations]"
Add component (AddParameter): Name = "ComponentLink5URL"; Value = "https://datasheet.octopart.com:443/GRM033R60J104KE19D-Murata-datasheet-14399027.pdf?src-supplier=Future+Electronics"; VariantName = "[No Variations]"
Add component (AddParameter): Name = "ComponentLink6Description"; Value = "https://datasheet.octopart.com:443/GRM033R60J104KE19D-Murata-datasheet-22122223.pdf?src-supplier=Future+Electronics"; VariantName = "[No Variations]"
Add component (AddParameter): Name = "ComponentLink6URL"; Value = "https://datasheet.octopart.com:443/GRM033R60J104KE19D-Murata-datasheet-22122223.pdf?src-supplier=Future+Electronics"; VariantName = "[No Variations]"
Add component (AddParameter): Name = "ComponentLink7Description"; Value = "https://datasheet.octopart.com:443/GRM033R60J104KE19D-Murata-datasheet-44105374.pdf?src-supplier=Future+Electronics"; VariantName = "[No Variations]"
Add component (AddParameter): Name = "ComponentLink7URL"; Value = "https://datasheet.octopart.com:443/GRM033R60J104KE19D-Murata-datasheet-44105374.pdf?src-supplier=Future+Electronics"; VariantName = "[No Variations]"
Add component (AddParameter): Name = "ComponentLink8Description"; Value = "https://datasheet.octopart.com:443/GRM033R60J104KE19D-Murata-datasheet-165579666.pdf?src-supplier=TME"; VariantName = "[No Variations]"
Add component (AddParameter): Name = "ComponentLink8URL"; Value = "https://datasheet.octopart.com:443/GRM033R60J104KE19D-Murata-datasheet-165579666.pdf?src-supplier=TME"; VariantName = "[No Variations]"
Add component (AddParameter): Name = "ComponentLink9Description"; Value = "https://datasheet.octopart.com:443/GRM033R60J104KE19D-Murata-datasheet-140710156.pdf?src-supplier=TME"; VariantName = "[No Variations]"
Add component (AddParameter): Name = "ComponentLink9URL"; Value = "https://datasheet.octopart.com:443/GRM033R60J104KE19D-Murata-datasheet-140710156.pdf?src-supplier=TME"; VariantName = "[No Variations]"
Add component (AddParameter): Name = "ComponentLink10Description"; Value = "https://datasheet.octopart.com:443/GRM033R60J104KE19D-Murata-datasheet-141274201.pdf?src-supplier=Ciiva"; VariantName = "[No Variations]"
Add component (AddParameter): Name = "ComponentLink10URL"; Value = "https://datasheet.octopart.com:443/GRM033R60J104KE19D-Murata-datasheet-141274201.pdf?src-supplier=Ciiva"; VariantName = "[No Variations]"
Add component (AddParameter): Name = "ComponentLink11Description"; Value = "https://datasheet.octopart.com:443/GRM033R60J104KE19D-Murata-datasheet-140675741.pdf?src-supplier=Ciiva"; VariantName = "[No Variations]"
Add component (AddParameter): Name = "ComponentLink11URL"; Value = "https://datasheet.octopart.com:443/GRM033R60J104KE19D-Murata-datasheet-140675741.pdf?src-supplier=Ciiva"; VariantName = "[No Variations]"
Add component (AddParameter): Name = "ComponentLink12Description"; Value = "https://datasheet.octopart.com:443/GRM033R60J104KE19D-Murata-datasheet-138738333.pdf?src-supplier=Ciiva"; VariantName = "[No Variations]"
Add component (AddParameter): Name = "ComponentLink12URL"; Value = "https://datasheet.octopart.com:443/GRM033R60J104KE19D-Murata-datasheet-138738333.pdf?src-supplier=Ciiva"; VariantName = "[No Variations]"
Add component (AddParameter): Name = "ComponentLink13Description"; Value = "https://datasheet.octopart.com/GRM033R60J104KE19D-Murata-datasheet-12515295.pdf"; VariantName = "[No Variations]"
Add component (AddParameter): Name = "ComponentLink13URL"; Value = "https://datasheet.octopart.com/GRM033R60J104KE19D-Murata-datasheet-12515295.pdf"; VariantName = "[No Variations]"
Add component (AddParameter): Name = "ComponentLink14Description"; Value = "https://datasheet.octopart.com/GRM033R60J104KE19D-Murata-datasheet-12510076.pdf"; VariantName = "[No Variations]"
Add component (AddParameter): Name = "ComponentLink14URL"; Value = "https://datasheet.octopart.com/GRM033R60J104KE19D-Murata-datasheet-12510076.pdf"; VariantName = "[No Variations]"
Add component (AddParameter): Name = "ComponentLink15Description"; Value = "https://datasheet.octopart.com/GRM033R60J104KE19D-Murata-datasheet-11978611.pdf"; VariantName = "[No Variations]"
Add component (AddParameter): Name = "ComponentLink15URL"; Value = "https://datasheet.octopart.com/GRM033R60J104KE19D-Murata-datasheet-11978611.pdf"; VariantName = "[No Variations]"
Add component (AddParameter): Name = "ComponentLink16Description"; Value = "https://datasheet.octopart.com/GRM033R60J104KE19D-Murata-datasheet-10025737.pdf"; VariantName = "[No Variations]"
Add component (AddParameter): Name = "ComponentLink16URL"; Value = "https://datasheet.octopart.com/GRM033R60J104KE19D-Murata-datasheet-10025737.pdf"; VariantName = "[No Variations]"
Add component (AddParameter): Name = "ComponentLink17Description"; Value = "https://datasheet.octopart.com/GRM033R60J104KE19D-Murata-datasheet-8819587.pdf"; VariantName = "[No Variations]"
Add component (AddParameter): Name = "ComponentLink17URL"; Value = "https://datasheet.octopart.com/GRM033R60J104KE19D-Murata-datasheet-8819587.pdf"; VariantName = "[No Variations]"
Add component (AddParameter): Name = "ComponentLink18Description"; Value = "https://datasheet.octopart.com:443/GRM033R60J104KE19D-Murata-datasheet-12510170.pdf?src-supplier=Factory+Futures"; VariantName = "[No Variations]"
Add component (AddParameter): Name = "ComponentLink18URL"; Value = "https://datasheet.octopart.com:443/GRM033R60J104KE19D-Murata-datasheet-12510170.pdf?src-supplier=Factory+Futures"; VariantName = "[No Variations]"
Add component (AddParameter): Name = "ComponentLink19Description"; Value = "https://datasheet.octopart.com:443/GRM033R60J104KE19D-Murata-datasheet-8517407.pdf?src-supplier=Factory+Futures"; VariantName = "[No Variations]"
Add component (AddParameter): Name = "ComponentLink19URL"; Value = "https://datasheet.octopart.com:443/GRM033R60J104KE19D-Murata-datasheet-8517407.pdf?src-supplier=Factory+Futures"; VariantName = "[No Variations]"
Add component (AddParameter): Name = "ComponentLink20Description"; Value = "https://datasheet.octopart.com:443/GRM033R60J104KE19D-Murata-datasheet-8387045.pdf?src-supplier=Factory+Futures"; VariantName = "[No Variations]"
Add component (AddParameter): Name = "ComponentLink20URL"; Value = "https://datasheet.octopart.com:443/GRM033R60J104KE19D-Murata-datasheet-8387045.pdf?src-supplier=Factory+Futures"; VariantName = "[No Variations]"
Add component (AddParameter): Name = "ComponentLink21Description"; Value = "https://datasheet.octopart.com:443/GRM033R60J104KE19D-Murata-datasheet-8324201.pdf?src-supplier=Factory+Futures"; VariantName = "[No Variations]"
Add component (AddParameter): Name = "ComponentLink21URL"; Value = "https://datasheet.octopart.com:443/GRM033R60J104KE19D-Murata-datasheet-8324201.pdf?src-supplier=Factory+Futures"; VariantName = "[No Variations]"
Add component (AddParameter): Name = "ComponentLink22Description"; Value = "https://datasheet.octopart.com:443/GRM033R60J104KE19D-Murata-datasheet-7628724.pdf?src-supplier=Factory+Futures"; VariantName = "[No Variations]"
Add component (AddParameter): Name = "ComponentLink22URL"; Value = "https://datasheet.octopart.com:443/GRM033R60J104KE19D-Murata-datasheet-7628724.pdf?src-supplier=Factory+Futures"; VariantName = "[No Variations]"
Add component (AddParameter): Name = "ComponentLink23Description"; Value = "https://datasheet.octopart.com:443/GRM033R60J104KE19D-Murata-datasheet-552801.pdf?src-supplier=Factory+Futures"; VariantName = "[No Variations]"
Add component (AddParameter): Name = "ComponentLink23URL"; Value = "https://datasheet.octopart.com:443/GRM033R60J104KE19D-Murata-datasheet-552801.pdf?src-supplier=Factory+Futures"; VariantName = "[No Variations]"
Add component (AddParameter): Name = "ComponentLink24Description"; Value = "https://datasheet.octopart.com:443/GRM033R60J104KE19D.-Murata-datasheet-5332913.pdf?src-supplier=Farnell"; VariantName = "[No Variations]"
Add component (AddParameter): Name = "ComponentLink24URL"; Value = "https://datasheet.octopart.com:443/GRM033R60J104KE19D.-Murata-datasheet-5332913.pdf?src-supplier=Farnell"; VariantName = "[No Variations]"
Add component (AddParameter): Name = "ComponentLink25Description"; Value = "https://datasheet.octopart.com:443/GRM033R60J104KE19D-Murata-datasheet-148210.pdf?src-supplier=Garrett"; VariantName = "[No Variations]"
Add component (AddParameter): Name = "ComponentLink25URL"; Value = "https://datasheet.octopart.com:443/GRM033R60J104KE19D-Murata-datasheet-148210.pdf?src-supplier=Garrett"; VariantName = "[No Variations]"
Add component (AddParameter): Name = "ComponentLink26Description"; Value = "https://datasheet.octopart.com:443/GRM033R60J104KE19D-Murata-datasheet-118811.pdf?src-supplier=DigiKey"; VariantName = "[No Variations]"
Add component (AddParameter): Name = "ComponentLink26URL"; Value = "https://datasheet.octopart.com:443/GRM033R60J104KE19D-Murata-datasheet-118811.pdf?src-supplier=DigiKey"; VariantName = "[No Variations]"
Add component (AddParameter): Name = "ComponentLink27Description"; Value = "http://sigma.octopart.com:80/reach_statement/Murata-company-16.pdf?src-supplier=Compliance+Statements"; VariantName = "[No Variations]"
Add component (AddParameter): Name = "ComponentLink27URL"; Value = "http://sigma.octopart.com:80/reach_statement/Murata-company-16.pdf?src-supplier=Compliance+Statements"; VariantName = "[No Variations]"
Add component (AddParameter): Name = "Country of Origin"; Value = "Philippines"; VariantName = "[No Variations]"
Add component (AddParameter): Name = "Depth"; Value = "300µm"; VariantName = "[No Variations]"
Add component (AddParameter): Name = "Dielectric"; Value = "X5R"; VariantName = "[No Variations]"
Add component (AddParameter): Name = "Dielectric Material"; Value = "Ceramic"; VariantName = "[No Variations]"
Add component (AddParameter): Name = "Export Control Classification Number (ECCN) Code"; Value = "EAR99"; VariantName = "[No Variations]"
Add component (AddParameter): Name = "Harmonized Tariff Schedule (HTS) Code"; Value = "8532.24.00.20"; VariantName = "[No Variations]"
Add component (AddParameter): Name = "Height"; Value = "300µm"; VariantName = "[No Variations]"
Add component (AddParameter): Name = "Introduction Date"; Value = "2004-09-04"; VariantName = "[No Variations]"
Add component (AddParameter): Name = "Lead Free"; Value = "Lead Free"; VariantName = "[No Variations]"
Add component (AddParameter): Name = "Length"; Value = "600µm"; VariantName = "[No Variations]"
Add component (AddParameter): Name = "Lifecycle Status"; Value = "Production"; VariantName = "[No Variations]"
Add component (AddParameter): Name = "Manufacturer"; Value = "Murata"; VariantName = "[No Variations]"
Add component (AddParameter): Name = "Manufacturer Lifecycle Status"; Value = "IN PRODUCTION"; VariantName = "[No Variations]"
Add component (AddParameter): Name = "Manufacturer Part Number"; Value = "GRM033R60J104KE19D"; VariantName = "[No Variations]"
Add component (AddParameter): Name = "Material"; Value = "Ceramic"; VariantName = "[No Variations]"
Add component (AddParameter): Name = "Max Operating Temperature"; Value = "85°C"; VariantName = "[No Variations]"
Add component (AddParameter): Name = "Min Operating Temperature"; Value = "-55°C"; VariantName = "[No Variations]"
Add component (AddParameter): Name = "Mounting Technology"; Value = "Surface Mount"; VariantName = "[No Variations]"
Add component (AddParameter): Name = "Number of Terminals"; Value = "2"; VariantName = "[No Variations]"
Add component (AddParameter): Name = "Packaging"; Value = "Cut Tape (CT)"; VariantName = "[No Variations]"
Add component (AddParameter): Name = "Pins"; Value = "2"; VariantName = "[No Variations]"
Add component (AddParameter): Name = "Pricing"; Value = "1=0,1, 10=0,013, 50=0,0084, 100=0,007, 500=0,00476, 1000=0,00409, 2500=0,00338, 5000=0,00295 (USD)"; VariantName = "[No Variations]"
Add component (AddParameter): Name = "Radiation Hardening"; Value = "No"; VariantName = "[No Variations]"
Add component (AddParameter): Name = "REACH SVHC"; Value = "Yes"; VariantName = "[No Variations]"
Add component (AddParameter): Name = "RoHS"; Value = "Compliant"; VariantName = "[No Variations]"
Add component (AddParameter): Name = "Schedule B"; Value = "8532240020, 8532240020|8532240020, 8532240020|8532240020|8532240020, 8532240020|8532240020|8532240020|8532240020"; VariantName = "[No Variations]"
Add component (AddParameter): Name = "Stock"; Value = "19959733"; VariantName = "[No Variations]"
Add component (AddParameter): Name = "Supplier"; Value = "DigiKey"; VariantName = "[No Variations]"
Add component (AddParameter): Name = "Supplier 1"; Value = "DigiKey"; VariantName = "[No Variations]"
Add component (AddParameter): Name = "Supplier Part Number"; Value = "490-3167-6-ND"; VariantName = "[No Variations]"
Add component (AddParameter): Name = "Supplier Part Number 1"; Value = "490-3167-6-ND"; VariantName = "[No Variations]"
Add component (AddParameter): Name = "Termination"; Value = "SMD/SMT"; VariantName = "[No Variations]"
Add component (AddParameter): Name = "Thickness"; Value = "300µm"; VariantName = "[No Variations]"
Add component (AddParameter): Name = "Tolerance"; Value = "10%"; VariantName = "[No Variations]"
Add component (AddParameter): Name = "Value"; Value = "100nF"; VariantName = "[No Variations]"
Add component (AddParameter): Name = "Voltage"; Value = "6.3V"; VariantName = "[No Variations]"
Add component (AddParameter): Name = "Voltage Rating"; Value = "6.3V"; VariantName = "[No Variations]"
Add component (AddParameter): Name = "Voltage Rating (DC)"; Value = "6.3V"; VariantName = "[No Variations]"
Add component (AddParameter): Name = "Weight"; Value = "170.097139µg"; VariantName = "[No Variations]"
Add component (AddParameter): Name = "Width"; Value = "300µm"; VariantName = "[No Variations]"
Added Component: Designator=C8(C0201)
Add component (AddParameter): Name = "Case Code (Imperial)"; Value = "0201"; VariantName = "[No Variations]"
Add component (AddParameter): Name = "Case Code (Metric)"; Value = "0603"; VariantName = "[No Variations]"
Add component (AddParameter): Name = "Case/Package"; Value = "0201"; VariantName = "[No Variations]"
Add component (AddParameter): Name = "Category"; Value = "Ceramic Capacitors"; VariantName = "[No Variations]"
Add component (AddParameter): Name = "ComponentLink1Description"; Value = "https://datasheet.octopart.com:443/GRM033R60J104KE19D-Murata-datasheet-5390194.pdf?src-supplier=Upverter"; VariantName = "[No Variations]"
Add component (AddParameter): Name = "ComponentLink1URL"; Value = "https://datasheet.octopart.com:443/GRM033R60J104KE19D-Murata-datasheet-5390194.pdf?src-supplier=Upverter"; VariantName = "[No Variations]"
Add component (AddParameter): Name = "ComponentLink2Description"; Value = "https://datasheet.octopart.com:443/GRM033R60J104KE19D-Murata-datasheet-62317028.pdf?src-supplier=element14+APAC"; VariantName = "[No Variations]"
Add component (AddParameter): Name = "ComponentLink2URL"; Value = "https://datasheet.octopart.com:443/GRM033R60J104KE19D-Murata-datasheet-62317028.pdf?src-supplier=element14+APAC"; VariantName = "[No Variations]"
Add component (AddParameter): Name = "ComponentLink3Description"; Value = "https://datasheet.octopart.com:443/GRM033R60J104KE19D-Murata-datasheet-17853058.pdf?src-supplier=element14+APAC"; VariantName = "[No Variations]"
Add component (AddParameter): Name = "ComponentLink3URL"; Value = "https://datasheet.octopart.com:443/GRM033R60J104KE19D-Murata-datasheet-17853058.pdf?src-supplier=element14+APAC"; VariantName = "[No Variations]"
Add component (AddParameter): Name = "ComponentLink4Description"; Value = "https://datasheet.octopart.com:443/GRM033R60J104KE19D-Murata-datasheet-8397485.pdf?src-supplier=Newark"; VariantName = "[No Variations]"
Add component (AddParameter): Name = "ComponentLink4URL"; Value = "https://datasheet.octopart.com:443/GRM033R60J104KE19D-Murata-datasheet-8397485.pdf?src-supplier=Newark"; VariantName = "[No Variations]"
Add component (AddParameter): Name = "ComponentLink5Description"; Value = "https://datasheet.octopart.com:443/GRM033R60J104KE19D-Murata-datasheet-14399027.pdf?src-supplier=Future+Electronics"; VariantName = "[No Variations]"
Add component (AddParameter): Name = "ComponentLink5URL"; Value = "https://datasheet.octopart.com:443/GRM033R60J104KE19D-Murata-datasheet-14399027.pdf?src-supplier=Future+Electronics"; VariantName = "[No Variations]"
Add component (AddParameter): Name = "ComponentLink6Description"; Value = "https://datasheet.octopart.com:443/GRM033R60J104KE19D-Murata-datasheet-22122223.pdf?src-supplier=Future+Electronics"; VariantName = "[No Variations]"
Add component (AddParameter): Name = "ComponentLink6URL"; Value = "https://datasheet.octopart.com:443/GRM033R60J104KE19D-Murata-datasheet-22122223.pdf?src-supplier=Future+Electronics"; VariantName = "[No Variations]"
Add component (AddParameter): Name = "ComponentLink7Description"; Value = "https://datasheet.octopart.com:443/GRM033R60J104KE19D-Murata-datasheet-44105374.pdf?src-supplier=Future+Electronics"; VariantName = "[No Variations]"
Add component (AddParameter): Name = "ComponentLink7URL"; Value = "https://datasheet.octopart.com:443/GRM033R60J104KE19D-Murata-datasheet-44105374.pdf?src-supplier=Future+Electronics"; VariantName = "[No Variations]"
Add component (AddParameter): Name = "ComponentLink8Description"; Value = "https://datasheet.octopart.com:443/GRM033R60J104KE19D-Murata-datasheet-165579666.pdf?src-supplier=TME"; VariantName = "[No Variations]"
Add component (AddParameter): Name = "ComponentLink8URL"; Value = "https://datasheet.octopart.com:443/GRM033R60J104KE19D-Murata-datasheet-165579666.pdf?src-supplier=TME"; VariantName = "[No Variations]"
Add component (AddParameter): Name = "ComponentLink9Description"; Value = "https://datasheet.octopart.com:443/GRM033R60J104KE19D-Murata-datasheet-140710156.pdf?src-supplier=TME"; VariantName = "[No Variations]"
Add component (AddParameter): Name = "ComponentLink9URL"; Value = "https://datasheet.octopart.com:443/GRM033R60J104KE19D-Murata-datasheet-140710156.pdf?src-supplier=TME"; VariantName = "[No Variations]"
Add component (AddParameter): Name = "ComponentLink10Description"; Value = "https://datasheet.octopart.com:443/GRM033R60J104KE19D-Murata-datasheet-141274201.pdf?src-supplier=Ciiva"; VariantName = "[No Variations]"
Add component (AddParameter): Name = "ComponentLink10URL"; Value = "https://datasheet.octopart.com:443/GRM033R60J104KE19D-Murata-datasheet-141274201.pdf?src-supplier=Ciiva"; VariantName = "[No Variations]"
Add component (AddParameter): Name = "ComponentLink11Description"; Value = "https://datasheet.octopart.com:443/GRM033R60J104KE19D-Murata-datasheet-140675741.pdf?src-supplier=Ciiva"; VariantName = "[No Variations]"
Add component (AddParameter): Name = "ComponentLink11URL"; Value = "https://datasheet.octopart.com:443/GRM033R60J104KE19D-Murata-datasheet-140675741.pdf?src-supplier=Ciiva"; VariantName = "[No Variations]"
Add component (AddParameter): Name = "ComponentLink12Description"; Value = "https://datasheet.octopart.com:443/GRM033R60J104KE19D-Murata-datasheet-138738333.pdf?src-supplier=Ciiva"; VariantName = "[No Variations]"
Add component (AddParameter): Name = "ComponentLink12URL"; Value = "https://datasheet.octopart.com:443/GRM033R60J104KE19D-Murata-datasheet-138738333.pdf?src-supplier=Ciiva"; VariantName = "[No Variations]"
Add component (AddParameter): Name = "ComponentLink13Description"; Value = "https://datasheet.octopart.com/GRM033R60J104KE19D-Murata-datasheet-12515295.pdf"; VariantName = "[No Variations]"
Add component (AddParameter): Name = "ComponentLink13URL"; Value = "https://datasheet.octopart.com/GRM033R60J104KE19D-Murata-datasheet-12515295.pdf"; VariantName = "[No Variations]"
Add component (AddParameter): Name = "ComponentLink14Description"; Value = "https://datasheet.octopart.com/GRM033R60J104KE19D-Murata-datasheet-12510076.pdf"; VariantName = "[No Variations]"
Add component (AddParameter): Name = "ComponentLink14URL"; Value = "https://datasheet.octopart.com/GRM033R60J104KE19D-Murata-datasheet-12510076.pdf"; VariantName = "[No Variations]"
Add component (AddParameter): Name = "ComponentLink15Description"; Value = "https://datasheet.octopart.com/GRM033R60J104KE19D-Murata-datasheet-11978611.pdf"; VariantName = "[No Variations]"
Add component (AddParameter): Name = "ComponentLink15URL"; Value = "https://datasheet.octopart.com/GRM033R60J104KE19D-Murata-datasheet-11978611.pdf"; VariantName = "[No Variations]"
Add component (AddParameter): Name = "ComponentLink16Description"; Value = "https://datasheet.octopart.com/GRM033R60J104KE19D-Murata-datasheet-10025737.pdf"; VariantName = "[No Variations]"
Add component (AddParameter): Name = "ComponentLink16URL"; Value = "https://datasheet.octopart.com/GRM033R60J104KE19D-Murata-datasheet-10025737.pdf"; VariantName = "[No Variations]"
Add component (AddParameter): Name = "ComponentLink17Description"; Value = "https://datasheet.octopart.com/GRM033R60J104KE19D-Murata-datasheet-8819587.pdf"; VariantName = "[No Variations]"
Add component (AddParameter): Name = "ComponentLink17URL"; Value = "https://datasheet.octopart.com/GRM033R60J104KE19D-Murata-datasheet-8819587.pdf"; VariantName = "[No Variations]"
Add component (AddParameter): Name = "ComponentLink18Description"; Value = "https://datasheet.octopart.com:443/GRM033R60J104KE19D-Murata-datasheet-12510170.pdf?src-supplier=Factory+Futures"; VariantName = "[No Variations]"
Add component (AddParameter): Name = "ComponentLink18URL"; Value = "https://datasheet.octopart.com:443/GRM033R60J104KE19D-Murata-datasheet-12510170.pdf?src-supplier=Factory+Futures"; VariantName = "[No Variations]"
Add component (AddParameter): Name = "ComponentLink19Description"; Value = "https://datasheet.octopart.com:443/GRM033R60J104KE19D-Murata-datasheet-8517407.pdf?src-supplier=Factory+Futures"; VariantName = "[No Variations]"
Add component (AddParameter): Name = "ComponentLink19URL"; Value = "https://datasheet.octopart.com:443/GRM033R60J104KE19D-Murata-datasheet-8517407.pdf?src-supplier=Factory+Futures"; VariantName = "[No Variations]"
Add component (AddParameter): Name = "ComponentLink20Description"; Value = "https://datasheet.octopart.com:443/GRM033R60J104KE19D-Murata-datasheet-8387045.pdf?src-supplier=Factory+Futures"; VariantName = "[No Variations]"
Add component (AddParameter): Name = "ComponentLink20URL"; Value = "https://datasheet.octopart.com:443/GRM033R60J104KE19D-Murata-datasheet-8387045.pdf?src-supplier=Factory+Futures"; VariantName = "[No Variations]"
Add component (AddParameter): Name = "ComponentLink21Description"; Value = "https://datasheet.octopart.com:443/GRM033R60J104KE19D-Murata-datasheet-8324201.pdf?src-supplier=Factory+Futures"; VariantName = "[No Variations]"
Add component (AddParameter): Name = "ComponentLink21URL"; Value = "https://datasheet.octopart.com:443/GRM033R60J104KE19D-Murata-datasheet-8324201.pdf?src-supplier=Factory+Futures"; VariantName = "[No Variations]"
Add component (AddParameter): Name = "ComponentLink22Description"; Value = "https://datasheet.octopart.com:443/GRM033R60J104KE19D-Murata-datasheet-7628724.pdf?src-supplier=Factory+Futures"; VariantName = "[No Variations]"
Add component (AddParameter): Name = "ComponentLink22URL"; Value = "https://datasheet.octopart.com:443/GRM033R60J104KE19D-Murata-datasheet-7628724.pdf?src-supplier=Factory+Futures"; VariantName = "[No Variations]"
Add component (AddParameter): Name = "ComponentLink23Description"; Value = "https://datasheet.octopart.com:443/GRM033R60J104KE19D-Murata-datasheet-552801.pdf?src-supplier=Factory+Futures"; VariantName = "[No Variations]"
Add component (AddParameter): Name = "ComponentLink23URL"; Value = "https://datasheet.octopart.com:443/GRM033R60J104KE19D-Murata-datasheet-552801.pdf?src-supplier=Factory+Futures"; VariantName = "[No Variations]"
Add component (AddParameter): Name = "ComponentLink24Description"; Value = "https://datasheet.octopart.com:443/GRM033R60J104KE19D.-Murata-datasheet-5332913.pdf?src-supplier=Farnell"; VariantName = "[No Variations]"
Add component (AddParameter): Name = "ComponentLink24URL"; Value = "https://datasheet.octopart.com:443/GRM033R60J104KE19D.-Murata-datasheet-5332913.pdf?src-supplier=Farnell"; VariantName = "[No Variations]"
Add component (AddParameter): Name = "ComponentLink25Description"; Value = "https://datasheet.octopart.com:443/GRM033R60J104KE19D-Murata-datasheet-148210.pdf?src-supplier=Garrett"; VariantName = "[No Variations]"
Add component (AddParameter): Name = "ComponentLink25URL"; Value = "https://datasheet.octopart.com:443/GRM033R60J104KE19D-Murata-datasheet-148210.pdf?src-supplier=Garrett"; VariantName = "[No Variations]"
Add component (AddParameter): Name = "ComponentLink26Description"; Value = "https://datasheet.octopart.com:443/GRM033R60J104KE19D-Murata-datasheet-118811.pdf?src-supplier=DigiKey"; VariantName = "[No Variations]"
Add component (AddParameter): Name = "ComponentLink26URL"; Value = "https://datasheet.octopart.com:443/GRM033R60J104KE19D-Murata-datasheet-118811.pdf?src-supplier=DigiKey"; VariantName = "[No Variations]"
Add component (AddParameter): Name = "ComponentLink27Description"; Value = "http://sigma.octopart.com:80/reach_statement/Murata-company-16.pdf?src-supplier=Compliance+Statements"; VariantName = "[No Variations]"
Add component (AddParameter): Name = "ComponentLink27URL"; Value = "http://sigma.octopart.com:80/reach_statement/Murata-company-16.pdf?src-supplier=Compliance+Statements"; VariantName = "[No Variations]"
Add component (AddParameter): Name = "Country of Origin"; Value = "Philippines"; VariantName = "[No Variations]"
Add component (AddParameter): Name = "Depth"; Value = "300µm"; VariantName = "[No Variations]"
Add component (AddParameter): Name = "Dielectric"; Value = "X5R"; VariantName = "[No Variations]"
Add component (AddParameter): Name = "Dielectric Material"; Value = "Ceramic"; VariantName = "[No Variations]"
Add component (AddParameter): Name = "Export Control Classification Number (ECCN) Code"; Value = "EAR99"; VariantName = "[No Variations]"
Add component (AddParameter): Name = "Harmonized Tariff Schedule (HTS) Code"; Value = "8532.24.00.20"; VariantName = "[No Variations]"
Add component (AddParameter): Name = "Height"; Value = "300µm"; VariantName = "[No Variations]"
Add component (AddParameter): Name = "Introduction Date"; Value = "2004-09-04"; VariantName = "[No Variations]"
Add component (AddParameter): Name = "Lead Free"; Value = "Lead Free"; VariantName = "[No Variations]"
Add component (AddParameter): Name = "Length"; Value = "600µm"; VariantName = "[No Variations]"
Add component (AddParameter): Name = "Lifecycle Status"; Value = "Production"; VariantName = "[No Variations]"
Add component (AddParameter): Name = "Manufacturer"; Value = "Murata"; VariantName = "[No Variations]"
Add component (AddParameter): Name = "Manufacturer Lifecycle Status"; Value = "IN PRODUCTION"; VariantName = "[No Variations]"
Add component (AddParameter): Name = "Manufacturer Part Number"; Value = "GRM033R60J104KE19D"; VariantName = "[No Variations]"
Add component (AddParameter): Name = "Material"; Value = "Ceramic"; VariantName = "[No Variations]"
Add component (AddParameter): Name = "Max Operating Temperature"; Value = "85°C"; VariantName = "[No Variations]"
Add component (AddParameter): Name = "Min Operating Temperature"; Value = "-55°C"; VariantName = "[No Variations]"
Add component (AddParameter): Name = "Mounting Technology"; Value = "Surface Mount"; VariantName = "[No Variations]"
Add component (AddParameter): Name = "Number of Terminals"; Value = "2"; VariantName = "[No Variations]"
Add component (AddParameter): Name = "Packaging"; Value = "Cut Tape (CT)"; VariantName = "[No Variations]"
Add component (AddParameter): Name = "Pins"; Value = "2"; VariantName = "[No Variations]"
Add component (AddParameter): Name = "Pricing"; Value = "1=0,1, 10=0,013, 50=0,0084, 100=0,007, 500=0,00476, 1000=0,00409, 2500=0,00338, 5000=0,00295 (USD)"; VariantName = "[No Variations]"
Add component (AddParameter): Name = "Radiation Hardening"; Value = "No"; VariantName = "[No Variations]"
Add component (AddParameter): Name = "REACH SVHC"; Value = "Yes"; VariantName = "[No Variations]"
Add component (AddParameter): Name = "RoHS"; Value = "Compliant"; VariantName = "[No Variations]"
Add component (AddParameter): Name = "Schedule B"; Value = "8532240020, 8532240020|8532240020, 8532240020|8532240020|8532240020, 8532240020|8532240020|8532240020|8532240020"; VariantName = "[No Variations]"
Add component (AddParameter): Name = "Stock"; Value = "19959733"; VariantName = "[No Variations]"
Add component (AddParameter): Name = "Supplier"; Value = "DigiKey"; VariantName = "[No Variations]"
Add component (AddParameter): Name = "Supplier 1"; Value = "DigiKey"; VariantName = "[No Variations]"
Add component (AddParameter): Name = "Supplier Part Number"; Value = "490-3167-6-ND"; VariantName = "[No Variations]"
Add component (AddParameter): Name = "Supplier Part Number 1"; Value = "490-3167-6-ND"; VariantName = "[No Variations]"
Add component (AddParameter): Name = "Termination"; Value = "SMD/SMT"; VariantName = "[No Variations]"
Add component (AddParameter): Name = "Thickness"; Value = "300µm"; VariantName = "[No Variations]"
Add component (AddParameter): Name = "Tolerance"; Value = "10%"; VariantName = "[No Variations]"
Add component (AddParameter): Name = "Value"; Value = "100nF"; VariantName = "[No Variations]"
Add component (AddParameter): Name = "Voltage"; Value = "6.3V"; VariantName = "[No Variations]"
Add component (AddParameter): Name = "Voltage Rating"; Value = "6.3V"; VariantName = "[No Variations]"
Add component (AddParameter): Name = "Voltage Rating (DC)"; Value = "6.3V"; VariantName = "[No Variations]"
Add component (AddParameter): Name = "Weight"; Value = "170.097139µg"; VariantName = "[No Variations]"
Add component (AddParameter): Name = "Width"; Value = "300µm"; VariantName = "[No Variations]"
Added Component: Designator=C9(C0201)
Add component (AddParameter): Name = "Case Code (Imperial)"; Value = "0201"; VariantName = "[No Variations]"
Add component (AddParameter): Name = "Case Code (Metric)"; Value = "0603"; VariantName = "[No Variations]"
Add component (AddParameter): Name = "Case/Package"; Value = "0201"; VariantName = "[No Variations]"
Add component (AddParameter): Name = "Category"; Value = "Ceramic Capacitors"; VariantName = "[No Variations]"
Add component (AddParameter): Name = "ComponentLink1Description"; Value = "https://datasheet.octopart.com:443/GRM033R60J104KE19D-Murata-datasheet-5390194.pdf?src-supplier=Upverter"; VariantName = "[No Variations]"
Add component (AddParameter): Name = "ComponentLink1URL"; Value = "https://datasheet.octopart.com:443/GRM033R60J104KE19D-Murata-datasheet-5390194.pdf?src-supplier=Upverter"; VariantName = "[No Variations]"
Add component (AddParameter): Name = "ComponentLink2Description"; Value = "https://datasheet.octopart.com:443/GRM033R60J104KE19D-Murata-datasheet-62317028.pdf?src-supplier=element14+APAC"; VariantName = "[No Variations]"
Add component (AddParameter): Name = "ComponentLink2URL"; Value = "https://datasheet.octopart.com:443/GRM033R60J104KE19D-Murata-datasheet-62317028.pdf?src-supplier=element14+APAC"; VariantName = "[No Variations]"
Add component (AddParameter): Name = "ComponentLink3Description"; Value = "https://datasheet.octopart.com:443/GRM033R60J104KE19D-Murata-datasheet-17853058.pdf?src-supplier=element14+APAC"; VariantName = "[No Variations]"
Add component (AddParameter): Name = "ComponentLink3URL"; Value = "https://datasheet.octopart.com:443/GRM033R60J104KE19D-Murata-datasheet-17853058.pdf?src-supplier=element14+APAC"; VariantName = "[No Variations]"
Add component (AddParameter): Name = "ComponentLink4Description"; Value = "https://datasheet.octopart.com:443/GRM033R60J104KE19D-Murata-datasheet-8397485.pdf?src-supplier=Newark"; VariantName = "[No Variations]"
Add component (AddParameter): Name = "ComponentLink4URL"; Value = "https://datasheet.octopart.com:443/GRM033R60J104KE19D-Murata-datasheet-8397485.pdf?src-supplier=Newark"; VariantName = "[No Variations]"
Add component (AddParameter): Name = "ComponentLink5Description"; Value = "https://datasheet.octopart.com:443/GRM033R60J104KE19D-Murata-datasheet-14399027.pdf?src-supplier=Future+Electronics"; VariantName = "[No Variations]"
Add component (AddParameter): Name = "ComponentLink5URL"; Value = "https://datasheet.octopart.com:443/GRM033R60J104KE19D-Murata-datasheet-14399027.pdf?src-supplier=Future+Electronics"; VariantName = "[No Variations]"
Add component (AddParameter): Name = "ComponentLink6Description"; Value = "https://datasheet.octopart.com:443/GRM033R60J104KE19D-Murata-datasheet-22122223.pdf?src-supplier=Future+Electronics"; VariantName = "[No Variations]"
Add component (AddParameter): Name = "ComponentLink6URL"; Value = "https://datasheet.octopart.com:443/GRM033R60J104KE19D-Murata-datasheet-22122223.pdf?src-supplier=Future+Electronics"; VariantName = "[No Variations]"
Add component (AddParameter): Name = "ComponentLink7Description"; Value = "https://datasheet.octopart.com:443/GRM033R60J104KE19D-Murata-datasheet-44105374.pdf?src-supplier=Future+Electronics"; VariantName = "[No Variations]"
Add component (AddParameter): Name = "ComponentLink7URL"; Value = "https://datasheet.octopart.com:443/GRM033R60J104KE19D-Murata-datasheet-44105374.pdf?src-supplier=Future+Electronics"; VariantName = "[No Variations]"
Add component (AddParameter): Name = "ComponentLink8Description"; Value = "https://datasheet.octopart.com:443/GRM033R60J104KE19D-Murata-datasheet-165579666.pdf?src-supplier=TME"; VariantName = "[No Variations]"
Add component (AddParameter): Name = "ComponentLink8URL"; Value = "https://datasheet.octopart.com:443/GRM033R60J104KE19D-Murata-datasheet-165579666.pdf?src-supplier=TME"; VariantName = "[No Variations]"
Add component (AddParameter): Name = "ComponentLink9Description"; Value = "https://datasheet.octopart.com:443/GRM033R60J104KE19D-Murata-datasheet-140710156.pdf?src-supplier=TME"; VariantName = "[No Variations]"
Add component (AddParameter): Name = "ComponentLink9URL"; Value = "https://datasheet.octopart.com:443/GRM033R60J104KE19D-Murata-datasheet-140710156.pdf?src-supplier=TME"; VariantName = "[No Variations]"
Add component (AddParameter): Name = "ComponentLink10Description"; Value = "https://datasheet.octopart.com:443/GRM033R60J104KE19D-Murata-datasheet-141274201.pdf?src-supplier=Ciiva"; VariantName = "[No Variations]"
Add component (AddParameter): Name = "ComponentLink10URL"; Value = "https://datasheet.octopart.com:443/GRM033R60J104KE19D-Murata-datasheet-141274201.pdf?src-supplier=Ciiva"; VariantName = "[No Variations]"
Add component (AddParameter): Name = "ComponentLink11Description"; Value = "https://datasheet.octopart.com:443/GRM033R60J104KE19D-Murata-datasheet-140675741.pdf?src-supplier=Ciiva"; VariantName = "[No Variations]"
Add component (AddParameter): Name = "ComponentLink11URL"; Value = "https://datasheet.octopart.com:443/GRM033R60J104KE19D-Murata-datasheet-140675741.pdf?src-supplier=Ciiva"; VariantName = "[No Variations]"
Add component (AddParameter): Name = "ComponentLink12Description"; Value = "https://datasheet.octopart.com:443/GRM033R60J104KE19D-Murata-datasheet-138738333.pdf?src-supplier=Ciiva"; VariantName = "[No Variations]"
Add component (AddParameter): Name = "ComponentLink12URL"; Value = "https://datasheet.octopart.com:443/GRM033R60J104KE19D-Murata-datasheet-138738333.pdf?src-supplier=Ciiva"; VariantName = "[No Variations]"
Add component (AddParameter): Name = "ComponentLink13Description"; Value = "https://datasheet.octopart.com/GRM033R60J104KE19D-Murata-datasheet-12515295.pdf"; VariantName = "[No Variations]"
Add component (AddParameter): Name = "ComponentLink13URL"; Value = "https://datasheet.octopart.com/GRM033R60J104KE19D-Murata-datasheet-12515295.pdf"; VariantName = "[No Variations]"
Add component (AddParameter): Name = "ComponentLink14Description"; Value = "https://datasheet.octopart.com/GRM033R60J104KE19D-Murata-datasheet-12510076.pdf"; VariantName = "[No Variations]"
Add component (AddParameter): Name = "ComponentLink14URL"; Value = "https://datasheet.octopart.com/GRM033R60J104KE19D-Murata-datasheet-12510076.pdf"; VariantName = "[No Variations]"
Add component (AddParameter): Name = "ComponentLink15Description"; Value = "https://datasheet.octopart.com/GRM033R60J104KE19D-Murata-datasheet-11978611.pdf"; VariantName = "[No Variations]"
Add component (AddParameter): Name = "ComponentLink15URL"; Value = "https://datasheet.octopart.com/GRM033R60J104KE19D-Murata-datasheet-11978611.pdf"; VariantName = "[No Variations]"
Add component (AddParameter): Name = "ComponentLink16Description"; Value = "https://datasheet.octopart.com/GRM033R60J104KE19D-Murata-datasheet-10025737.pdf"; VariantName = "[No Variations]"
Add component (AddParameter): Name = "ComponentLink16URL"; Value = "https://datasheet.octopart.com/GRM033R60J104KE19D-Murata-datasheet-10025737.pdf"; VariantName = "[No Variations]"
Add component (AddParameter): Name = "ComponentLink17Description"; Value = "https://datasheet.octopart.com/GRM033R60J104KE19D-Murata-datasheet-8819587.pdf"; VariantName = "[No Variations]"
Add component (AddParameter): Name = "ComponentLink17URL"; Value = "https://datasheet.octopart.com/GRM033R60J104KE19D-Murata-datasheet-8819587.pdf"; VariantName = "[No Variations]"
Add component (AddParameter): Name = "ComponentLink18Description"; Value = "https://datasheet.octopart.com:443/GRM033R60J104KE19D-Murata-datasheet-12510170.pdf?src-supplier=Factory+Futures"; VariantName = "[No Variations]"
Add component (AddParameter): Name = "ComponentLink18URL"; Value = "https://datasheet.octopart.com:443/GRM033R60J104KE19D-Murata-datasheet-12510170.pdf?src-supplier=Factory+Futures"; VariantName = "[No Variations]"
Add component (AddParameter): Name = "ComponentLink19Description"; Value = "https://datasheet.octopart.com:443/GRM033R60J104KE19D-Murata-datasheet-8517407.pdf?src-supplier=Factory+Futures"; VariantName = "[No Variations]"
Add component (AddParameter): Name = "ComponentLink19URL"; Value = "https://datasheet.octopart.com:443/GRM033R60J104KE19D-Murata-datasheet-8517407.pdf?src-supplier=Factory+Futures"; VariantName = "[No Variations]"
Add component (AddParameter): Name = "ComponentLink20Description"; Value = "https://datasheet.octopart.com:443/GRM033R60J104KE19D-Murata-datasheet-8387045.pdf?src-supplier=Factory+Futures"; VariantName = "[No Variations]"
Add component (AddParameter): Name = "ComponentLink20URL"; Value = "https://datasheet.octopart.com:443/GRM033R60J104KE19D-Murata-datasheet-8387045.pdf?src-supplier=Factory+Futures"; VariantName = "[No Variations]"
Add component (AddParameter): Name = "ComponentLink21Description"; Value = "https://datasheet.octopart.com:443/GRM033R60J104KE19D-Murata-datasheet-8324201.pdf?src-supplier=Factory+Futures"; VariantName = "[No Variations]"
Add component (AddParameter): Name = "ComponentLink21URL"; Value = "https://datasheet.octopart.com:443/GRM033R60J104KE19D-Murata-datasheet-8324201.pdf?src-supplier=Factory+Futures"; VariantName = "[No Variations]"
Add component (AddParameter): Name = "ComponentLink22Description"; Value = "https://datasheet.octopart.com:443/GRM033R60J104KE19D-Murata-datasheet-7628724.pdf?src-supplier=Factory+Futures"; VariantName = "[No Variations]"
Add component (AddParameter): Name = "ComponentLink22URL"; Value = "https://datasheet.octopart.com:443/GRM033R60J104KE19D-Murata-datasheet-7628724.pdf?src-supplier=Factory+Futures"; VariantName = "[No Variations]"
Add component (AddParameter): Name = "ComponentLink23Description"; Value = "https://datasheet.octopart.com:443/GRM033R60J104KE19D-Murata-datasheet-552801.pdf?src-supplier=Factory+Futures"; VariantName = "[No Variations]"
Add component (AddParameter): Name = "ComponentLink23URL"; Value = "https://datasheet.octopart.com:443/GRM033R60J104KE19D-Murata-datasheet-552801.pdf?src-supplier=Factory+Futures"; VariantName = "[No Variations]"
Add component (AddParameter): Name = "ComponentLink24Description"; Value = "https://datasheet.octopart.com:443/GRM033R60J104KE19D.-Murata-datasheet-5332913.pdf?src-supplier=Farnell"; VariantName = "[No Variations]"
Add component (AddParameter): Name = "ComponentLink24URL"; Value = "https://datasheet.octopart.com:443/GRM033R60J104KE19D.-Murata-datasheet-5332913.pdf?src-supplier=Farnell"; VariantName = "[No Variations]"
Add component (AddParameter): Name = "ComponentLink25Description"; Value = "https://datasheet.octopart.com:443/GRM033R60J104KE19D-Murata-datasheet-148210.pdf?src-supplier=Garrett"; VariantName = "[No Variations]"
Add component (AddParameter): Name = "ComponentLink25URL"; Value = "https://datasheet.octopart.com:443/GRM033R60J104KE19D-Murata-datasheet-148210.pdf?src-supplier=Garrett"; VariantName = "[No Variations]"
Add component (AddParameter): Name = "ComponentLink26Description"; Value = "https://datasheet.octopart.com:443/GRM033R60J104KE19D-Murata-datasheet-118811.pdf?src-supplier=DigiKey"; VariantName = "[No Variations]"
Add component (AddParameter): Name = "ComponentLink26URL"; Value = "https://datasheet.octopart.com:443/GRM033R60J104KE19D-Murata-datasheet-118811.pdf?src-supplier=DigiKey"; VariantName = "[No Variations]"
Add component (AddParameter): Name = "ComponentLink27Description"; Value = "http://sigma.octopart.com:80/reach_statement/Murata-company-16.pdf?src-supplier=Compliance+Statements"; VariantName = "[No Variations]"
Add component (AddParameter): Name = "ComponentLink27URL"; Value = "http://sigma.octopart.com:80/reach_statement/Murata-company-16.pdf?src-supplier=Compliance+Statements"; VariantName = "[No Variations]"
Add component (AddParameter): Name = "Country of Origin"; Value = "Philippines"; VariantName = "[No Variations]"
Add component (AddParameter): Name = "Depth"; Value = "300µm"; VariantName = "[No Variations]"
Add component (AddParameter): Name = "Dielectric"; Value = "X5R"; VariantName = "[No Variations]"
Add component (AddParameter): Name = "Dielectric Material"; Value = "Ceramic"; VariantName = "[No Variations]"
Add component (AddParameter): Name = "Export Control Classification Number (ECCN) Code"; Value = "EAR99"; VariantName = "[No Variations]"
Add component (AddParameter): Name = "Harmonized Tariff Schedule (HTS) Code"; Value = "8532.24.00.20"; VariantName = "[No Variations]"
Add component (AddParameter): Name = "Height"; Value = "300µm"; VariantName = "[No Variations]"
Add component (AddParameter): Name = "Introduction Date"; Value = "2004-09-04"; VariantName = "[No Variations]"
Add component (AddParameter): Name = "Lead Free"; Value = "Lead Free"; VariantName = "[No Variations]"
Add component (AddParameter): Name = "Length"; Value = "600µm"; VariantName = "[No Variations]"
Add component (AddParameter): Name = "Lifecycle Status"; Value = "Production"; VariantName = "[No Variations]"
Add component (AddParameter): Name = "Manufacturer"; Value = "Murata"; VariantName = "[No Variations]"
Add component (AddParameter): Name = "Manufacturer Lifecycle Status"; Value = "IN PRODUCTION"; VariantName = "[No Variations]"
Add component (AddParameter): Name = "Manufacturer Part Number"; Value = "GRM033R60J104KE19D"; VariantName = "[No Variations]"
Add component (AddParameter): Name = "Material"; Value = "Ceramic"; VariantName = "[No Variations]"
Add component (AddParameter): Name = "Max Operating Temperature"; Value = "85°C"; VariantName = "[No Variations]"
Add component (AddParameter): Name = "Min Operating Temperature"; Value = "-55°C"; VariantName = "[No Variations]"
Add component (AddParameter): Name = "Mounting Technology"; Value = "Surface Mount"; VariantName = "[No Variations]"
Add component (AddParameter): Name = "Number of Terminals"; Value = "2"; VariantName = "[No Variations]"
Add component (AddParameter): Name = "Packaging"; Value = "Cut Tape (CT)"; VariantName = "[No Variations]"
Add component (AddParameter): Name = "Pins"; Value = "2"; VariantName = "[No Variations]"
Add component (AddParameter): Name = "Pricing"; Value = "1=0,1, 10=0,013, 50=0,0084, 100=0,007, 500=0,00476, 1000=0,00409, 2500=0,00338, 5000=0,00295 (USD)"; VariantName = "[No Variations]"
Add component (AddParameter): Name = "Radiation Hardening"; Value = "No"; VariantName = "[No Variations]"
Add component (AddParameter): Name = "REACH SVHC"; Value = "Yes"; VariantName = "[No Variations]"
Add component (AddParameter): Name = "RoHS"; Value = "Compliant"; VariantName = "[No Variations]"
Add component (AddParameter): Name = "Schedule B"; Value = "8532240020, 8532240020|8532240020, 8532240020|8532240020|8532240020, 8532240020|8532240020|8532240020|8532240020"; VariantName = "[No Variations]"
Add component (AddParameter): Name = "Stock"; Value = "19959733"; VariantName = "[No Variations]"
Add component (AddParameter): Name = "Supplier"; Value = "DigiKey"; VariantName = "[No Variations]"
Add component (AddParameter): Name = "Supplier 1"; Value = "DigiKey"; VariantName = "[No Variations]"
Add component (AddParameter): Name = "Supplier Part Number"; Value = "490-3167-6-ND"; VariantName = "[No Variations]"
Add component (AddParameter): Name = "Supplier Part Number 1"; Value = "490-3167-6-ND"; VariantName = "[No Variations]"
Add component (AddParameter): Name = "Termination"; Value = "SMD/SMT"; VariantName = "[No Variations]"
Add component (AddParameter): Name = "Thickness"; Value = "300µm"; VariantName = "[No Variations]"
Add component (AddParameter): Name = "Tolerance"; Value = "10%"; VariantName = "[No Variations]"
Add component (AddParameter): Name = "Value"; Value = "100nF"; VariantName = "[No Variations]"
Add component (AddParameter): Name = "Voltage"; Value = "6.3V"; VariantName = "[No Variations]"
Add component (AddParameter): Name = "Voltage Rating"; Value = "6.3V"; VariantName = "[No Variations]"
Add component (AddParameter): Name = "Voltage Rating (DC)"; Value = "6.3V"; VariantName = "[No Variations]"
Add component (AddParameter): Name = "Weight"; Value = "170.097139µg"; VariantName = "[No Variations]"
Add component (AddParameter): Name = "Width"; Value = "300µm"; VariantName = "[No Variations]"
Added Component: Designator=C10(C0201)
Add component (AddParameter): Name = "Case Code (Imperial)"; Value = "0201"; VariantName = "[No Variations]"
Add component (AddParameter): Name = "Case Code (Metric)"; Value = "0603"; VariantName = "[No Variations]"
Add component (AddParameter): Name = "Case/Package"; Value = "0201"; VariantName = "[No Variations]"
Add component (AddParameter): Name = "Category"; Value = "Ceramic Capacitors"; VariantName = "[No Variations]"
Add component (AddParameter): Name = "ComponentLink1Description"; Value = "https://datasheet.octopart.com:443/GRM033R60J104KE19D-Murata-datasheet-5390194.pdf?src-supplier=Upverter"; VariantName = "[No Variations]"
Add component (AddParameter): Name = "ComponentLink1URL"; Value = "https://datasheet.octopart.com:443/GRM033R60J104KE19D-Murata-datasheet-5390194.pdf?src-supplier=Upverter"; VariantName = "[No Variations]"
Add component (AddParameter): Name = "ComponentLink2Description"; Value = "https://datasheet.octopart.com:443/GRM033R60J104KE19D-Murata-datasheet-62317028.pdf?src-supplier=element14+APAC"; VariantName = "[No Variations]"
Add component (AddParameter): Name = "ComponentLink2URL"; Value = "https://datasheet.octopart.com:443/GRM033R60J104KE19D-Murata-datasheet-62317028.pdf?src-supplier=element14+APAC"; VariantName = "[No Variations]"
Add component (AddParameter): Name = "ComponentLink3Description"; Value = "https://datasheet.octopart.com:443/GRM033R60J104KE19D-Murata-datasheet-17853058.pdf?src-supplier=element14+APAC"; VariantName = "[No Variations]"
Add component (AddParameter): Name = "ComponentLink3URL"; Value = "https://datasheet.octopart.com:443/GRM033R60J104KE19D-Murata-datasheet-17853058.pdf?src-supplier=element14+APAC"; VariantName = "[No Variations]"
Add component (AddParameter): Name = "ComponentLink4Description"; Value = "https://datasheet.octopart.com:443/GRM033R60J104KE19D-Murata-datasheet-8397485.pdf?src-supplier=Newark"; VariantName = "[No Variations]"
Add component (AddParameter): Name = "ComponentLink4URL"; Value = "https://datasheet.octopart.com:443/GRM033R60J104KE19D-Murata-datasheet-8397485.pdf?src-supplier=Newark"; VariantName = "[No Variations]"
Add component (AddParameter): Name = "ComponentLink5Description"; Value = "https://datasheet.octopart.com:443/GRM033R60J104KE19D-Murata-datasheet-14399027.pdf?src-supplier=Future+Electronics"; VariantName = "[No Variations]"
Add component (AddParameter): Name = "ComponentLink5URL"; Value = "https://datasheet.octopart.com:443/GRM033R60J104KE19D-Murata-datasheet-14399027.pdf?src-supplier=Future+Electronics"; VariantName = "[No Variations]"
Add component (AddParameter): Name = "ComponentLink6Description"; Value = "https://datasheet.octopart.com:443/GRM033R60J104KE19D-Murata-datasheet-22122223.pdf?src-supplier=Future+Electronics"; VariantName = "[No Variations]"
Add component (AddParameter): Name = "ComponentLink6URL"; Value = "https://datasheet.octopart.com:443/GRM033R60J104KE19D-Murata-datasheet-22122223.pdf?src-supplier=Future+Electronics"; VariantName = "[No Variations]"
Add component (AddParameter): Name = "ComponentLink7Description"; Value = "https://datasheet.octopart.com:443/GRM033R60J104KE19D-Murata-datasheet-44105374.pdf?src-supplier=Future+Electronics"; VariantName = "[No Variations]"
Add component (AddParameter): Name = "ComponentLink7URL"; Value = "https://datasheet.octopart.com:443/GRM033R60J104KE19D-Murata-datasheet-44105374.pdf?src-supplier=Future+Electronics"; VariantName = "[No Variations]"
Add component (AddParameter): Name = "ComponentLink8Description"; Value = "https://datasheet.octopart.com:443/GRM033R60J104KE19D-Murata-datasheet-165579666.pdf?src-supplier=TME"; VariantName = "[No Variations]"
Add component (AddParameter): Name = "ComponentLink8URL"; Value = "https://datasheet.octopart.com:443/GRM033R60J104KE19D-Murata-datasheet-165579666.pdf?src-supplier=TME"; VariantName = "[No Variations]"
Add component (AddParameter): Name = "ComponentLink9Description"; Value = "https://datasheet.octopart.com:443/GRM033R60J104KE19D-Murata-datasheet-140710156.pdf?src-supplier=TME"; VariantName = "[No Variations]"
Add component (AddParameter): Name = "ComponentLink9URL"; Value = "https://datasheet.octopart.com:443/GRM033R60J104KE19D-Murata-datasheet-140710156.pdf?src-supplier=TME"; VariantName = "[No Variations]"
Add component (AddParameter): Name = "ComponentLink10Description"; Value = "https://datasheet.octopart.com:443/GRM033R60J104KE19D-Murata-datasheet-141274201.pdf?src-supplier=Ciiva"; VariantName = "[No Variations]"
Add component (AddParameter): Name = "ComponentLink10URL"; Value = "https://datasheet.octopart.com:443/GRM033R60J104KE19D-Murata-datasheet-141274201.pdf?src-supplier=Ciiva"; VariantName = "[No Variations]"
Add component (AddParameter): Name = "ComponentLink11Description"; Value = "https://datasheet.octopart.com:443/GRM033R60J104KE19D-Murata-datasheet-140675741.pdf?src-supplier=Ciiva"; VariantName = "[No Variations]"
Add component (AddParameter): Name = "ComponentLink11URL"; Value = "https://datasheet.octopart.com:443/GRM033R60J104KE19D-Murata-datasheet-140675741.pdf?src-supplier=Ciiva"; VariantName = "[No Variations]"
Add component (AddParameter): Name = "ComponentLink12Description"; Value = "https://datasheet.octopart.com:443/GRM033R60J104KE19D-Murata-datasheet-138738333.pdf?src-supplier=Ciiva"; VariantName = "[No Variations]"
Add component (AddParameter): Name = "ComponentLink12URL"; Value = "https://datasheet.octopart.com:443/GRM033R60J104KE19D-Murata-datasheet-138738333.pdf?src-supplier=Ciiva"; VariantName = "[No Variations]"
Add component (AddParameter): Name = "ComponentLink13Description"; Value = "https://datasheet.octopart.com/GRM033R60J104KE19D-Murata-datasheet-12515295.pdf"; VariantName = "[No Variations]"
Add component (AddParameter): Name = "ComponentLink13URL"; Value = "https://datasheet.octopart.com/GRM033R60J104KE19D-Murata-datasheet-12515295.pdf"; VariantName = "[No Variations]"
Add component (AddParameter): Name = "ComponentLink14Description"; Value = "https://datasheet.octopart.com/GRM033R60J104KE19D-Murata-datasheet-12510076.pdf"; VariantName = "[No Variations]"
Add component (AddParameter): Name = "ComponentLink14URL"; Value = "https://datasheet.octopart.com/GRM033R60J104KE19D-Murata-datasheet-12510076.pdf"; VariantName = "[No Variations]"
Add component (AddParameter): Name = "ComponentLink15Description"; Value = "https://datasheet.octopart.com/GRM033R60J104KE19D-Murata-datasheet-11978611.pdf"; VariantName = "[No Variations]"
Add component (AddParameter): Name = "ComponentLink15URL"; Value = "https://datasheet.octopart.com/GRM033R60J104KE19D-Murata-datasheet-11978611.pdf"; VariantName = "[No Variations]"
Add component (AddParameter): Name = "ComponentLink16Description"; Value = "https://datasheet.octopart.com/GRM033R60J104KE19D-Murata-datasheet-10025737.pdf"; VariantName = "[No Variations]"
Add component (AddParameter): Name = "ComponentLink16URL"; Value = "https://datasheet.octopart.com/GRM033R60J104KE19D-Murata-datasheet-10025737.pdf"; VariantName = "[No Variations]"
Add component (AddParameter): Name = "ComponentLink17Description"; Value = "https://datasheet.octopart.com/GRM033R60J104KE19D-Murata-datasheet-8819587.pdf"; VariantName = "[No Variations]"
Add component (AddParameter): Name = "ComponentLink17URL"; Value = "https://datasheet.octopart.com/GRM033R60J104KE19D-Murata-datasheet-8819587.pdf"; VariantName = "[No Variations]"
Add component (AddParameter): Name = "ComponentLink18Description"; Value = "https://datasheet.octopart.com:443/GRM033R60J104KE19D-Murata-datasheet-12510170.pdf?src-supplier=Factory+Futures"; VariantName = "[No Variations]"
Add component (AddParameter): Name = "ComponentLink18URL"; Value = "https://datasheet.octopart.com:443/GRM033R60J104KE19D-Murata-datasheet-12510170.pdf?src-supplier=Factory+Futures"; VariantName = "[No Variations]"
Add component (AddParameter): Name = "ComponentLink19Description"; Value = "https://datasheet.octopart.com:443/GRM033R60J104KE19D-Murata-datasheet-8517407.pdf?src-supplier=Factory+Futures"; VariantName = "[No Variations]"
Add component (AddParameter): Name = "ComponentLink19URL"; Value = "https://datasheet.octopart.com:443/GRM033R60J104KE19D-Murata-datasheet-8517407.pdf?src-supplier=Factory+Futures"; VariantName = "[No Variations]"
Add component (AddParameter): Name = "ComponentLink20Description"; Value = "https://datasheet.octopart.com:443/GRM033R60J104KE19D-Murata-datasheet-8387045.pdf?src-supplier=Factory+Futures"; VariantName = "[No Variations]"
Add component (AddParameter): Name = "ComponentLink20URL"; Value = "https://datasheet.octopart.com:443/GRM033R60J104KE19D-Murata-datasheet-8387045.pdf?src-supplier=Factory+Futures"; VariantName = "[No Variations]"
Add component (AddParameter): Name = "ComponentLink21Description"; Value = "https://datasheet.octopart.com:443/GRM033R60J104KE19D-Murata-datasheet-8324201.pdf?src-supplier=Factory+Futures"; VariantName = "[No Variations]"
Add component (AddParameter): Name = "ComponentLink21URL"; Value = "https://datasheet.octopart.com:443/GRM033R60J104KE19D-Murata-datasheet-8324201.pdf?src-supplier=Factory+Futures"; VariantName = "[No Variations]"
Add component (AddParameter): Name = "ComponentLink22Description"; Value = "https://datasheet.octopart.com:443/GRM033R60J104KE19D-Murata-datasheet-7628724.pdf?src-supplier=Factory+Futures"; VariantName = "[No Variations]"
Add component (AddParameter): Name = "ComponentLink22URL"; Value = "https://datasheet.octopart.com:443/GRM033R60J104KE19D-Murata-datasheet-7628724.pdf?src-supplier=Factory+Futures"; VariantName = "[No Variations]"
Add component (AddParameter): Name = "ComponentLink23Description"; Value = "https://datasheet.octopart.com:443/GRM033R60J104KE19D-Murata-datasheet-552801.pdf?src-supplier=Factory+Futures"; VariantName = "[No Variations]"
Add component (AddParameter): Name = "ComponentLink23URL"; Value = "https://datasheet.octopart.com:443/GRM033R60J104KE19D-Murata-datasheet-552801.pdf?src-supplier=Factory+Futures"; VariantName = "[No Variations]"
Add component (AddParameter): Name = "ComponentLink24Description"; Value = "https://datasheet.octopart.com:443/GRM033R60J104KE19D.-Murata-datasheet-5332913.pdf?src-supplier=Farnell"; VariantName = "[No Variations]"
Add component (AddParameter): Name = "ComponentLink24URL"; Value = "https://datasheet.octopart.com:443/GRM033R60J104KE19D.-Murata-datasheet-5332913.pdf?src-supplier=Farnell"; VariantName = "[No Variations]"
Add component (AddParameter): Name = "ComponentLink25Description"; Value = "https://datasheet.octopart.com:443/GRM033R60J104KE19D-Murata-datasheet-148210.pdf?src-supplier=Garrett"; VariantName = "[No Variations]"
Add component (AddParameter): Name = "ComponentLink25URL"; Value = "https://datasheet.octopart.com:443/GRM033R60J104KE19D-Murata-datasheet-148210.pdf?src-supplier=Garrett"; VariantName = "[No Variations]"
Add component (AddParameter): Name = "ComponentLink26Description"; Value = "https://datasheet.octopart.com:443/GRM033R60J104KE19D-Murata-datasheet-118811.pdf?src-supplier=DigiKey"; VariantName = "[No Variations]"
Add component (AddParameter): Name = "ComponentLink26URL"; Value = "https://datasheet.octopart.com:443/GRM033R60J104KE19D-Murata-datasheet-118811.pdf?src-supplier=DigiKey"; VariantName = "[No Variations]"
Add component (AddParameter): Name = "ComponentLink27Description"; Value = "http://sigma.octopart.com:80/reach_statement/Murata-company-16.pdf?src-supplier=Compliance+Statements"; VariantName = "[No Variations]"
Add component (AddParameter): Name = "ComponentLink27URL"; Value = "http://sigma.octopart.com:80/reach_statement/Murata-company-16.pdf?src-supplier=Compliance+Statements"; VariantName = "[No Variations]"
Add component (AddParameter): Name = "Country of Origin"; Value = "Philippines"; VariantName = "[No Variations]"
Add component (AddParameter): Name = "Depth"; Value = "300µm"; VariantName = "[No Variations]"
Add component (AddParameter): Name = "Dielectric"; Value = "X5R"; VariantName = "[No Variations]"
Add component (AddParameter): Name = "Dielectric Material"; Value = "Ceramic"; VariantName = "[No Variations]"
Add component (AddParameter): Name = "Export Control Classification Number (ECCN) Code"; Value = "EAR99"; VariantName = "[No Variations]"
Add component (AddParameter): Name = "Harmonized Tariff Schedule (HTS) Code"; Value = "8532.24.00.20"; VariantName = "[No Variations]"
Add component (AddParameter): Name = "Height"; Value = "300µm"; VariantName = "[No Variations]"
Add component (AddParameter): Name = "Introduction Date"; Value = "2004-09-04"; VariantName = "[No Variations]"
Add component (AddParameter): Name = "Lead Free"; Value = "Lead Free"; VariantName = "[No Variations]"
Add component (AddParameter): Name = "Length"; Value = "600µm"; VariantName = "[No Variations]"
Add component (AddParameter): Name = "Lifecycle Status"; Value = "Production"; VariantName = "[No Variations]"
Add component (AddParameter): Name = "Manufacturer"; Value = "Murata"; VariantName = "[No Variations]"
Add component (AddParameter): Name = "Manufacturer Lifecycle Status"; Value = "IN PRODUCTION"; VariantName = "[No Variations]"
Add component (AddParameter): Name = "Manufacturer Part Number"; Value = "GRM033R60J104KE19D"; VariantName = "[No Variations]"
Add component (AddParameter): Name = "Material"; Value = "Ceramic"; VariantName = "[No Variations]"
Add component (AddParameter): Name = "Max Operating Temperature"; Value = "85°C"; VariantName = "[No Variations]"
Add component (AddParameter): Name = "Min Operating Temperature"; Value = "-55°C"; VariantName = "[No Variations]"
Add component (AddParameter): Name = "Mounting Technology"; Value = "Surface Mount"; VariantName = "[No Variations]"
Add component (AddParameter): Name = "Number of Terminals"; Value = "2"; VariantName = "[No Variations]"
Add component (AddParameter): Name = "Packaging"; Value = "Cut Tape (CT)"; VariantName = "[No Variations]"
Add component (AddParameter): Name = "Pins"; Value = "2"; VariantName = "[No Variations]"
Add component (AddParameter): Name = "Pricing"; Value = "1=0,1, 10=0,013, 50=0,0084, 100=0,007, 500=0,00476, 1000=0,00409, 2500=0,00338, 5000=0,00295 (USD)"; VariantName = "[No Variations]"
Add component (AddParameter): Name = "Radiation Hardening"; Value = "No"; VariantName = "[No Variations]"
Add component (AddParameter): Name = "REACH SVHC"; Value = "Yes"; VariantName = "[No Variations]"
Add component (AddParameter): Name = "RoHS"; Value = "Compliant"; VariantName = "[No Variations]"
Add component (AddParameter): Name = "Schedule B"; Value = "8532240020, 8532240020|8532240020, 8532240020|8532240020|8532240020, 8532240020|8532240020|8532240020|8532240020"; VariantName = "[No Variations]"
Add component (AddParameter): Name = "Stock"; Value = "19959733"; VariantName = "[No Variations]"
Add component (AddParameter): Name = "Supplier"; Value = "DigiKey"; VariantName = "[No Variations]"
Add component (AddParameter): Name = "Supplier 1"; Value = "DigiKey"; VariantName = "[No Variations]"
Add component (AddParameter): Name = "Supplier Part Number"; Value = "490-3167-6-ND"; VariantName = "[No Variations]"
Add component (AddParameter): Name = "Supplier Part Number 1"; Value = "490-3167-6-ND"; VariantName = "[No Variations]"
Add component (AddParameter): Name = "Termination"; Value = "SMD/SMT"; VariantName = "[No Variations]"
Add component (AddParameter): Name = "Thickness"; Value = "300µm"; VariantName = "[No Variations]"
Add component (AddParameter): Name = "Tolerance"; Value = "10%"; VariantName = "[No Variations]"
Add component (AddParameter): Name = "Value"; Value = "100nF"; VariantName = "[No Variations]"
Add component (AddParameter): Name = "Voltage"; Value = "6.3V"; VariantName = "[No Variations]"
Add component (AddParameter): Name = "Voltage Rating"; Value = "6.3V"; VariantName = "[No Variations]"
Add component (AddParameter): Name = "Voltage Rating (DC)"; Value = "6.3V"; VariantName = "[No Variations]"
Add component (AddParameter): Name = "Weight"; Value = "170.097139µg"; VariantName = "[No Variations]"
Add component (AddParameter): Name = "Width"; Value = "300µm"; VariantName = "[No Variations]"
Added Component: Designator=C11(C0201)
Add component (AddParameter): Name = "Case Code (Imperial)"; Value = "0201"; VariantName = "[No Variations]"
Add component (AddParameter): Name = "Case Code (Metric)"; Value = "0603"; VariantName = "[No Variations]"
Add component (AddParameter): Name = "Case/Package"; Value = "0201"; VariantName = "[No Variations]"
Add component (AddParameter): Name = "Category"; Value = "Ceramic Capacitors"; VariantName = "[No Variations]"
Add component (AddParameter): Name = "ComponentLink1Description"; Value = "https://datasheet.octopart.com:443/GRM033R60J104KE19D-Murata-datasheet-5390194.pdf?src-supplier=Upverter"; VariantName = "[No Variations]"
Add component (AddParameter): Name = "ComponentLink1URL"; Value = "https://datasheet.octopart.com:443/GRM033R60J104KE19D-Murata-datasheet-5390194.pdf?src-supplier=Upverter"; VariantName = "[No Variations]"
Add component (AddParameter): Name = "ComponentLink2Description"; Value = "https://datasheet.octopart.com:443/GRM033R60J104KE19D-Murata-datasheet-62317028.pdf?src-supplier=element14+APAC"; VariantName = "[No Variations]"
Add component (AddParameter): Name = "ComponentLink2URL"; Value = "https://datasheet.octopart.com:443/GRM033R60J104KE19D-Murata-datasheet-62317028.pdf?src-supplier=element14+APAC"; VariantName = "[No Variations]"
Add component (AddParameter): Name = "ComponentLink3Description"; Value = "https://datasheet.octopart.com:443/GRM033R60J104KE19D-Murata-datasheet-17853058.pdf?src-supplier=element14+APAC"; VariantName = "[No Variations]"
Add component (AddParameter): Name = "ComponentLink3URL"; Value = "https://datasheet.octopart.com:443/GRM033R60J104KE19D-Murata-datasheet-17853058.pdf?src-supplier=element14+APAC"; VariantName = "[No Variations]"
Add component (AddParameter): Name = "ComponentLink4Description"; Value = "https://datasheet.octopart.com:443/GRM033R60J104KE19D-Murata-datasheet-8397485.pdf?src-supplier=Newark"; VariantName = "[No Variations]"
Add component (AddParameter): Name = "ComponentLink4URL"; Value = "https://datasheet.octopart.com:443/GRM033R60J104KE19D-Murata-datasheet-8397485.pdf?src-supplier=Newark"; VariantName = "[No Variations]"
Add component (AddParameter): Name = "ComponentLink5Description"; Value = "https://datasheet.octopart.com:443/GRM033R60J104KE19D-Murata-datasheet-14399027.pdf?src-supplier=Future+Electronics"; VariantName = "[No Variations]"
Add component (AddParameter): Name = "ComponentLink5URL"; Value = "https://datasheet.octopart.com:443/GRM033R60J104KE19D-Murata-datasheet-14399027.pdf?src-supplier=Future+Electronics"; VariantName = "[No Variations]"
Add component (AddParameter): Name = "ComponentLink6Description"; Value = "https://datasheet.octopart.com:443/GRM033R60J104KE19D-Murata-datasheet-22122223.pdf?src-supplier=Future+Electronics"; VariantName = "[No Variations]"
Add component (AddParameter): Name = "ComponentLink6URL"; Value = "https://datasheet.octopart.com:443/GRM033R60J104KE19D-Murata-datasheet-22122223.pdf?src-supplier=Future+Electronics"; VariantName = "[No Variations]"
Add component (AddParameter): Name = "ComponentLink7Description"; Value = "https://datasheet.octopart.com:443/GRM033R60J104KE19D-Murata-datasheet-44105374.pdf?src-supplier=Future+Electronics"; VariantName = "[No Variations]"
Add component (AddParameter): Name = "ComponentLink7URL"; Value = "https://datasheet.octopart.com:443/GRM033R60J104KE19D-Murata-datasheet-44105374.pdf?src-supplier=Future+Electronics"; VariantName = "[No Variations]"
Add component (AddParameter): Name = "ComponentLink8Description"; Value = "https://datasheet.octopart.com:443/GRM033R60J104KE19D-Murata-datasheet-165579666.pdf?src-supplier=TME"; VariantName = "[No Variations]"
Add component (AddParameter): Name = "ComponentLink8URL"; Value = "https://datasheet.octopart.com:443/GRM033R60J104KE19D-Murata-datasheet-165579666.pdf?src-supplier=TME"; VariantName = "[No Variations]"
Add component (AddParameter): Name = "ComponentLink9Description"; Value = "https://datasheet.octopart.com:443/GRM033R60J104KE19D-Murata-datasheet-140710156.pdf?src-supplier=TME"; VariantName = "[No Variations]"
Add component (AddParameter): Name = "ComponentLink9URL"; Value = "https://datasheet.octopart.com:443/GRM033R60J104KE19D-Murata-datasheet-140710156.pdf?src-supplier=TME"; VariantName = "[No Variations]"
Add component (AddParameter): Name = "ComponentLink10Description"; Value = "https://datasheet.octopart.com:443/GRM033R60J104KE19D-Murata-datasheet-141274201.pdf?src-supplier=Ciiva"; VariantName = "[No Variations]"
Add component (AddParameter): Name = "ComponentLink10URL"; Value = "https://datasheet.octopart.com:443/GRM033R60J104KE19D-Murata-datasheet-141274201.pdf?src-supplier=Ciiva"; VariantName = "[No Variations]"
Add component (AddParameter): Name = "ComponentLink11Description"; Value = "https://datasheet.octopart.com:443/GRM033R60J104KE19D-Murata-datasheet-140675741.pdf?src-supplier=Ciiva"; VariantName = "[No Variations]"
Add component (AddParameter): Name = "ComponentLink11URL"; Value = "https://datasheet.octopart.com:443/GRM033R60J104KE19D-Murata-datasheet-140675741.pdf?src-supplier=Ciiva"; VariantName = "[No Variations]"
Add component (AddParameter): Name = "ComponentLink12Description"; Value = "https://datasheet.octopart.com:443/GRM033R60J104KE19D-Murata-datasheet-138738333.pdf?src-supplier=Ciiva"; VariantName = "[No Variations]"
Add component (AddParameter): Name = "ComponentLink12URL"; Value = "https://datasheet.octopart.com:443/GRM033R60J104KE19D-Murata-datasheet-138738333.pdf?src-supplier=Ciiva"; VariantName = "[No Variations]"
Add component (AddParameter): Name = "ComponentLink13Description"; Value = "https://datasheet.octopart.com/GRM033R60J104KE19D-Murata-datasheet-12515295.pdf"; VariantName = "[No Variations]"
Add component (AddParameter): Name = "ComponentLink13URL"; Value = "https://datasheet.octopart.com/GRM033R60J104KE19D-Murata-datasheet-12515295.pdf"; VariantName = "[No Variations]"
Add component (AddParameter): Name = "ComponentLink14Description"; Value = "https://datasheet.octopart.com/GRM033R60J104KE19D-Murata-datasheet-12510076.pdf"; VariantName = "[No Variations]"
Add component (AddParameter): Name = "ComponentLink14URL"; Value = "https://datasheet.octopart.com/GRM033R60J104KE19D-Murata-datasheet-12510076.pdf"; VariantName = "[No Variations]"
Add component (AddParameter): Name = "ComponentLink15Description"; Value = "https://datasheet.octopart.com/GRM033R60J104KE19D-Murata-datasheet-11978611.pdf"; VariantName = "[No Variations]"
Add component (AddParameter): Name = "ComponentLink15URL"; Value = "https://datasheet.octopart.com/GRM033R60J104KE19D-Murata-datasheet-11978611.pdf"; VariantName = "[No Variations]"
Add component (AddParameter): Name = "ComponentLink16Description"; Value = "https://datasheet.octopart.com/GRM033R60J104KE19D-Murata-datasheet-10025737.pdf"; VariantName = "[No Variations]"
Add component (AddParameter): Name = "ComponentLink16URL"; Value = "https://datasheet.octopart.com/GRM033R60J104KE19D-Murata-datasheet-10025737.pdf"; VariantName = "[No Variations]"
Add component (AddParameter): Name = "ComponentLink17Description"; Value = "https://datasheet.octopart.com/GRM033R60J104KE19D-Murata-datasheet-8819587.pdf"; VariantName = "[No Variations]"
Add component (AddParameter): Name = "ComponentLink17URL"; Value = "https://datasheet.octopart.com/GRM033R60J104KE19D-Murata-datasheet-8819587.pdf"; VariantName = "[No Variations]"
Add component (AddParameter): Name = "ComponentLink18Description"; Value = "https://datasheet.octopart.com:443/GRM033R60J104KE19D-Murata-datasheet-12510170.pdf?src-supplier=Factory+Futures"; VariantName = "[No Variations]"
Add component (AddParameter): Name = "ComponentLink18URL"; Value = "https://datasheet.octopart.com:443/GRM033R60J104KE19D-Murata-datasheet-12510170.pdf?src-supplier=Factory+Futures"; VariantName = "[No Variations]"
Add component (AddParameter): Name = "ComponentLink19Description"; Value = "https://datasheet.octopart.com:443/GRM033R60J104KE19D-Murata-datasheet-8517407.pdf?src-supplier=Factory+Futures"; VariantName = "[No Variations]"
Add component (AddParameter): Name = "ComponentLink19URL"; Value = "https://datasheet.octopart.com:443/GRM033R60J104KE19D-Murata-datasheet-8517407.pdf?src-supplier=Factory+Futures"; VariantName = "[No Variations]"
Add component (AddParameter): Name = "ComponentLink20Description"; Value = "https://datasheet.octopart.com:443/GRM033R60J104KE19D-Murata-datasheet-8387045.pdf?src-supplier=Factory+Futures"; VariantName = "[No Variations]"
Add component (AddParameter): Name = "ComponentLink20URL"; Value = "https://datasheet.octopart.com:443/GRM033R60J104KE19D-Murata-datasheet-8387045.pdf?src-supplier=Factory+Futures"; VariantName = "[No Variations]"
Add component (AddParameter): Name = "ComponentLink21Description"; Value = "https://datasheet.octopart.com:443/GRM033R60J104KE19D-Murata-datasheet-8324201.pdf?src-supplier=Factory+Futures"; VariantName = "[No Variations]"
Add component (AddParameter): Name = "ComponentLink21URL"; Value = "https://datasheet.octopart.com:443/GRM033R60J104KE19D-Murata-datasheet-8324201.pdf?src-supplier=Factory+Futures"; VariantName = "[No Variations]"
Add component (AddParameter): Name = "ComponentLink22Description"; Value = "https://datasheet.octopart.com:443/GRM033R60J104KE19D-Murata-datasheet-7628724.pdf?src-supplier=Factory+Futures"; VariantName = "[No Variations]"
Add component (AddParameter): Name = "ComponentLink22URL"; Value = "https://datasheet.octopart.com:443/GRM033R60J104KE19D-Murata-datasheet-7628724.pdf?src-supplier=Factory+Futures"; VariantName = "[No Variations]"
Add component (AddParameter): Name = "ComponentLink23Description"; Value = "https://datasheet.octopart.com:443/GRM033R60J104KE19D-Murata-datasheet-552801.pdf?src-supplier=Factory+Futures"; VariantName = "[No Variations]"
Add component (AddParameter): Name = "ComponentLink23URL"; Value = "https://datasheet.octopart.com:443/GRM033R60J104KE19D-Murata-datasheet-552801.pdf?src-supplier=Factory+Futures"; VariantName = "[No Variations]"
Add component (AddParameter): Name = "ComponentLink24Description"; Value = "https://datasheet.octopart.com:443/GRM033R60J104KE19D.-Murata-datasheet-5332913.pdf?src-supplier=Farnell"; VariantName = "[No Variations]"
Add component (AddParameter): Name = "ComponentLink24URL"; Value = "https://datasheet.octopart.com:443/GRM033R60J104KE19D.-Murata-datasheet-5332913.pdf?src-supplier=Farnell"; VariantName = "[No Variations]"
Add component (AddParameter): Name = "ComponentLink25Description"; Value = "https://datasheet.octopart.com:443/GRM033R60J104KE19D-Murata-datasheet-148210.pdf?src-supplier=Garrett"; VariantName = "[No Variations]"
Add component (AddParameter): Name = "ComponentLink25URL"; Value = "https://datasheet.octopart.com:443/GRM033R60J104KE19D-Murata-datasheet-148210.pdf?src-supplier=Garrett"; VariantName = "[No Variations]"
Add component (AddParameter): Name = "ComponentLink26Description"; Value = "https://datasheet.octopart.com:443/GRM033R60J104KE19D-Murata-datasheet-118811.pdf?src-supplier=DigiKey"; VariantName = "[No Variations]"
Add component (AddParameter): Name = "ComponentLink26URL"; Value = "https://datasheet.octopart.com:443/GRM033R60J104KE19D-Murata-datasheet-118811.pdf?src-supplier=DigiKey"; VariantName = "[No Variations]"
Add component (AddParameter): Name = "ComponentLink27Description"; Value = "http://sigma.octopart.com:80/reach_statement/Murata-company-16.pdf?src-supplier=Compliance+Statements"; VariantName = "[No Variations]"
Add component (AddParameter): Name = "ComponentLink27URL"; Value = "http://sigma.octopart.com:80/reach_statement/Murata-company-16.pdf?src-supplier=Compliance+Statements"; VariantName = "[No Variations]"
Add component (AddParameter): Name = "Country of Origin"; Value = "Philippines"; VariantName = "[No Variations]"
Add component (AddParameter): Name = "Depth"; Value = "300µm"; VariantName = "[No Variations]"
Add component (AddParameter): Name = "Dielectric"; Value = "X5R"; VariantName = "[No Variations]"
Add component (AddParameter): Name = "Dielectric Material"; Value = "Ceramic"; VariantName = "[No Variations]"
Add component (AddParameter): Name = "Export Control Classification Number (ECCN) Code"; Value = "EAR99"; VariantName = "[No Variations]"
Add component (AddParameter): Name = "Harmonized Tariff Schedule (HTS) Code"; Value = "8532.24.00.20"; VariantName = "[No Variations]"
Add component (AddParameter): Name = "Height"; Value = "300µm"; VariantName = "[No Variations]"
Add component (AddParameter): Name = "Introduction Date"; Value = "2004-09-04"; VariantName = "[No Variations]"
Add component (AddParameter): Name = "Lead Free"; Value = "Lead Free"; VariantName = "[No Variations]"
Add component (AddParameter): Name = "Length"; Value = "600µm"; VariantName = "[No Variations]"
Add component (AddParameter): Name = "Lifecycle Status"; Value = "Production"; VariantName = "[No Variations]"
Add component (AddParameter): Name = "Manufacturer"; Value = "Murata"; VariantName = "[No Variations]"
Add component (AddParameter): Name = "Manufacturer Lifecycle Status"; Value = "IN PRODUCTION"; VariantName = "[No Variations]"
Add component (AddParameter): Name = "Manufacturer Part Number"; Value = "GRM033R60J104KE19D"; VariantName = "[No Variations]"
Add component (AddParameter): Name = "Material"; Value = "Ceramic"; VariantName = "[No Variations]"
Add component (AddParameter): Name = "Max Operating Temperature"; Value = "85°C"; VariantName = "[No Variations]"
Add component (AddParameter): Name = "Min Operating Temperature"; Value = "-55°C"; VariantName = "[No Variations]"
Add component (AddParameter): Name = "Mounting Technology"; Value = "Surface Mount"; VariantName = "[No Variations]"
Add component (AddParameter): Name = "Number of Terminals"; Value = "2"; VariantName = "[No Variations]"
Add component (AddParameter): Name = "Packaging"; Value = "Cut Tape (CT)"; VariantName = "[No Variations]"
Add component (AddParameter): Name = "Pins"; Value = "2"; VariantName = "[No Variations]"
Add component (AddParameter): Name = "Pricing"; Value = "1=0,1, 10=0,013, 50=0,0084, 100=0,007, 500=0,00476, 1000=0,00409, 2500=0,00338, 5000=0,00295 (USD)"; VariantName = "[No Variations]"
Add component (AddParameter): Name = "Radiation Hardening"; Value = "No"; VariantName = "[No Variations]"
Add component (AddParameter): Name = "REACH SVHC"; Value = "Yes"; VariantName = "[No Variations]"
Add component (AddParameter): Name = "RoHS"; Value = "Compliant"; VariantName = "[No Variations]"
Add component (AddParameter): Name = "Schedule B"; Value = "8532240020, 8532240020|8532240020, 8532240020|8532240020|8532240020, 8532240020|8532240020|8532240020|8532240020"; VariantName = "[No Variations]"
Add component (AddParameter): Name = "Stock"; Value = "19959733"; VariantName = "[No Variations]"
Add component (AddParameter): Name = "Supplier"; Value = "DigiKey"; VariantName = "[No Variations]"
Add component (AddParameter): Name = "Supplier 1"; Value = "DigiKey"; VariantName = "[No Variations]"
Add component (AddParameter): Name = "Supplier Part Number"; Value = "490-3167-6-ND"; VariantName = "[No Variations]"
Add component (AddParameter): Name = "Supplier Part Number 1"; Value = "490-3167-6-ND"; VariantName = "[No Variations]"
Add component (AddParameter): Name = "Termination"; Value = "SMD/SMT"; VariantName = "[No Variations]"
Add component (AddParameter): Name = "Thickness"; Value = "300µm"; VariantName = "[No Variations]"
Add component (AddParameter): Name = "Tolerance"; Value = "10%"; VariantName = "[No Variations]"
Add component (AddParameter): Name = "Value"; Value = "100nF"; VariantName = "[No Variations]"
Add component (AddParameter): Name = "Voltage"; Value = "6.3V"; VariantName = "[No Variations]"
Add component (AddParameter): Name = "Voltage Rating"; Value = "6.3V"; VariantName = "[No Variations]"
Add component (AddParameter): Name = "Voltage Rating (DC)"; Value = "6.3V"; VariantName = "[No Variations]"
Add component (AddParameter): Name = "Weight"; Value = "170.097139µg"; VariantName = "[No Variations]"
Add component (AddParameter): Name = "Width"; Value = "300µm"; VariantName = "[No Variations]"
Added Component: Designator=C12(C0201)
Add component (AddParameter): Name = "Case Code (Imperial)"; Value = "0201"; VariantName = "[No Variations]"
Add component (AddParameter): Name = "Case Code (Metric)"; Value = "0603"; VariantName = "[No Variations]"
Add component (AddParameter): Name = "Case/Package"; Value = "0201"; VariantName = "[No Variations]"
Add component (AddParameter): Name = "Category"; Value = "Ceramic Capacitors"; VariantName = "[No Variations]"
Add component (AddParameter): Name = "ComponentLink1Description"; Value = "https://datasheet.octopart.com:443/GRM033R60J104KE19D-Murata-datasheet-5390194.pdf?src-supplier=Upverter"; VariantName = "[No Variations]"
Add component (AddParameter): Name = "ComponentLink1URL"; Value = "https://datasheet.octopart.com:443/GRM033R60J104KE19D-Murata-datasheet-5390194.pdf?src-supplier=Upverter"; VariantName = "[No Variations]"
Add component (AddParameter): Name = "ComponentLink2Description"; Value = "https://datasheet.octopart.com:443/GRM033R60J104KE19D-Murata-datasheet-62317028.pdf?src-supplier=element14+APAC"; VariantName = "[No Variations]"
Add component (AddParameter): Name = "ComponentLink2URL"; Value = "https://datasheet.octopart.com:443/GRM033R60J104KE19D-Murata-datasheet-62317028.pdf?src-supplier=element14+APAC"; VariantName = "[No Variations]"
Add component (AddParameter): Name = "ComponentLink3Description"; Value = "https://datasheet.octopart.com:443/GRM033R60J104KE19D-Murata-datasheet-17853058.pdf?src-supplier=element14+APAC"; VariantName = "[No Variations]"
Add component (AddParameter): Name = "ComponentLink3URL"; Value = "https://datasheet.octopart.com:443/GRM033R60J104KE19D-Murata-datasheet-17853058.pdf?src-supplier=element14+APAC"; VariantName = "[No Variations]"
Add component (AddParameter): Name = "ComponentLink4Description"; Value = "https://datasheet.octopart.com:443/GRM033R60J104KE19D-Murata-datasheet-8397485.pdf?src-supplier=Newark"; VariantName = "[No Variations]"
Add component (AddParameter): Name = "ComponentLink4URL"; Value = "https://datasheet.octopart.com:443/GRM033R60J104KE19D-Murata-datasheet-8397485.pdf?src-supplier=Newark"; VariantName = "[No Variations]"
Add component (AddParameter): Name = "ComponentLink5Description"; Value = "https://datasheet.octopart.com:443/GRM033R60J104KE19D-Murata-datasheet-14399027.pdf?src-supplier=Future+Electronics"; VariantName = "[No Variations]"
Add component (AddParameter): Name = "ComponentLink5URL"; Value = "https://datasheet.octopart.com:443/GRM033R60J104KE19D-Murata-datasheet-14399027.pdf?src-supplier=Future+Electronics"; VariantName = "[No Variations]"
Add component (AddParameter): Name = "ComponentLink6Description"; Value = "https://datasheet.octopart.com:443/GRM033R60J104KE19D-Murata-datasheet-22122223.pdf?src-supplier=Future+Electronics"; VariantName = "[No Variations]"
Add component (AddParameter): Name = "ComponentLink6URL"; Value = "https://datasheet.octopart.com:443/GRM033R60J104KE19D-Murata-datasheet-22122223.pdf?src-supplier=Future+Electronics"; VariantName = "[No Variations]"
Add component (AddParameter): Name = "ComponentLink7Description"; Value = "https://datasheet.octopart.com:443/GRM033R60J104KE19D-Murata-datasheet-44105374.pdf?src-supplier=Future+Electronics"; VariantName = "[No Variations]"
Add component (AddParameter): Name = "ComponentLink7URL"; Value = "https://datasheet.octopart.com:443/GRM033R60J104KE19D-Murata-datasheet-44105374.pdf?src-supplier=Future+Electronics"; VariantName = "[No Variations]"
Add component (AddParameter): Name = "ComponentLink8Description"; Value = "https://datasheet.octopart.com:443/GRM033R60J104KE19D-Murata-datasheet-165579666.pdf?src-supplier=TME"; VariantName = "[No Variations]"
Add component (AddParameter): Name = "ComponentLink8URL"; Value = "https://datasheet.octopart.com:443/GRM033R60J104KE19D-Murata-datasheet-165579666.pdf?src-supplier=TME"; VariantName = "[No Variations]"
Add component (AddParameter): Name = "ComponentLink9Description"; Value = "https://datasheet.octopart.com:443/GRM033R60J104KE19D-Murata-datasheet-140710156.pdf?src-supplier=TME"; VariantName = "[No Variations]"
Add component (AddParameter): Name = "ComponentLink9URL"; Value = "https://datasheet.octopart.com:443/GRM033R60J104KE19D-Murata-datasheet-140710156.pdf?src-supplier=TME"; VariantName = "[No Variations]"
Add component (AddParameter): Name = "ComponentLink10Description"; Value = "https://datasheet.octopart.com:443/GRM033R60J104KE19D-Murata-datasheet-141274201.pdf?src-supplier=Ciiva"; VariantName = "[No Variations]"
Add component (AddParameter): Name = "ComponentLink10URL"; Value = "https://datasheet.octopart.com:443/GRM033R60J104KE19D-Murata-datasheet-141274201.pdf?src-supplier=Ciiva"; VariantName = "[No Variations]"
Add component (AddParameter): Name = "ComponentLink11Description"; Value = "https://datasheet.octopart.com:443/GRM033R60J104KE19D-Murata-datasheet-140675741.pdf?src-supplier=Ciiva"; VariantName = "[No Variations]"
Add component (AddParameter): Name = "ComponentLink11URL"; Value = "https://datasheet.octopart.com:443/GRM033R60J104KE19D-Murata-datasheet-140675741.pdf?src-supplier=Ciiva"; VariantName = "[No Variations]"
Add component (AddParameter): Name = "ComponentLink12Description"; Value = "https://datasheet.octopart.com:443/GRM033R60J104KE19D-Murata-datasheet-138738333.pdf?src-supplier=Ciiva"; VariantName = "[No Variations]"
Add component (AddParameter): Name = "ComponentLink12URL"; Value = "https://datasheet.octopart.com:443/GRM033R60J104KE19D-Murata-datasheet-138738333.pdf?src-supplier=Ciiva"; VariantName = "[No Variations]"
Add component (AddParameter): Name = "ComponentLink13Description"; Value = "https://datasheet.octopart.com/GRM033R60J104KE19D-Murata-datasheet-12515295.pdf"; VariantName = "[No Variations]"
Add component (AddParameter): Name = "ComponentLink13URL"; Value = "https://datasheet.octopart.com/GRM033R60J104KE19D-Murata-datasheet-12515295.pdf"; VariantName = "[No Variations]"
Add component (AddParameter): Name = "ComponentLink14Description"; Value = "https://datasheet.octopart.com/GRM033R60J104KE19D-Murata-datasheet-12510076.pdf"; VariantName = "[No Variations]"
Add component (AddParameter): Name = "ComponentLink14URL"; Value = "https://datasheet.octopart.com/GRM033R60J104KE19D-Murata-datasheet-12510076.pdf"; VariantName = "[No Variations]"
Add component (AddParameter): Name = "ComponentLink15Description"; Value = "https://datasheet.octopart.com/GRM033R60J104KE19D-Murata-datasheet-11978611.pdf"; VariantName = "[No Variations]"
Add component (AddParameter): Name = "ComponentLink15URL"; Value = "https://datasheet.octopart.com/GRM033R60J104KE19D-Murata-datasheet-11978611.pdf"; VariantName = "[No Variations]"
Add component (AddParameter): Name = "ComponentLink16Description"; Value = "https://datasheet.octopart.com/GRM033R60J104KE19D-Murata-datasheet-10025737.pdf"; VariantName = "[No Variations]"
Add component (AddParameter): Name = "ComponentLink16URL"; Value = "https://datasheet.octopart.com/GRM033R60J104KE19D-Murata-datasheet-10025737.pdf"; VariantName = "[No Variations]"
Add component (AddParameter): Name = "ComponentLink17Description"; Value = "https://datasheet.octopart.com/GRM033R60J104KE19D-Murata-datasheet-8819587.pdf"; VariantName = "[No Variations]"
Add component (AddParameter): Name = "ComponentLink17URL"; Value = "https://datasheet.octopart.com/GRM033R60J104KE19D-Murata-datasheet-8819587.pdf"; VariantName = "[No Variations]"
Add component (AddParameter): Name = "ComponentLink18Description"; Value = "https://datasheet.octopart.com:443/GRM033R60J104KE19D-Murata-datasheet-12510170.pdf?src-supplier=Factory+Futures"; VariantName = "[No Variations]"
Add component (AddParameter): Name = "ComponentLink18URL"; Value = "https://datasheet.octopart.com:443/GRM033R60J104KE19D-Murata-datasheet-12510170.pdf?src-supplier=Factory+Futures"; VariantName = "[No Variations]"
Add component (AddParameter): Name = "ComponentLink19Description"; Value = "https://datasheet.octopart.com:443/GRM033R60J104KE19D-Murata-datasheet-8517407.pdf?src-supplier=Factory+Futures"; VariantName = "[No Variations]"
Add component (AddParameter): Name = "ComponentLink19URL"; Value = "https://datasheet.octopart.com:443/GRM033R60J104KE19D-Murata-datasheet-8517407.pdf?src-supplier=Factory+Futures"; VariantName = "[No Variations]"
Add component (AddParameter): Name = "ComponentLink20Description"; Value = "https://datasheet.octopart.com:443/GRM033R60J104KE19D-Murata-datasheet-8387045.pdf?src-supplier=Factory+Futures"; VariantName = "[No Variations]"
Add component (AddParameter): Name = "ComponentLink20URL"; Value = "https://datasheet.octopart.com:443/GRM033R60J104KE19D-Murata-datasheet-8387045.pdf?src-supplier=Factory+Futures"; VariantName = "[No Variations]"
Add component (AddParameter): Name = "ComponentLink21Description"; Value = "https://datasheet.octopart.com:443/GRM033R60J104KE19D-Murata-datasheet-8324201.pdf?src-supplier=Factory+Futures"; VariantName = "[No Variations]"
Add component (AddParameter): Name = "ComponentLink21URL"; Value = "https://datasheet.octopart.com:443/GRM033R60J104KE19D-Murata-datasheet-8324201.pdf?src-supplier=Factory+Futures"; VariantName = "[No Variations]"
Add component (AddParameter): Name = "ComponentLink22Description"; Value = "https://datasheet.octopart.com:443/GRM033R60J104KE19D-Murata-datasheet-7628724.pdf?src-supplier=Factory+Futures"; VariantName = "[No Variations]"
Add component (AddParameter): Name = "ComponentLink22URL"; Value = "https://datasheet.octopart.com:443/GRM033R60J104KE19D-Murata-datasheet-7628724.pdf?src-supplier=Factory+Futures"; VariantName = "[No Variations]"
Add component (AddParameter): Name = "ComponentLink23Description"; Value = "https://datasheet.octopart.com:443/GRM033R60J104KE19D-Murata-datasheet-552801.pdf?src-supplier=Factory+Futures"; VariantName = "[No Variations]"
Add component (AddParameter): Name = "ComponentLink23URL"; Value = "https://datasheet.octopart.com:443/GRM033R60J104KE19D-Murata-datasheet-552801.pdf?src-supplier=Factory+Futures"; VariantName = "[No Variations]"
Add component (AddParameter): Name = "ComponentLink24Description"; Value = "https://datasheet.octopart.com:443/GRM033R60J104KE19D.-Murata-datasheet-5332913.pdf?src-supplier=Farnell"; VariantName = "[No Variations]"
Add component (AddParameter): Name = "ComponentLink24URL"; Value = "https://datasheet.octopart.com:443/GRM033R60J104KE19D.-Murata-datasheet-5332913.pdf?src-supplier=Farnell"; VariantName = "[No Variations]"
Add component (AddParameter): Name = "ComponentLink25Description"; Value = "https://datasheet.octopart.com:443/GRM033R60J104KE19D-Murata-datasheet-148210.pdf?src-supplier=Garrett"; VariantName = "[No Variations]"
Add component (AddParameter): Name = "ComponentLink25URL"; Value = "https://datasheet.octopart.com:443/GRM033R60J104KE19D-Murata-datasheet-148210.pdf?src-supplier=Garrett"; VariantName = "[No Variations]"
Add component (AddParameter): Name = "ComponentLink26Description"; Value = "https://datasheet.octopart.com:443/GRM033R60J104KE19D-Murata-datasheet-118811.pdf?src-supplier=DigiKey"; VariantName = "[No Variations]"
Add component (AddParameter): Name = "ComponentLink26URL"; Value = "https://datasheet.octopart.com:443/GRM033R60J104KE19D-Murata-datasheet-118811.pdf?src-supplier=DigiKey"; VariantName = "[No Variations]"
Add component (AddParameter): Name = "ComponentLink27Description"; Value = "http://sigma.octopart.com:80/reach_statement/Murata-company-16.pdf?src-supplier=Compliance+Statements"; VariantName = "[No Variations]"
Add component (AddParameter): Name = "ComponentLink27URL"; Value = "http://sigma.octopart.com:80/reach_statement/Murata-company-16.pdf?src-supplier=Compliance+Statements"; VariantName = "[No Variations]"
Add component (AddParameter): Name = "Country of Origin"; Value = "Philippines"; VariantName = "[No Variations]"
Add component (AddParameter): Name = "Depth"; Value = "300µm"; VariantName = "[No Variations]"
Add component (AddParameter): Name = "Dielectric"; Value = "X5R"; VariantName = "[No Variations]"
Add component (AddParameter): Name = "Dielectric Material"; Value = "Ceramic"; VariantName = "[No Variations]"
Add component (AddParameter): Name = "Export Control Classification Number (ECCN) Code"; Value = "EAR99"; VariantName = "[No Variations]"
Add component (AddParameter): Name = "Harmonized Tariff Schedule (HTS) Code"; Value = "8532.24.00.20"; VariantName = "[No Variations]"
Add component (AddParameter): Name = "Height"; Value = "300µm"; VariantName = "[No Variations]"
Add component (AddParameter): Name = "Introduction Date"; Value = "2004-09-04"; VariantName = "[No Variations]"
Add component (AddParameter): Name = "Lead Free"; Value = "Lead Free"; VariantName = "[No Variations]"
Add component (AddParameter): Name = "Length"; Value = "600µm"; VariantName = "[No Variations]"
Add component (AddParameter): Name = "Lifecycle Status"; Value = "Production"; VariantName = "[No Variations]"
Add component (AddParameter): Name = "Manufacturer"; Value = "Murata"; VariantName = "[No Variations]"
Add component (AddParameter): Name = "Manufacturer Lifecycle Status"; Value = "IN PRODUCTION"; VariantName = "[No Variations]"
Add component (AddParameter): Name = "Manufacturer Part Number"; Value = "GRM033R60J104KE19D"; VariantName = "[No Variations]"
Add component (AddParameter): Name = "Material"; Value = "Ceramic"; VariantName = "[No Variations]"
Add component (AddParameter): Name = "Max Operating Temperature"; Value = "85°C"; VariantName = "[No Variations]"
Add component (AddParameter): Name = "Min Operating Temperature"; Value = "-55°C"; VariantName = "[No Variations]"
Add component (AddParameter): Name = "Mounting Technology"; Value = "Surface Mount"; VariantName = "[No Variations]"
Add component (AddParameter): Name = "Number of Terminals"; Value = "2"; VariantName = "[No Variations]"
Add component (AddParameter): Name = "Packaging"; Value = "Cut Tape (CT)"; VariantName = "[No Variations]"
Add component (AddParameter): Name = "Pins"; Value = "2"; VariantName = "[No Variations]"
Add component (AddParameter): Name = "Pricing"; Value = "1=0,1, 10=0,013, 50=0,0084, 100=0,007, 500=0,00476, 1000=0,00409, 2500=0,00338, 5000=0,00295 (USD)"; VariantName = "[No Variations]"
Add component (AddParameter): Name = "Radiation Hardening"; Value = "No"; VariantName = "[No Variations]"
Add component (AddParameter): Name = "REACH SVHC"; Value = "Yes"; VariantName = "[No Variations]"
Add component (AddParameter): Name = "RoHS"; Value = "Compliant"; VariantName = "[No Variations]"
Add component (AddParameter): Name = "Schedule B"; Value = "8532240020, 8532240020|8532240020, 8532240020|8532240020|8532240020, 8532240020|8532240020|8532240020|8532240020"; VariantName = "[No Variations]"
Add component (AddParameter): Name = "Stock"; Value = "19959733"; VariantName = "[No Variations]"
Add component (AddParameter): Name = "Supplier"; Value = "DigiKey"; VariantName = "[No Variations]"
Add component (AddParameter): Name = "Supplier 1"; Value = "DigiKey"; VariantName = "[No Variations]"
Add component (AddParameter): Name = "Supplier Part Number"; Value = "490-3167-6-ND"; VariantName = "[No Variations]"
Add component (AddParameter): Name = "Supplier Part Number 1"; Value = "490-3167-6-ND"; VariantName = "[No Variations]"
Add component (AddParameter): Name = "Termination"; Value = "SMD/SMT"; VariantName = "[No Variations]"
Add component (AddParameter): Name = "Thickness"; Value = "300µm"; VariantName = "[No Variations]"
Add component (AddParameter): Name = "Tolerance"; Value = "10%"; VariantName = "[No Variations]"
Add component (AddParameter): Name = "Value"; Value = "100nF"; VariantName = "[No Variations]"
Add component (AddParameter): Name = "Voltage"; Value = "6.3V"; VariantName = "[No Variations]"
Add component (AddParameter): Name = "Voltage Rating"; Value = "6.3V"; VariantName = "[No Variations]"
Add component (AddParameter): Name = "Voltage Rating (DC)"; Value = "6.3V"; VariantName = "[No Variations]"
Add component (AddParameter): Name = "Weight"; Value = "170.097139µg"; VariantName = "[No Variations]"
Add component (AddParameter): Name = "Width"; Value = "300µm"; VariantName = "[No Variations]"
Added Component: Designator=CN1(H3x1)
Add component (AddParameter): Name = "Category"; Value = "Headers and Wire Housings"; VariantName = "[No Variations]"
Add component (AddParameter): Name = "Color"; Value = "Natural"; VariantName = "[No Variations]"
Add component (AddParameter): Name = "ComponentLink1Description"; Value = "https://datasheet.octopart.com:443/T1M-03-F-SH-L-Samtec-datasheet-97293726.pdf?src-supplier=Samtec"; VariantName = "[No Variations]"
Add component (AddParameter): Name = "ComponentLink1URL"; Value = "https://datasheet.octopart.com:443/T1M-03-F-SH-L-Samtec-datasheet-97293726.pdf?src-supplier=Samtec"; VariantName = "[No Variations]"
Add component (AddParameter): Name = "ComponentLink2Description"; Value = "https://sigma.octopart.com:443/97293727/technical_drawing/Samtec-T1M-03-F-SH-L.pdf?src-supplier=Samtec"; VariantName = "[No Variations]"
Add component (AddParameter): Name = "ComponentLink2URL"; Value = "https://sigma.octopart.com:443/97293727/technical_drawing/Samtec-T1M-03-F-SH-L.pdf?src-supplier=Samtec"; VariantName = "[No Variations]"
Add component (AddParameter): Name = "ComponentLink3Description"; Value = "https://datasheet.octopart.com:443/T1M-03-F-SH-L-Samtec-datasheet-129018845.pdf?src-supplier=element14+APAC"; VariantName = "[No Variations]"
Add component (AddParameter): Name = "ComponentLink3URL"; Value = "https://datasheet.octopart.com:443/T1M-03-F-SH-L-Samtec-datasheet-129018845.pdf?src-supplier=element14+APAC"; VariantName = "[No Variations]"
Add component (AddParameter): Name = "ComponentLink4Description"; Value = "https://datasheet.octopart.com:443/T1M-03-F-SH-L-Samtec-datasheet-148850559.pdf?src-supplier=Toby+Electronics"; VariantName = "[No Variations]"
Add component (AddParameter): Name = "ComponentLink4URL"; Value = "https://datasheet.octopart.com:443/T1M-03-F-SH-L-Samtec-datasheet-148850559.pdf?src-supplier=Toby+Electronics"; VariantName = "[No Variations]"
Add component (AddParameter): Name = "ComponentLink5Description"; Value = "https://datasheet.octopart.com:443/T1M-03-F-SH-L-Samtec-datasheet-116535276.pdf?src-supplier=Toby+Electronics"; VariantName = "[No Variations]"
Add component (AddParameter): Name = "ComponentLink5URL"; Value = "https://datasheet.octopart.com:443/T1M-03-F-SH-L-Samtec-datasheet-116535276.pdf?src-supplier=Toby+Electronics"; VariantName = "[No Variations]"
Add component (AddParameter): Name = "ComponentLink6Description"; Value = "https://datasheet.octopart.com:443/T1M-03-F-SH-L-Samtec-datasheet-136395486.pdf?src-supplier=Toby+Electronics"; VariantName = "[No Variations]"
Add component (AddParameter): Name = "ComponentLink6URL"; Value = "https://datasheet.octopart.com:443/T1M-03-F-SH-L-Samtec-datasheet-136395486.pdf?src-supplier=Toby+Electronics"; VariantName = "[No Variations]"
Add component (AddParameter): Name = "ComponentLink7Description"; Value = "https://datasheet.octopart.com:443/T1M-03-F-SH-L-Samtec-datasheet-86810868.pdf?src-supplier=Sager+Electronics"; VariantName = "[No Variations]"
Add component (AddParameter): Name = "ComponentLink7URL"; Value = "https://datasheet.octopart.com:443/T1M-03-F-SH-L-Samtec-datasheet-86810868.pdf?src-supplier=Sager+Electronics"; VariantName = "[No Variations]"
Add component (AddParameter): Name = "Lifecycle Status"; Value = "Production"; VariantName = "[No Variations]"
Add component (AddParameter): Name = "Manufacturer"; Value = "Samtec"; VariantName = "[No Variations]"
Add component (AddParameter): Name = "Manufacturer Lifecycle Status"; Value = "PRODUCTION"; VariantName = "[No Variations]"
Add component (AddParameter): Name = "Manufacturer Part Number"; Value = "T1M-03-F-SH-L"; VariantName = "[No Variations]"
Add component (AddParameter): Name = "Orientation"; Value = "Vertical"; VariantName = "[No Variations]"
Add component (AddParameter): Name = "Pins"; Value = "3"; VariantName = "[No Variations]"
Add component (AddParameter): Name = "Pricing"; Value = "1=2,07, 10=1,76, 25=1,6492, 50=1,5704, 100=1,4953, 250=1,40164 (USD)"; VariantName = "[No Variations]"
Add component (AddParameter): Name = "Stock"; Value = "680"; VariantName = "[No Variations]"
Add component (AddParameter): Name = "Supplier"; Value = "DigiKey"; VariantName = "[No Variations]"
Add component (AddParameter): Name = "Supplier 1"; Value = "DigiKey"; VariantName = "[No Variations]"
Add component (AddParameter): Name = "Supplier Part Number"; Value = "612-T1M-03-F-SH-LCT-ND"; VariantName = "[No Variations]"
Add component (AddParameter): Name = "Supplier Part Number 1"; Value = "612-T1M-03-F-SH-LCT-ND"; VariantName = "[No Variations]"
Added Component: Designator=CN2(usb A)
Add component (AddParameter): Name = "Category"; Value = "USB Connectors"; VariantName = "[No Variations]"
Add component (AddParameter): Name = "China RoHS"; Value = "Compliant"; VariantName = "[No Variations]"
Add component (AddParameter): Name = "Color"; Value = "Black"; VariantName = "[No Variations]"
Add component (AddParameter): Name = "ComponentLink1Description"; Value = "https://datasheet.octopart.com:443/480372200-Molex-datasheet-142372981.pdf?src-supplier=Upverter"; VariantName = "[No Variations]"
Add component (AddParameter): Name = "ComponentLink1URL"; Value = "https://datasheet.octopart.com:443/480372200-Molex-datasheet-142372981.pdf?src-supplier=Upverter"; VariantName = "[No Variations]"
Add component (AddParameter): Name = "ComponentLink2Description"; Value = "https://datasheet.octopart.com:443/48037-2200-Molex-datasheet-62059301.pdf?src-supplier=Upverter"; VariantName = "[No Variations]"
Add component (AddParameter): Name = "ComponentLink2URL"; Value = "https://datasheet.octopart.com:443/48037-2200-Molex-datasheet-62059301.pdf?src-supplier=Upverter"; VariantName = "[No Variations]"
Add component (AddParameter): Name = "ComponentLink3Description"; Value = "https://datasheet.octopart.com:443/480372200-Molex-datasheet-8344610.pdf?src-supplier=HQonline"; VariantName = "[No Variations]"
Add component (AddParameter): Name = "ComponentLink3URL"; Value = "https://datasheet.octopart.com:443/480372200-Molex-datasheet-8344610.pdf?src-supplier=HQonline"; VariantName = "[No Variations]"
Add component (AddParameter): Name = "ComponentLink4Description"; Value = "https://datasheet.octopart.com:443/48037-2200-Molex-datasheet-13746345.pdf?src-supplier=Sager+Electronics"; VariantName = "[No Variations]"
Add component (AddParameter): Name = "ComponentLink4URL"; Value = "https://datasheet.octopart.com:443/48037-2200-Molex-datasheet-13746345.pdf?src-supplier=Sager+Electronics"; VariantName = "[No Variations]"
Add component (AddParameter): Name = "ComponentLink5Description"; Value = "https://datasheet.octopart.com:443/48037-2200-Molex-datasheet-193109030.pdf?src-supplier=JRH+Electronics"; VariantName = "[No Variations]"
Add component (AddParameter): Name = "ComponentLink5URL"; Value = "https://datasheet.octopart.com:443/48037-2200-Molex-datasheet-193109030.pdf?src-supplier=JRH+Electronics"; VariantName = "[No Variations]"
Add component (AddParameter): Name = "ComponentLink6Description"; Value = "https://sigma.octopart.com:443/16400051/technical_drawing/Molex-48037-2200.pdf?src-supplier=Molex"; VariantName = "[No Variations]"
Add component (AddParameter): Name = "ComponentLink6URL"; Value = "https://sigma.octopart.com:443/16400051/technical_drawing/Molex-48037-2200.pdf?src-supplier=Molex"; VariantName = "[No Variations]"
Add component (AddParameter): Name = "ComponentLink7Description"; Value = "https://datasheet.octopart.com:443/48037-2200-Molex-datasheet-77558076.pdf?src-supplier=Farnell"; VariantName = "[No Variations]"
Add component (AddParameter): Name = "ComponentLink7URL"; Value = "https://datasheet.octopart.com:443/48037-2200-Molex-datasheet-77558076.pdf?src-supplier=Farnell"; VariantName = "[No Variations]"
Add component (AddParameter): Name = "ComponentLink8Description"; Value = "https://datasheet.octopart.com:443/48037-2200-Molex-datasheet-154752285.pdf?src-supplier=Master+Electronics"; VariantName = "[No Variations]"
Add component (AddParameter): Name = "ComponentLink8URL"; Value = "https://datasheet.octopart.com:443/48037-2200-Molex-datasheet-154752285.pdf?src-supplier=Master+Electronics"; VariantName = "[No Variations]"
Add component (AddParameter): Name = "ComponentLink9Description"; Value = "https://datasheet.octopart.com:443/48037-2200-Molex-datasheet-66635163.pdf?src-supplier=Newark"; VariantName = "[No Variations]"
Add component (AddParameter): Name = "ComponentLink9URL"; Value = "https://datasheet.octopart.com:443/48037-2200-Molex-datasheet-66635163.pdf?src-supplier=Newark"; VariantName = "[No Variations]"
Add component (AddParameter): Name = "ComponentLink10Description"; Value = "https://datasheet.octopart.com:443/48037-2200-Molex-datasheet-168216728.pdf?src-supplier=TME"; VariantName = "[No Variations]"
Add component (AddParameter): Name = "ComponentLink10URL"; Value = "https://datasheet.octopart.com:443/48037-2200-Molex-datasheet-168216728.pdf?src-supplier=TME"; VariantName = "[No Variations]"
Add component (AddParameter): Name = "ComponentLink11Description"; Value = "https://datasheet.octopart.com:443/48037-2200-Molex-datasheet-140185240.pdf?src-supplier=RS+(Formerly+Allied+Electronics)"; VariantName = "[No Variations]"
Add component (AddParameter): Name = "ComponentLink11URL"; Value = "https://datasheet.octopart.com:443/48037-2200-Molex-datasheet-140185240.pdf?src-supplier=RS+(Formerly+Allied+Electronics)"; VariantName = "[No Variations]"
Add component (AddParameter): Name = "ComponentLink12Description"; Value = "https://datasheet.octopart.com:443/48037-2200-Molex-datasheet-120151368.pdf?src-supplier=RS+(Formerly+Allied+Electronics)"; VariantName = "[No Variations]"
Add component (AddParameter): Name = "ComponentLink12URL"; Value = "https://datasheet.octopart.com:443/48037-2200-Molex-datasheet-120151368.pdf?src-supplier=RS+(Formerly+Allied+Electronics)"; VariantName = "[No Variations]"
Add component (AddParameter): Name = "ComponentLink13Description"; Value = "https://datasheet.octopart.com:443/48037-2200-Molex-datasheet-62104878.pdf?src-supplier=Electro+Sonic"; VariantName = "[No Variations]"
Add component (AddParameter): Name = "ComponentLink13URL"; Value = "https://datasheet.octopart.com:443/48037-2200-Molex-datasheet-62104878.pdf?src-supplier=Electro+Sonic"; VariantName = "[No Variations]"
Add component (AddParameter): Name = "ComponentLink14Description"; Value = "https://datasheet.octopart.com:443/48037-2200-Molex-datasheet-41578501.pdf?src-supplier=Electro+Sonic"; VariantName = "[No Variations]"
Add component (AddParameter): Name = "ComponentLink14URL"; Value = "https://datasheet.octopart.com:443/48037-2200-Molex-datasheet-41578501.pdf?src-supplier=Electro+Sonic"; VariantName = "[No Variations]"
Add component (AddParameter): Name = "ComponentLink15Description"; Value = "https://datasheet.octopart.com:443/48037-2200-Molex-datasheet-27085190.pdf?src-supplier=Electro+Sonic"; VariantName = "[No Variations]"
Add component (AddParameter): Name = "ComponentLink15URL"; Value = "https://datasheet.octopart.com:443/48037-2200-Molex-datasheet-27085190.pdf?src-supplier=Electro+Sonic"; VariantName = "[No Variations]"
Add component (AddParameter): Name = "ComponentLink16Description"; Value = "http://sigma.octopart.com:80/16400050/rohs_statement/Molex-48037-2200.pdf?src-supplier=Compliance+Statements"; VariantName = "[No Variations]"
Add component (AddParameter): Name = "ComponentLink16URL"; Value = "http://sigma.octopart.com:80/16400050/rohs_statement/Molex-48037-2200.pdf?src-supplier=Compliance+Statements"; VariantName = "[No Variations]"
Add component (AddParameter): Name = "ComponentLink17Description"; Value = "http://sigma.octopart.com:80/reach_statement/Molex-company-74.pdf?src-supplier=Compliance+Statements"; VariantName = "[No Variations]"
Add component (AddParameter): Name = "ComponentLink17URL"; Value = "http://sigma.octopart.com:80/reach_statement/Molex-company-74.pdf?src-supplier=Compliance+Statements"; VariantName = "[No Variations]"
Add component (AddParameter): Name = "ComponentLink18Description"; Value = "http://sigma.octopart.com:80/rohs_statement/Molex-company-73.pdf?src-supplier=Compliance+Statements"; VariantName = "[No Variations]"
Add component (AddParameter): Name = "ComponentLink18URL"; Value = "http://sigma.octopart.com:80/rohs_statement/Molex-company-73.pdf?src-supplier=Compliance+Statements"; VariantName = "[No Variations]"
Add component (AddParameter): Name = "ComponentLink19Description"; Value = "http://sigma.octopart.com:80/conflict_mineral_statement/Molex-company-72.pdf?src-supplier=Compliance+Statements"; VariantName = "[No Variations]"
Add component (AddParameter): Name = "ComponentLink19URL"; Value = "http://sigma.octopart.com:80/conflict_mineral_statement/Molex-company-72.pdf?src-supplier=Compliance+Statements"; VariantName = "[No Variations]"
Add component (AddParameter): Name = "Connector Type"; Value = "Plug, USB"; VariantName = "[No Variations]"
Add component (AddParameter): Name = "Contact Material"; Value = "Brass"; VariantName = "[No Variations]"
Add component (AddParameter): Name = "Contact Plating"; Value = "Gold"; VariantName = "[No Variations]"
Add component (AddParameter): Name = "Country of Origin"; Value = "HK"; VariantName = "[No Variations]"
Add component (AddParameter): Name = "Current Rating"; Value = "1.5A"; VariantName = "[No Variations]"
Add component (AddParameter): Name = "Export Control Classification Number (ECCN) Code"; Value = "EAR99"; VariantName = "[No Variations]"
Add component (AddParameter): Name = "Gender"; Value = "Male"; VariantName = "[No Variations]"
Add component (AddParameter): Name = "Halogen Free"; Value = "Low Halogen"; VariantName = "[No Variations]"
Add component (AddParameter): Name = "Harmonized Tariff Schedule (HTS) Code"; Value = "8536.69.40.30"; VariantName = "[No Variations]"
Add component (AddParameter): Name = "Height"; Value = "4.6mm"; VariantName = "[No Variations]"
Add component (AddParameter): Name = "Housing Material"; Value = "Nylon"; VariantName = "[No Variations]"
Add component (AddParameter): Name = "Insulation Resistance"; Value = "1GO"; VariantName = "[No Variations]"
Add component (AddParameter): Name = "Introduction Date"; Value = "2007-05-29"; VariantName = "[No Variations]"
Add component (AddParameter): Name = "Lifecycle Status"; Value = "Production"; VariantName = "[No Variations]"
Add component (AddParameter): Name = "LTB Date"; Value = "2014-09-01"; VariantName = "[No Variations]"
Add component (AddParameter): Name = "LTD Date"; Value = "2014-12-31"; VariantName = "[No Variations]"
Add component (AddParameter): Name = "Manufacturer"; Value = "Molex"; VariantName = "[No Variations]"
Add component (AddParameter): Name = "Manufacturer Lifecycle Status"; Value = "ACTIVE"; VariantName = "[No Variations]"
Add component (AddParameter): Name = "Manufacturer Part Number"; Value = "48037-2200"; VariantName = "[No Variations]"
Add component (AddParameter): Name = "Max Operating Temperature"; Value = "85°C"; VariantName = "[No Variations]"
Add component (AddParameter): Name = "Max Voltage Rating (AC)"; Value = "150V"; VariantName = "[No Variations]"
Add component (AddParameter): Name = "Min Operating Temperature"; Value = "-20°C"; VariantName = "[No Variations]"
Add component (AddParameter): Name = "Mounting Technology"; Value = "Surface Mount"; VariantName = "[No Variations]"
Add component (AddParameter): Name = "Number of Circuits"; Value = "4"; VariantName = "[No Variations]"
Add component (AddParameter): Name = "Number of Contacts"; Value = "4"; VariantName = "[No Variations]"
Add component (AddParameter): Name = "Number of Ports"; Value = "1"; VariantName = "[No Variations]"
Add component (AddParameter): Name = "Number of Positions"; Value = "4"; VariantName = "[No Variations]"
Add component (AddParameter): Name = "Number of Rows"; Value = "1"; VariantName = "[No Variations]"
Add component (AddParameter): Name = "Number of Terminals"; Value = "4"; VariantName = "[No Variations]"
Add component (AddParameter): Name = "Orientation"; Value = "Right Angle"; VariantName = "[No Variations]"
Add component (AddParameter): Name = "Packaging"; Value = "Cut Tape"; VariantName = "[No Variations]"
Add component (AddParameter): Name = "Pins"; Value = "4"; VariantName = "[No Variations]"
Add component (AddParameter): Name = "Pitch"; Value = "2mm"; VariantName = "[No Variations]"
Add component (AddParameter): Name = "Plating"; Value = "Tin"; VariantName = "[No Variations]"
Add component (AddParameter): Name = "Plating Thickness"; Value = "762nm"; VariantName = "[No Variations]"
Add component (AddParameter): Name = "Pricing"; Value = "1=1,32, 10=1,123, 25=1,0524, 50=1,0022, 100=0,9543 (USD)"; VariantName = "[No Variations]"
Add component (AddParameter): Name = "Radiation Hardening"; Value = "No"; VariantName = "[No Variations]"
Add component (AddParameter): Name = "REACH SVHC"; Value = "Yes"; VariantName = "[No Variations]"
Add component (AddParameter): Name = "RoHS"; Value = "Compliant"; VariantName = "[No Variations]"
Add component (AddParameter): Name = "Schedule B"; Value = "8536695050, 8536695050|8536695050|8536695050|8536695050|8536695050"; VariantName = "[No Variations]"
Add component (AddParameter): Name = "Shell Finish"; Value = "Nickel"; VariantName = "[No Variations]"
Add component (AddParameter): Name = "Shell Material"; Value = "Steel"; VariantName = "[No Variations]"
Add component (AddParameter): Name = "Stock"; Value = "10090"; VariantName = "[No Variations]"
Add component (AddParameter): Name = "Supplier"; Value = "DigiKey"; VariantName = "[No Variations]"
Add component (AddParameter): Name = "Supplier 1"; Value = "DigiKey"; VariantName = "[No Variations]"
Add component (AddParameter): Name = "Supplier Part Number"; Value = "WM3983DKR-ND"; VariantName = "[No Variations]"
Add component (AddParameter): Name = "Supplier Part Number 1"; Value = "WM3983DKR-ND"; VariantName = "[No Variations]"
Add component (AddParameter): Name = "Terminal Pitch"; Value = "2mm"; VariantName = "[No Variations]"
Add component (AddParameter): Name = "Termination"; Value = "Solder"; VariantName = "[No Variations]"
Add component (AddParameter): Name = "USB Standard"; Value = "USB 2.0"; VariantName = "[No Variations]"
Add component (AddParameter): Name = "Voltage Rating"; Value = "150V"; VariantName = "[No Variations]"
Add component (AddParameter): Name = "Voltage Rating (AC)"; Value = "150V"; VariantName = "[No Variations]"
Added Component: Designator=D1(Led 0402)
Add component (AddParameter): Name = "Case/Package"; Value = "0402"; VariantName = "[No Variations]"
Add component (AddParameter): Name = "Category"; Value = "LEDs"; VariantName = "[No Variations]"
Add component (AddParameter): Name = "Color"; Value = "Red"; VariantName = "[No Variations]"
Add component (AddParameter): Name = "ComponentLink1Description"; Value = "https://datasheet.octopart.com:443/150040RS73240-W%C3%BCrth-Elektronik-datasheet-140170125.pdf?src-supplier=Wurth+Elektronik"; VariantName = "[No Variations]"
Add component (AddParameter): Name = "ComponentLink1URL"; Value = "https://datasheet.octopart.com:443/150040RS73240-W%C3%BCrth-Elektronik-datasheet-140170125.pdf?src-supplier=Wurth+Elektronik"; VariantName = "[No Variations]"
Add component (AddParameter): Name = "Dominant Wavelength"; Value = "625nm"; VariantName = "[No Variations]"
Add component (AddParameter): Name = "Forward Current"; Value = "60mA"; VariantName = "[No Variations]"
Add component (AddParameter): Name = "Forward Voltage"; Value = "2V"; VariantName = "[No Variations]"
Add component (AddParameter): Name = "Height"; Value = "400µm"; VariantName = "[No Variations]"
Add component (AddParameter): Name = "Length"; Value = "1mm"; VariantName = "[No Variations]"
Add component (AddParameter): Name = "Lifecycle Status"; Value = "Production"; VariantName = "[No Variations]"
Add component (AddParameter): Name = "Luminous Intensity"; Value = "100mcd"; VariantName = "[No Variations]"
Add component (AddParameter): Name = "Manufacturer"; Value = "Wurth Elektronik"; VariantName = "[No Variations]"
Add component (AddParameter): Name = "Manufacturer Lifecycle Status"; Value = "ACTIVE"; VariantName = "[No Variations]"
Add component (AddParameter): Name = "Manufacturer Part Number"; Value = "150040RS73240"; VariantName = "[No Variations]"
Add component (AddParameter): Name = "Max Junction Temperature (Tj)"; Value = "95°C"; VariantName = "[No Variations]"
Add component (AddParameter): Name = "Max Operating Temperature"; Value = "85°C"; VariantName = "[No Variations]"
Add component (AddParameter): Name = "Max Reverse Voltage (DC)"; Value = "5V"; VariantName = "[No Variations]"
Add component (AddParameter): Name = "Min Operating Temperature"; Value = "-40°C"; VariantName = "[No Variations]"
Add component (AddParameter): Name = "Packaging"; Value = "Tape and Reel"; VariantName = "[No Variations]"
Add component (AddParameter): Name = "Peak Wavelength"; Value = "630nm"; VariantName = "[No Variations]"
Add component (AddParameter): Name = "Power Dissipation"; Value = "72mW"; VariantName = "[No Variations]"
Add component (AddParameter): Name = "Pricing"; Value = "1=0,32, 10=0,271, 100=0,244, 500=0,217, 1000=0,191 (USD)"; VariantName = "[No Variations]"
Add component (AddParameter): Name = "Reverse Voltage"; Value = "5V"; VariantName = "[No Variations]"
Add component (AddParameter): Name = "RoHS"; Value = "Compliant"; VariantName = "[No Variations]"
Add component (AddParameter): Name = "Stock"; Value = "5288"; VariantName = "[No Variations]"
Add component (AddParameter): Name = "Supplier"; Value = "DigiKey"; VariantName = "[No Variations]"
Add component (AddParameter): Name = "Supplier 1"; Value = "DigiKey"; VariantName = "[No Variations]"
Add component (AddParameter): Name = "Supplier Part Number"; Value = "732-11991-1-ND"; VariantName = "[No Variations]"
Add component (AddParameter): Name = "Supplier Part Number 1"; Value = "732-11991-1-ND"; VariantName = "[No Variations]"
Add component (AddParameter): Name = "Viewing Angle"; Value = "120°"; VariantName = "[No Variations]"
Add component (AddParameter): Name = "Wavelength"; Value = "625nm"; VariantName = "[No Variations]"
Add component (AddParameter): Name = "Width"; Value = "500µm"; VariantName = "[No Variations]"
Add component (AddParameter): Name = "YEOL"; Value = "1 = Estimated lifetime > 10 years"; VariantName = "[No Variations]"
Added Component: Designator=D2(Led 0402)
Add component (AddParameter): Name = "Case/Package"; Value = "0402"; VariantName = "[No Variations]"
Add component (AddParameter): Name = "Category"; Value = "LEDs"; VariantName = "[No Variations]"
Add component (AddParameter): Name = "Color"; Value = "Green"; VariantName = "[No Variations]"
Add component (AddParameter): Name = "ComponentLink1Description"; Value = "https://datasheet.octopart.com:443/150040VS73240-W%C3%BCrth-Elektronik-datasheet-140170126.pdf?src-supplier=Wurth+Elektronik"; VariantName = "[No Variations]"
Add component (AddParameter): Name = "ComponentLink1URL"; Value = "https://datasheet.octopart.com:443/150040VS73240-W%C3%BCrth-Elektronik-datasheet-140170126.pdf?src-supplier=Wurth+Elektronik"; VariantName = "[No Variations]"
Add component (AddParameter): Name = "Dominant Wavelength"; Value = "570nm"; VariantName = "[No Variations]"
Add component (AddParameter): Name = "Forward Current"; Value = "60mA"; VariantName = "[No Variations]"
Add component (AddParameter): Name = "Forward Voltage"; Value = "2V"; VariantName = "[No Variations]"
Add component (AddParameter): Name = "Height"; Value = "400µm"; VariantName = "[No Variations]"
Add component (AddParameter): Name = "Length"; Value = "1mm"; VariantName = "[No Variations]"
Add component (AddParameter): Name = "Lifecycle Status"; Value = "Production"; VariantName = "[No Variations]"
Add component (AddParameter): Name = "Luminous Intensity"; Value = "50mcd"; VariantName = "[No Variations]"
Add component (AddParameter): Name = "Manufacturer"; Value = "Wurth Elektronik"; VariantName = "[No Variations]"
Add component (AddParameter): Name = "Manufacturer Lifecycle Status"; Value = "ACTIVE"; VariantName = "[No Variations]"
Add component (AddParameter): Name = "Manufacturer Part Number"; Value = "150040VS73240"; VariantName = "[No Variations]"
Add component (AddParameter): Name = "Max Junction Temperature (Tj)"; Value = "95°C"; VariantName = "[No Variations]"
Add component (AddParameter): Name = "Max Operating Temperature"; Value = "85°C"; VariantName = "[No Variations]"
Add component (AddParameter): Name = "Max Reverse Voltage (DC)"; Value = "5V"; VariantName = "[No Variations]"
Add component (AddParameter): Name = "Min Operating Temperature"; Value = "-40°C"; VariantName = "[No Variations]"
Add component (AddParameter): Name = "Packaging"; Value = "Tape and Reel"; VariantName = "[No Variations]"
Add component (AddParameter): Name = "Peak Wavelength"; Value = "572nm"; VariantName = "[No Variations]"
Add component (AddParameter): Name = "Power Dissipation"; Value = "75mW"; VariantName = "[No Variations]"
Add component (AddParameter): Name = "Pricing"; Value = "1=0,32, 10=0,271, 100=0,244, 500=0,217, 1000=0,191 (USD)"; VariantName = "[No Variations]"
Add component (AddParameter): Name = "Reverse Voltage"; Value = "5V"; VariantName = "[No Variations]"
Add component (AddParameter): Name = "RoHS"; Value = "Compliant"; VariantName = "[No Variations]"
Add component (AddParameter): Name = "Stock"; Value = "80192"; VariantName = "[No Variations]"
Add component (AddParameter): Name = "Supplier"; Value = "DigiKey"; VariantName = "[No Variations]"
Add component (AddParameter): Name = "Supplier 1"; Value = "DigiKey"; VariantName = "[No Variations]"
Add component (AddParameter): Name = "Supplier Part Number"; Value = "732-11992-1-ND"; VariantName = "[No Variations]"
Add component (AddParameter): Name = "Supplier Part Number 1"; Value = "732-11992-1-ND"; VariantName = "[No Variations]"
Add component (AddParameter): Name = "Viewing Angle"; Value = "120°"; VariantName = "[No Variations]"
Add component (AddParameter): Name = "Wavelength"; Value = "570nm"; VariantName = "[No Variations]"
Add component (AddParameter): Name = "Width"; Value = "500µm"; VariantName = "[No Variations]"
Add component (AddParameter): Name = "YEOL"; Value = "1 = Estimated lifetime > 10 years"; VariantName = "[No Variations]"
Added Component: Designator=D3(SOD323)
Add component (AddParameter): Name = "Average Rectified Current"; Value = "100mA"; VariantName = "[No Variations]"
Add component (AddParameter): Name = "Category"; Value = "Schottky Diodes"; VariantName = "[No Variations]"
Add component (AddParameter): Name = "China RoHS"; Value = "Compliant"; VariantName = "[No Variations]"
Add component (AddParameter): Name = "ComponentLink1Description"; Value = "https://datasheet.octopart.com:443/BAT54WS-7-F-Diodes-Inc.-datasheet-166296601.pdf?src-supplier=IHS"; VariantName = "[No Variations]"
Add component (AddParameter): Name = "ComponentLink1URL"; Value = "https://datasheet.octopart.com:443/BAT54WS-7-F-Diodes-Inc.-datasheet-166296601.pdf?src-supplier=IHS"; VariantName = "[No Variations]"
Add component (AddParameter): Name = "ComponentLink2Description"; Value = "https://datasheet.octopart.com:443/BAT54WS-7-F-Diodes-Inc.-datasheet-134530444.pdf?src-supplier=ODG+(Origin+Data+Global)"; VariantName = "[No Variations]"
Add component (AddParameter): Name = "ComponentLink2URL"; Value = "https://datasheet.octopart.com:443/BAT54WS-7-F-Diodes-Inc.-datasheet-134530444.pdf?src-supplier=ODG+(Origin+Data+Global)"; VariantName = "[No Variations]"
Add component (AddParameter): Name = "ComponentLink3Description"; Value = "https://sigma.octopart.com:443/138810740/technical_drawing/Diodes-Inc.-BAT54WS-7-F.pdf?src-supplier=Diodes+Inc+SCT"; VariantName = "[No Variations]"
Add component (AddParameter): Name = "ComponentLink3URL"; Value = "https://sigma.octopart.com:443/138810740/technical_drawing/Diodes-Inc.-BAT54WS-7-F.pdf?src-supplier=Diodes+Inc+SCT"; VariantName = "[No Variations]"
Add component (AddParameter): Name = "ComponentLink4Description"; Value = "https://datasheet.octopart.com:443/BAT54WS-7-F-Diodes-Inc.-datasheet-38879683.pdf?src-supplier=Newark"; VariantName = "[No Variations]"
Add component (AddParameter): Name = "ComponentLink4URL"; Value = "https://datasheet.octopart.com:443/BAT54WS-7-F-Diodes-Inc.-datasheet-38879683.pdf?src-supplier=Newark"; VariantName = "[No Variations]"
Add component (AddParameter): Name = "ComponentLink5Description"; Value = "https://datasheet.octopart.com:443/BAT54WS-7-F-Diodes-Inc.-datasheet-8330708.pdf?src-supplier=element14+APAC"; VariantName = "[No Variations]"
Add component (AddParameter): Name = "ComponentLink5URL"; Value = "https://datasheet.octopart.com:443/BAT54WS-7-F-Diodes-Inc.-datasheet-8330708.pdf?src-supplier=element14+APAC"; VariantName = "[No Variations]"
Add component (AddParameter): Name = "ComponentLink6Description"; Value = "https://datasheet.octopart.com:443/BAT54WS-7-F-Diodes-Inc.-datasheet-62304969.pdf?src-supplier=Future+Electronics"; VariantName = "[No Variations]"
Add component (AddParameter): Name = "ComponentLink6URL"; Value = "https://datasheet.octopart.com:443/BAT54WS-7-F-Diodes-Inc.-datasheet-62304969.pdf?src-supplier=Future+Electronics"; VariantName = "[No Variations]"
Add component (AddParameter): Name = "ComponentLink7Description"; Value = "https://datasheet.octopart.com:443/BAT54WS-7-F-Diodes-Inc.-datasheet-14053335.pdf?src-supplier=iiiC"; VariantName = "[No Variations]"
Add component (AddParameter): Name = "ComponentLink7URL"; Value = "https://datasheet.octopart.com:443/BAT54WS-7-F-Diodes-Inc.-datasheet-14053335.pdf?src-supplier=iiiC"; VariantName = "[No Variations]"
Add component (AddParameter): Name = "ComponentLink8Description"; Value = "https://datasheet.octopart.com:443/BAT54WS-7-F-Diodes-Inc.-datasheet-8193963.pdf?src-supplier=Jameco"; VariantName = "[No Variations]"
Add component (AddParameter): Name = "ComponentLink8URL"; Value = "https://datasheet.octopart.com:443/BAT54WS-7-F-Diodes-Inc.-datasheet-8193963.pdf?src-supplier=Jameco"; VariantName = "[No Variations]"
Add component (AddParameter): Name = "ComponentLink9Description"; Value = "https://datasheet.octopart.com:443/BAT54WS-7-F-Diodes-Inc.-datasheet-130944.pdf?src-supplier=DigiKey"; VariantName = "[No Variations]"
Add component (AddParameter): Name = "ComponentLink9URL"; Value = "https://datasheet.octopart.com:443/BAT54WS-7-F-Diodes-Inc.-datasheet-130944.pdf?src-supplier=DigiKey"; VariantName = "[No Variations]"
Add component (AddParameter): Name = "ComponentLink10Description"; Value = "http://sigma.octopart.com:80/15616894/materials_sheet/Diodes-Inc.-BAT54WS-7-F.pdf?src-supplier=Compliance+Statements"; VariantName = "[No Variations]"
Add component (AddParameter): Name = "ComponentLink10URL"; Value = "http://sigma.octopart.com:80/15616894/materials_sheet/Diodes-Inc.-BAT54WS-7-F.pdf?src-supplier=Compliance+Statements"; VariantName = "[No Variations]"
Add component (AddParameter): Name = "Contact Plating"; Value = "Tin"; VariantName = "[No Variations]"
Add component (AddParameter): Name = "Country of Origin"; Value = "Mainland China, Taiwan"; VariantName = "[No Variations]"
Add component (AddParameter): Name = "Current Rating"; Value = "200mA"; VariantName = "[No Variations]"
Add component (AddParameter): Name = "Element Configuration"; Value = "Single"; VariantName = "[No Variations]"
Add component (AddParameter): Name = "Export Control Classification Number (ECCN) Code"; Value = "EAR99"; VariantName = "[No Variations]"
Add component (AddParameter): Name = "Forward Current"; Value = "200mA"; VariantName = "[No Variations]"
Add component (AddParameter): Name = "Forward Voltage"; Value = "1V"; VariantName = "[No Variations]"
Add component (AddParameter): Name = "Harmonized Tariff Schedule (HTS) Code"; Value = "8541.10.00.70"; VariantName = "[No Variations]"
Add component (AddParameter): Name = "Height"; Value = "1.2mm"; VariantName = "[No Variations]"
Add component (AddParameter): Name = "Introduction Date"; Value = "2002-09-16"; VariantName = "[No Variations]"
Add component (AddParameter): Name = "Lead Free"; Value = "Lead Free"; VariantName = "[No Variations]"
Add component (AddParameter): Name = "Length"; Value = "1.8mm"; VariantName = "[No Variations]"
Add component (AddParameter): Name = "Lifecycle Status"; Value = "Production"; VariantName = "[No Variations]"
Add component (AddParameter): Name = "Manufacturer"; Value = "Diodes Inc."; VariantName = "[No Variations]"
Add component (AddParameter): Name = "Manufacturer Part Number"; Value = "BAT54WS-7-F"; VariantName = "[No Variations]"
Add component (AddParameter): Name = "Max Forward Surge Current (Ifsm)"; Value = "600mA"; VariantName = "[No Variations]"
Add component (AddParameter): Name = "Max Junction Temperature (Tj)"; Value = "150°C"; VariantName = "[No Variations]"
Add component (AddParameter): Name = "Max Operating Temperature"; Value = "150°C"; VariantName = "[No Variations]"
Add component (AddParameter): Name = "Max Output current"; Value = "100mA"; VariantName = "[No Variations]"
Add component (AddParameter): Name = "Max Power Dissipation"; Value = "200mW"; VariantName = "[No Variations]"
Add component (AddParameter): Name = "Max Repetitive Reverse Voltage (Vrrm)"; Value = "30V"; VariantName = "[No Variations]"
Add component (AddParameter): Name = "Max Reverse Voltage (DC)"; Value = "30V"; VariantName = "[No Variations]"
Add component (AddParameter): Name = "Min Breakdown Voltage"; Value = "30V"; VariantName = "[No Variations]"
Add component (AddParameter): Name = "Min Operating Temperature"; Value = "-65°C"; VariantName = "[No Variations]"
Add component (AddParameter): Name = "Mounting Technology"; Value = "Surface Mount"; VariantName = "[No Variations]"
Add component (AddParameter): Name = "Number of Elements"; Value = "1"; VariantName = "[No Variations]"
Add component (AddParameter): Name = "Number of Terminals"; Value = "2"; VariantName = "[No Variations]"
Add component (AddParameter): Name = "Output Current"; Value = "100mA"; VariantName = "[No Variations]"
Add component (AddParameter): Name = "Packaging"; Value = "Cut Tape"; VariantName = "[No Variations]"
Add component (AddParameter): Name = "Parameter 1"; Value = "C124205"; VariantName = "[No Variations]"
Add component (AddParameter): Name = "Peak Non-Repetitive Surge Current"; Value = "600mA"; VariantName = "[No Variations]"
Add component (AddParameter): Name = "Peak Reverse Current"; Value = "2µA"; VariantName = "[No Variations]"
Add component (AddParameter): Name = "Pins"; Value = "2"; VariantName = "[No Variations]"
Add component (AddParameter): Name = "Polarity"; Value = "Standard"; VariantName = "[No Variations]"
Add component (AddParameter): Name = "Power Dissipation"; Value = "200mW"; VariantName = "[No Variations]"
Add component (AddParameter): Name = "Power Rating"; Value = "200mW"; VariantName = "[No Variations]"
Add component (AddParameter): Name = "Pricing"; Value = "1=0,1, 10=0,064, 100=0,0617, 500=0,04736, 1000=0,04232 (USD)"; VariantName = "[No Variations]"
Add component (AddParameter): Name = "Radiation Hardening"; Value = "No"; VariantName = "[No Variations]"
Add component (AddParameter): Name = "REACH SVHC"; Value = "Yes"; VariantName = "[No Variations]"
Add component (AddParameter): Name = "Reverse Recovery Time"; Value = "5ns"; VariantName = "[No Variations]"
Add component (AddParameter): Name = "Reverse Standoff Voltage"; Value = "25V"; VariantName = "[No Variations]"
Add component (AddParameter): Name = "Reverse Voltage"; Value = "21V"; VariantName = "[No Variations]"
Add component (AddParameter): Name = "RoHS"; Value = "Compliant"; VariantName = "[No Variations]"
Add component (AddParameter): Name = "Schedule B"; Value = "8541100070, 8541100070|8541100070|8541100070|8541100070|8541100070"; VariantName = "[No Variations]"
Add component (AddParameter): Name = "Stock"; Value = "46117"; VariantName = "[No Variations]"
Add component (AddParameter): Name = "Supplier"; Value = "DigiKey"; VariantName = "[No Variations]"
Add component (AddParameter): Name = "Supplier 1"; Value = "DigiKey"; VariantName = "[No Variations]"
Add component (AddParameter): Name = "Supplier Location 1"; Value = "US"; VariantName = "[No Variations]"
Add component (AddParameter): Name = "Supplier Packaging 1"; Value = "Cut Tape"; VariantName = "[No Variations]"
Add component (AddParameter): Name = "Supplier Part Number"; Value = "BAT54WS-FDICT-ND"; VariantName = "[No Variations]"
Add component (AddParameter): Name = "Supplier Part Number 1"; Value = "BAT54WS-FDICT-ND"; VariantName = "[No Variations]"
Add component (AddParameter): Name = "Supplier Unit Price 1"; Value = "$0.10"; VariantName = "[No Variations]"
Add component (AddParameter): Name = "Value"; Value = "10pF"; VariantName = "[No Variations]"
Add component (AddParameter): Name = "Voltage Rating (DC)"; Value = "30V"; VariantName = "[No Variations]"
Add component (AddParameter): Name = "Weight"; Value = "4.904468mg"; VariantName = "[No Variations]"
Add component (AddParameter): Name = "Width"; Value = "1.4mm"; VariantName = "[No Variations]"
Added Component: Designator=D4(Led 0402)
Add component (AddParameter): Name = "Case/Package"; Value = "0402"; VariantName = "[No Variations]"
Add component (AddParameter): Name = "Category"; Value = "LEDs"; VariantName = "[No Variations]"
Add component (AddParameter): Name = "Color"; Value = "Red"; VariantName = "[No Variations]"
Add component (AddParameter): Name = "ComponentLink1Description"; Value = "https://datasheet.octopart.com:443/150040RS73240-W%C3%BCrth-Elektronik-datasheet-140170125.pdf?src-supplier=Wurth+Elektronik"; VariantName = "[No Variations]"
Add component (AddParameter): Name = "ComponentLink1URL"; Value = "https://datasheet.octopart.com:443/150040RS73240-W%C3%BCrth-Elektronik-datasheet-140170125.pdf?src-supplier=Wurth+Elektronik"; VariantName = "[No Variations]"
Add component (AddParameter): Name = "Dominant Wavelength"; Value = "625nm"; VariantName = "[No Variations]"
Add component (AddParameter): Name = "Forward Current"; Value = "60mA"; VariantName = "[No Variations]"
Add component (AddParameter): Name = "Forward Voltage"; Value = "2V"; VariantName = "[No Variations]"
Add component (AddParameter): Name = "Height"; Value = "400µm"; VariantName = "[No Variations]"
Add component (AddParameter): Name = "Length"; Value = "1mm"; VariantName = "[No Variations]"
Add component (AddParameter): Name = "Lifecycle Status"; Value = "Production"; VariantName = "[No Variations]"
Add component (AddParameter): Name = "Luminous Intensity"; Value = "100mcd"; VariantName = "[No Variations]"
Add component (AddParameter): Name = "Manufacturer"; Value = "Wurth Elektronik"; VariantName = "[No Variations]"
Add component (AddParameter): Name = "Manufacturer Lifecycle Status"; Value = "ACTIVE"; VariantName = "[No Variations]"
Add component (AddParameter): Name = "Manufacturer Part Number"; Value = "150040RS73240"; VariantName = "[No Variations]"
Add component (AddParameter): Name = "Max Junction Temperature (Tj)"; Value = "95°C"; VariantName = "[No Variations]"
Add component (AddParameter): Name = "Max Operating Temperature"; Value = "85°C"; VariantName = "[No Variations]"
Add component (AddParameter): Name = "Max Reverse Voltage (DC)"; Value = "5V"; VariantName = "[No Variations]"
Add component (AddParameter): Name = "Min Operating Temperature"; Value = "-40°C"; VariantName = "[No Variations]"
Add component (AddParameter): Name = "Packaging"; Value = "Tape and Reel"; VariantName = "[No Variations]"
Add component (AddParameter): Name = "Peak Wavelength"; Value = "630nm"; VariantName = "[No Variations]"
Add component (AddParameter): Name = "Power Dissipation"; Value = "72mW"; VariantName = "[No Variations]"
Add component (AddParameter): Name = "Pricing"; Value = "1=0,32, 10=0,271, 100=0,244, 500=0,217, 1000=0,191 (USD)"; VariantName = "[No Variations]"
Add component (AddParameter): Name = "Reverse Voltage"; Value = "5V"; VariantName = "[No Variations]"
Add component (AddParameter): Name = "RoHS"; Value = "Compliant"; VariantName = "[No Variations]"
Add component (AddParameter): Name = "Stock"; Value = "5288"; VariantName = "[No Variations]"
Add component (AddParameter): Name = "Supplier"; Value = "DigiKey"; VariantName = "[No Variations]"
Add component (AddParameter): Name = "Supplier 1"; Value = "DigiKey"; VariantName = "[No Variations]"
Add component (AddParameter): Name = "Supplier Part Number"; Value = "732-11991-1-ND"; VariantName = "[No Variations]"
Add component (AddParameter): Name = "Supplier Part Number 1"; Value = "732-11991-1-ND"; VariantName = "[No Variations]"
Add component (AddParameter): Name = "Viewing Angle"; Value = "120°"; VariantName = "[No Variations]"
Add component (AddParameter): Name = "Wavelength"; Value = "625nm"; VariantName = "[No Variations]"
Add component (AddParameter): Name = "Width"; Value = "500µm"; VariantName = "[No Variations]"
Add component (AddParameter): Name = "YEOL"; Value = "1 = Estimated lifetime > 10 years"; VariantName = "[No Variations]"
Added Component: Designator=R1(R0201)
Add component (AddParameter): Name = "Case Code (Imperial)"; Value = "0201"; VariantName = "[No Variations]"
Add component (AddParameter): Name = "Case Code (Metric)"; Value = "0603"; VariantName = "[No Variations]"
Add component (AddParameter): Name = "Case/Package"; Value = "0201"; VariantName = "[No Variations]"
Add component (AddParameter): Name = "Category"; Value = "Chip SMD Resistors"; VariantName = "[No Variations]"
Add component (AddParameter): Name = "China RoHS"; Value = "Non-Compliant"; VariantName = "[No Variations]"
Add component (AddParameter): Name = "ComponentLink1Description"; Value = "https://datasheet.octopart.com:443/RC0201FR-07100RL-Yageo-datasheet-175887523.pdf?src-supplier=Newark"; VariantName = "[No Variations]"
Add component (AddParameter): Name = "ComponentLink1URL"; Value = "https://datasheet.octopart.com:443/RC0201FR-07100RL-Yageo-datasheet-175887523.pdf?src-supplier=Newark"; VariantName = "[No Variations]"
Add component (AddParameter): Name = "ComponentLink2Description"; Value = "https://datasheet.octopart.com:443/RC0201FR-07100RL-Yageo-datasheet-10025917.pdf?src-supplier=Newark"; VariantName = "[No Variations]"
Add component (AddParameter): Name = "ComponentLink2URL"; Value = "https://datasheet.octopart.com:443/RC0201FR-07100RL-Yageo-datasheet-10025917.pdf?src-supplier=Newark"; VariantName = "[No Variations]"
Add component (AddParameter): Name = "ComponentLink3Description"; Value = "https://datasheet.octopart.com:443/RC0201FR-07100RL-Yageo-datasheet-12509713.pdf?src-supplier=_legacy+Avnet"; VariantName = "[No Variations]"
Add component (AddParameter): Name = "ComponentLink3URL"; Value = "https://datasheet.octopart.com:443/RC0201FR-07100RL-Yageo-datasheet-12509713.pdf?src-supplier=_legacy+Avnet"; VariantName = "[No Variations]"
Add component (AddParameter): Name = "ComponentLink4Description"; Value = "https://datasheet.octopart.com:443/RC0201FR-07100RL-Yageo-datasheet-13314888.pdf?src-supplier=Upverter"; VariantName = "[No Variations]"
Add component (AddParameter): Name = "ComponentLink4URL"; Value = "https://datasheet.octopart.com:443/RC0201FR-07100RL-Yageo-datasheet-13314888.pdf?src-supplier=Upverter"; VariantName = "[No Variations]"
Add component (AddParameter): Name = "ComponentLink5Description"; Value = "https://datasheet.octopart.com:443/RC0201FR-07100RL-Yageo-datasheet-12549147.pdf?src-supplier=Upverter"; VariantName = "[No Variations]"
Add component (AddParameter): Name = "ComponentLink5URL"; Value = "https://datasheet.octopart.com:443/RC0201FR-07100RL-Yageo-datasheet-12549147.pdf?src-supplier=Upverter"; VariantName = "[No Variations]"
Add component (AddParameter): Name = "ComponentLink6Description"; Value = "https://datasheet.octopart.com:443/RC0201FR-07100RL-Yageo-datasheet-12509741.pdf?src-supplier=Upverter"; VariantName = "[No Variations]"
Add component (AddParameter): Name = "ComponentLink6URL"; Value = "https://datasheet.octopart.com:443/RC0201FR-07100RL-Yageo-datasheet-12509741.pdf?src-supplier=Upverter"; VariantName = "[No Variations]"
Add component (AddParameter): Name = "ComponentLink7Description"; Value = "https://datasheet.octopart.com:443/RC0201FR-07100RL-Yageo-datasheet-62067350.pdf?src-supplier=element14+APAC"; VariantName = "[No Variations]"
Add component (AddParameter): Name = "ComponentLink7URL"; Value = "https://datasheet.octopart.com:443/RC0201FR-07100RL-Yageo-datasheet-62067350.pdf?src-supplier=element14+APAC"; VariantName = "[No Variations]"
Add component (AddParameter): Name = "ComponentLink8Description"; Value = "https://datasheet.octopart.com:443/RC0201FR-07100RL-Yageo-datasheet-10911895.pdf?src-supplier=element14+APAC"; VariantName = "[No Variations]"
Add component (AddParameter): Name = "ComponentLink8URL"; Value = "https://datasheet.octopart.com:443/RC0201FR-07100RL-Yageo-datasheet-10911895.pdf?src-supplier=element14+APAC"; VariantName = "[No Variations]"
Add component (AddParameter): Name = "ComponentLink9Description"; Value = "https://datasheet.octopart.com:443/RC0201FR-07100RL-Yageo-Group-datasheet-176638170.pdf?src-supplier=Future+Electronics"; VariantName = "[No Variations]"
Add component (AddParameter): Name = "ComponentLink9URL"; Value = "https://datasheet.octopart.com:443/RC0201FR-07100RL-Yageo-Group-datasheet-176638170.pdf?src-supplier=Future+Electronics"; VariantName = "[No Variations]"
Add component (AddParameter): Name = "ComponentLink10Description"; Value = "https://datasheet.octopart.com:443/RC0201FR-07100RL-Yageo-datasheet-164759695.pdf?src-supplier=Future+Electronics"; VariantName = "[No Variations]"
Add component (AddParameter): Name = "ComponentLink10URL"; Value = "https://datasheet.octopart.com:443/RC0201FR-07100RL-Yageo-datasheet-164759695.pdf?src-supplier=Future+Electronics"; VariantName = "[No Variations]"
Add component (AddParameter): Name = "ComponentLink11Description"; Value = "https://datasheet.octopart.com:443/RC0201FR-07100RL-Yageo-datasheet-127823281.pdf?src-supplier=Future+Electronics"; VariantName = "[No Variations]"
Add component (AddParameter): Name = "ComponentLink11URL"; Value = "https://datasheet.octopart.com:443/RC0201FR-07100RL-Yageo-datasheet-127823281.pdf?src-supplier=Future+Electronics"; VariantName = "[No Variations]"
Add component (AddParameter): Name = "ComponentLink12Description"; Value = "https://datasheet.octopart.com:443/RC0201FR-07100RL-Yageo-datasheet-137700087.pdf?src-supplier=Future+Electronics"; VariantName = "[No Variations]"
Add component (AddParameter): Name = "ComponentLink12URL"; Value = "https://datasheet.octopart.com:443/RC0201FR-07100RL-Yageo-datasheet-137700087.pdf?src-supplier=Future+Electronics"; VariantName = "[No Variations]"
Add component (AddParameter): Name = "ComponentLink13Description"; Value = "https://datasheet.octopart.com:443/RC0201FR-07100RL-Yageo-datasheet-103092701.pdf?src-supplier=Future+Electronics"; VariantName = "[No Variations]"
Add component (AddParameter): Name = "ComponentLink13URL"; Value = "https://datasheet.octopart.com:443/RC0201FR-07100RL-Yageo-datasheet-103092701.pdf?src-supplier=Future+Electronics"; VariantName = "[No Variations]"
Add component (AddParameter): Name = "ComponentLink14Description"; Value = "https://datasheet.octopart.com:443/RC0201FR-07100RL-Yageo-datasheet-98239111.pdf?src-supplier=Future+Electronics"; VariantName = "[No Variations]"
Add component (AddParameter): Name = "ComponentLink14URL"; Value = "https://datasheet.octopart.com:443/RC0201FR-07100RL-Yageo-datasheet-98239111.pdf?src-supplier=Future+Electronics"; VariantName = "[No Variations]"
Add component (AddParameter): Name = "ComponentLink15Description"; Value = "https://datasheet.octopart.com:443/RC0201FR-07100RL-Yageo-datasheet-44382975.pdf?src-supplier=Future+Electronics"; VariantName = "[No Variations]"
Add component (AddParameter): Name = "ComponentLink15URL"; Value = "https://datasheet.octopart.com:443/RC0201FR-07100RL-Yageo-datasheet-44382975.pdf?src-supplier=Future+Electronics"; VariantName = "[No Variations]"
Add component (AddParameter): Name = "ComponentLink16Description"; Value = "https://datasheet.octopart.com:443/RC0201FR-07100RL-Yageo-datasheet-41589693.pdf?src-supplier=Future+Electronics"; VariantName = "[No Variations]"
Add component (AddParameter): Name = "ComponentLink16URL"; Value = "https://datasheet.octopart.com:443/RC0201FR-07100RL-Yageo-datasheet-41589693.pdf?src-supplier=Future+Electronics"; VariantName = "[No Variations]"
Add component (AddParameter): Name = "ComponentLink17Description"; Value = "https://datasheet.octopart.com:443/RC0201FR-07100RL-Yageo-datasheet-37140709.pdf?src-supplier=Future+Electronics"; VariantName = "[No Variations]"
Add component (AddParameter): Name = "ComponentLink17URL"; Value = "https://datasheet.octopart.com:443/RC0201FR-07100RL-Yageo-datasheet-37140709.pdf?src-supplier=Future+Electronics"; VariantName = "[No Variations]"
Add component (AddParameter): Name = "ComponentLink18Description"; Value = "https://datasheet.octopart.com:443/RC0201FR-07100RL-Yageo-datasheet-12509768.pdf?src-supplier=Future+Electronics"; VariantName = "[No Variations]"
Add component (AddParameter): Name = "ComponentLink18URL"; Value = "https://datasheet.octopart.com:443/RC0201FR-07100RL-Yageo-datasheet-12509768.pdf?src-supplier=Future+Electronics"; VariantName = "[No Variations]"
Add component (AddParameter): Name = "ComponentLink19Description"; Value = "https://datasheet.octopart.com:443/RC0201FR-07100RL-Yageo-datasheet-12590898.pdf?src-supplier=Future+Electronics"; VariantName = "[No Variations]"
Add component (AddParameter): Name = "ComponentLink19URL"; Value = "https://datasheet.octopart.com:443/RC0201FR-07100RL-Yageo-datasheet-12590898.pdf?src-supplier=Future+Electronics"; VariantName = "[No Variations]"
Add component (AddParameter): Name = "ComponentLink20Description"; Value = "https://datasheet.octopart.com:443/RC0201FR-07100RL-Yageo-datasheet-8325180.pdf?src-supplier=Future+Electronics"; VariantName = "[No Variations]"
Add component (AddParameter): Name = "ComponentLink20URL"; Value = "https://datasheet.octopart.com:443/RC0201FR-07100RL-Yageo-datasheet-8325180.pdf?src-supplier=Future+Electronics"; VariantName = "[No Variations]"
Add component (AddParameter): Name = "ComponentLink21Description"; Value = "https://datasheet.octopart.com:443/RC0201FR-07100RL-Yageo-datasheet-12535854.pdf?src-supplier=Future+Electronics"; VariantName = "[No Variations]"
Add component (AddParameter): Name = "ComponentLink21URL"; Value = "https://datasheet.octopart.com:443/RC0201FR-07100RL-Yageo-datasheet-12535854.pdf?src-supplier=Future+Electronics"; VariantName = "[No Variations]"
Add component (AddParameter): Name = "ComponentLink22Description"; Value = "https://datasheet.octopart.com:443/RC0201FR-07100RL-Yageo-datasheet-148775077.pdf?src-supplier=TME"; VariantName = "[No Variations]"
Add component (AddParameter): Name = "ComponentLink22URL"; Value = "https://datasheet.octopart.com:443/RC0201FR-07100RL-Yageo-datasheet-148775077.pdf?src-supplier=TME"; VariantName = "[No Variations]"
Add component (AddParameter): Name = "ComponentLink23Description"; Value = "https://datasheet.octopart.com/RC0201FR-07100RL-Yageo-datasheet-73766026.pdf"; VariantName = "[No Variations]"
Add component (AddParameter): Name = "ComponentLink23URL"; Value = "https://datasheet.octopart.com/RC0201FR-07100RL-Yageo-datasheet-73766026.pdf"; VariantName = "[No Variations]"
Add component (AddParameter): Name = "ComponentLink24Description"; Value = "http://sigma.octopart.com:80/conflict_mineral_statement/Yageo-company-3.pdf?src-supplier=Compliance+Statements"; VariantName = "[No Variations]"
Add component (AddParameter): Name = "ComponentLink24URL"; Value = "http://sigma.octopart.com:80/conflict_mineral_statement/Yageo-company-3.pdf?src-supplier=Compliance+Statements"; VariantName = "[No Variations]"
Add component (AddParameter): Name = "ComponentLink25Description"; Value = "http://sigma.octopart.com:80/rohs_statement/Yageo-company-2.pdf?src-supplier=Compliance+Statements"; VariantName = "[No Variations]"
Add component (AddParameter): Name = "ComponentLink25URL"; Value = "http://sigma.octopart.com:80/rohs_statement/Yageo-company-2.pdf?src-supplier=Compliance+Statements"; VariantName = "[No Variations]"
Add component (AddParameter): Name = "Composition"; Value = "Thick Film"; VariantName = "[No Variations]"
Add component (AddParameter): Name = "Contact Plating"; Value = "Tin"; VariantName = "[No Variations]"
Add component (AddParameter): Name = "Features"; Value = "Moisture Resistant"; VariantName = "[No Variations]"
Add component (AddParameter): Name = "Height"; Value = "230µm"; VariantName = "[No Variations]"
Add component (AddParameter): Name = "Lead Free"; Value = "Lead Free"; VariantName = "[No Variations]"
Add component (AddParameter): Name = "Length"; Value = "600µm"; VariantName = "[No Variations]"
Add component (AddParameter): Name = "Lifecycle Status"; Value = "Production"; VariantName = "[No Variations]"
Add component (AddParameter): Name = "Manufacturer"; Value = "Yageo Group"; VariantName = "[No Variations]"
Add component (AddParameter): Name = "Manufacturer Part Number"; Value = "RC0201FR-07100RL"; VariantName = "[No Variations]"
Add component (AddParameter): Name = "Max Operating Temperature"; Value = "125°C"; VariantName = "[No Variations]"
Add component (AddParameter): Name = "Max Power Dissipation"; Value = "50mW"; VariantName = "[No Variations]"
Add component (AddParameter): Name = "Min Operating Temperature"; Value = "-55°C"; VariantName = "[No Variations]"
Add component (AddParameter): Name = "Mounting Technology"; Value = "Surface Mount"; VariantName = "[No Variations]"
Add component (AddParameter): Name = "Number of Terminals"; Value = "2"; VariantName = "[No Variations]"
Add component (AddParameter): Name = "Number of Terminations"; Value = "2"; VariantName = "[No Variations]"
Add component (AddParameter): Name = "Power Rating"; Value = "50mW"; VariantName = "[No Variations]"
Add component (AddParameter): Name = "Pricing"; Value = "1=0,1, 10=0,034, 25=0,0252, 50=0,0204, 100=0,0168, 250=0,01316, 500=0,01112, 1000=0,00952, 5000=0,00698 (USD)"; VariantName = "[No Variations]"
Add component (AddParameter): Name = "Radiation Hardening"; Value = "No"; VariantName = "[No Variations]"
Add component (AddParameter): Name = "REACH SVHC"; Value = "Yes"; VariantName = "[No Variations]"
Add component (AddParameter): Name = "RoHS"; Value = "Compliant"; VariantName = "[No Variations]"
Add component (AddParameter): Name = "Schedule B"; Value = "8533210045, 8533210045|8533210045|8533210045|8533210045|8533210045|8533210045|8533210045|8533210045|8533210045|8533210045|8533210045|8533210045|8533210045|8533210045|8533210045|8533210045|8533210045|8533210045|8533210045|8533210045|8533210045|8533210045|8533210045|85"; VariantName = "[No Variations]"
Add component (AddParameter): Name = "Stock"; Value = "481195"; VariantName = "[No Variations]"
Add component (AddParameter): Name = "Supplier"; Value = "DigiKey"; VariantName = "[No Variations]"
Add component (AddParameter): Name = "Supplier 1"; Value = "DigiKey"; VariantName = "[No Variations]"
Add component (AddParameter): Name = "Supplier Part Number"; Value = "311-100MCT-ND"; VariantName = "[No Variations]"
Add component (AddParameter): Name = "Supplier Part Number 1"; Value = "311-100MCT-ND"; VariantName = "[No Variations]"
Add component (AddParameter): Name = "Temperature Coefficient"; Value = "200ppm/°C"; VariantName = "[No Variations]"
Add component (AddParameter): Name = "Termination"; Value = "SMD/SMT"; VariantName = "[No Variations]"
Add component (AddParameter): Name = "Tolerance"; Value = "1%"; VariantName = "[No Variations]"
Add component (AddParameter): Name = "Value"; Value = "100O"; VariantName = "[No Variations]"
Add component (AddParameter): Name = "Voltage Rating"; Value = "25V"; VariantName = "[No Variations]"
Add component (AddParameter): Name = "Width"; Value = "300µm"; VariantName = "[No Variations]"
Add component (AddParameter): Name = "Working Voltage"; Value = "25V"; VariantName = "[No Variations]"
Added Component: Designator=R2(R0201)
Add component (AddParameter): Name = "Case Code (Imperial)"; Value = "0201"; VariantName = "[No Variations]"
Add component (AddParameter): Name = "Case Code (Metric)"; Value = "0603"; VariantName = "[No Variations]"
Add component (AddParameter): Name = "Case/Package"; Value = "0201"; VariantName = "[No Variations]"
Add component (AddParameter): Name = "Category"; Value = "Chip SMD Resistors"; VariantName = "[No Variations]"
Add component (AddParameter): Name = "China RoHS"; Value = "Non-Compliant"; VariantName = "[No Variations]"
Add component (AddParameter): Name = "ComponentLink1Description"; Value = "https://datasheet.octopart.com:443/RC0201FR-07100RL-Yageo-datasheet-175887523.pdf?src-supplier=Newark"; VariantName = "[No Variations]"
Add component (AddParameter): Name = "ComponentLink1URL"; Value = "https://datasheet.octopart.com:443/RC0201FR-07100RL-Yageo-datasheet-175887523.pdf?src-supplier=Newark"; VariantName = "[No Variations]"
Add component (AddParameter): Name = "ComponentLink2Description"; Value = "https://datasheet.octopart.com:443/RC0201FR-07100RL-Yageo-datasheet-10025917.pdf?src-supplier=Newark"; VariantName = "[No Variations]"
Add component (AddParameter): Name = "ComponentLink2URL"; Value = "https://datasheet.octopart.com:443/RC0201FR-07100RL-Yageo-datasheet-10025917.pdf?src-supplier=Newark"; VariantName = "[No Variations]"
Add component (AddParameter): Name = "ComponentLink3Description"; Value = "https://datasheet.octopart.com:443/RC0201FR-07100RL-Yageo-datasheet-12509713.pdf?src-supplier=_legacy+Avnet"; VariantName = "[No Variations]"
Add component (AddParameter): Name = "ComponentLink3URL"; Value = "https://datasheet.octopart.com:443/RC0201FR-07100RL-Yageo-datasheet-12509713.pdf?src-supplier=_legacy+Avnet"; VariantName = "[No Variations]"
Add component (AddParameter): Name = "ComponentLink4Description"; Value = "https://datasheet.octopart.com:443/RC0201FR-07100RL-Yageo-datasheet-13314888.pdf?src-supplier=Upverter"; VariantName = "[No Variations]"
Add component (AddParameter): Name = "ComponentLink4URL"; Value = "https://datasheet.octopart.com:443/RC0201FR-07100RL-Yageo-datasheet-13314888.pdf?src-supplier=Upverter"; VariantName = "[No Variations]"
Add component (AddParameter): Name = "ComponentLink5Description"; Value = "https://datasheet.octopart.com:443/RC0201FR-07100RL-Yageo-datasheet-12549147.pdf?src-supplier=Upverter"; VariantName = "[No Variations]"
Add component (AddParameter): Name = "ComponentLink5URL"; Value = "https://datasheet.octopart.com:443/RC0201FR-07100RL-Yageo-datasheet-12549147.pdf?src-supplier=Upverter"; VariantName = "[No Variations]"
Add component (AddParameter): Name = "ComponentLink6Description"; Value = "https://datasheet.octopart.com:443/RC0201FR-07100RL-Yageo-datasheet-12509741.pdf?src-supplier=Upverter"; VariantName = "[No Variations]"
Add component (AddParameter): Name = "ComponentLink6URL"; Value = "https://datasheet.octopart.com:443/RC0201FR-07100RL-Yageo-datasheet-12509741.pdf?src-supplier=Upverter"; VariantName = "[No Variations]"
Add component (AddParameter): Name = "ComponentLink7Description"; Value = "https://datasheet.octopart.com:443/RC0201FR-07100RL-Yageo-datasheet-62067350.pdf?src-supplier=element14+APAC"; VariantName = "[No Variations]"
Add component (AddParameter): Name = "ComponentLink7URL"; Value = "https://datasheet.octopart.com:443/RC0201FR-07100RL-Yageo-datasheet-62067350.pdf?src-supplier=element14+APAC"; VariantName = "[No Variations]"
Add component (AddParameter): Name = "ComponentLink8Description"; Value = "https://datasheet.octopart.com:443/RC0201FR-07100RL-Yageo-datasheet-10911895.pdf?src-supplier=element14+APAC"; VariantName = "[No Variations]"
Add component (AddParameter): Name = "ComponentLink8URL"; Value = "https://datasheet.octopart.com:443/RC0201FR-07100RL-Yageo-datasheet-10911895.pdf?src-supplier=element14+APAC"; VariantName = "[No Variations]"
Add component (AddParameter): Name = "ComponentLink9Description"; Value = "https://datasheet.octopart.com:443/RC0201FR-07100RL-Yageo-Group-datasheet-176638170.pdf?src-supplier=Future+Electronics"; VariantName = "[No Variations]"
Add component (AddParameter): Name = "ComponentLink9URL"; Value = "https://datasheet.octopart.com:443/RC0201FR-07100RL-Yageo-Group-datasheet-176638170.pdf?src-supplier=Future+Electronics"; VariantName = "[No Variations]"
Add component (AddParameter): Name = "ComponentLink10Description"; Value = "https://datasheet.octopart.com:443/RC0201FR-07100RL-Yageo-datasheet-164759695.pdf?src-supplier=Future+Electronics"; VariantName = "[No Variations]"
Add component (AddParameter): Name = "ComponentLink10URL"; Value = "https://datasheet.octopart.com:443/RC0201FR-07100RL-Yageo-datasheet-164759695.pdf?src-supplier=Future+Electronics"; VariantName = "[No Variations]"
Add component (AddParameter): Name = "ComponentLink11Description"; Value = "https://datasheet.octopart.com:443/RC0201FR-07100RL-Yageo-datasheet-127823281.pdf?src-supplier=Future+Electronics"; VariantName = "[No Variations]"
Add component (AddParameter): Name = "ComponentLink11URL"; Value = "https://datasheet.octopart.com:443/RC0201FR-07100RL-Yageo-datasheet-127823281.pdf?src-supplier=Future+Electronics"; VariantName = "[No Variations]"
Add component (AddParameter): Name = "ComponentLink12Description"; Value = "https://datasheet.octopart.com:443/RC0201FR-07100RL-Yageo-datasheet-137700087.pdf?src-supplier=Future+Electronics"; VariantName = "[No Variations]"
Add component (AddParameter): Name = "ComponentLink12URL"; Value = "https://datasheet.octopart.com:443/RC0201FR-07100RL-Yageo-datasheet-137700087.pdf?src-supplier=Future+Electronics"; VariantName = "[No Variations]"
Add component (AddParameter): Name = "ComponentLink13Description"; Value = "https://datasheet.octopart.com:443/RC0201FR-07100RL-Yageo-datasheet-103092701.pdf?src-supplier=Future+Electronics"; VariantName = "[No Variations]"
Add component (AddParameter): Name = "ComponentLink13URL"; Value = "https://datasheet.octopart.com:443/RC0201FR-07100RL-Yageo-datasheet-103092701.pdf?src-supplier=Future+Electronics"; VariantName = "[No Variations]"
Add component (AddParameter): Name = "ComponentLink14Description"; Value = "https://datasheet.octopart.com:443/RC0201FR-07100RL-Yageo-datasheet-98239111.pdf?src-supplier=Future+Electronics"; VariantName = "[No Variations]"
Add component (AddParameter): Name = "ComponentLink14URL"; Value = "https://datasheet.octopart.com:443/RC0201FR-07100RL-Yageo-datasheet-98239111.pdf?src-supplier=Future+Electronics"; VariantName = "[No Variations]"
Add component (AddParameter): Name = "ComponentLink15Description"; Value = "https://datasheet.octopart.com:443/RC0201FR-07100RL-Yageo-datasheet-44382975.pdf?src-supplier=Future+Electronics"; VariantName = "[No Variations]"
Add component (AddParameter): Name = "ComponentLink15URL"; Value = "https://datasheet.octopart.com:443/RC0201FR-07100RL-Yageo-datasheet-44382975.pdf?src-supplier=Future+Electronics"; VariantName = "[No Variations]"
Add component (AddParameter): Name = "ComponentLink16Description"; Value = "https://datasheet.octopart.com:443/RC0201FR-07100RL-Yageo-datasheet-41589693.pdf?src-supplier=Future+Electronics"; VariantName = "[No Variations]"
Add component (AddParameter): Name = "ComponentLink16URL"; Value = "https://datasheet.octopart.com:443/RC0201FR-07100RL-Yageo-datasheet-41589693.pdf?src-supplier=Future+Electronics"; VariantName = "[No Variations]"
Add component (AddParameter): Name = "ComponentLink17Description"; Value = "https://datasheet.octopart.com:443/RC0201FR-07100RL-Yageo-datasheet-37140709.pdf?src-supplier=Future+Electronics"; VariantName = "[No Variations]"
Add component (AddParameter): Name = "ComponentLink17URL"; Value = "https://datasheet.octopart.com:443/RC0201FR-07100RL-Yageo-datasheet-37140709.pdf?src-supplier=Future+Electronics"; VariantName = "[No Variations]"
Add component (AddParameter): Name = "ComponentLink18Description"; Value = "https://datasheet.octopart.com:443/RC0201FR-07100RL-Yageo-datasheet-12509768.pdf?src-supplier=Future+Electronics"; VariantName = "[No Variations]"
Add component (AddParameter): Name = "ComponentLink18URL"; Value = "https://datasheet.octopart.com:443/RC0201FR-07100RL-Yageo-datasheet-12509768.pdf?src-supplier=Future+Electronics"; VariantName = "[No Variations]"
Add component (AddParameter): Name = "ComponentLink19Description"; Value = "https://datasheet.octopart.com:443/RC0201FR-07100RL-Yageo-datasheet-12590898.pdf?src-supplier=Future+Electronics"; VariantName = "[No Variations]"
Add component (AddParameter): Name = "ComponentLink19URL"; Value = "https://datasheet.octopart.com:443/RC0201FR-07100RL-Yageo-datasheet-12590898.pdf?src-supplier=Future+Electronics"; VariantName = "[No Variations]"
Add component (AddParameter): Name = "ComponentLink20Description"; Value = "https://datasheet.octopart.com:443/RC0201FR-07100RL-Yageo-datasheet-8325180.pdf?src-supplier=Future+Electronics"; VariantName = "[No Variations]"
Add component (AddParameter): Name = "ComponentLink20URL"; Value = "https://datasheet.octopart.com:443/RC0201FR-07100RL-Yageo-datasheet-8325180.pdf?src-supplier=Future+Electronics"; VariantName = "[No Variations]"
Add component (AddParameter): Name = "ComponentLink21Description"; Value = "https://datasheet.octopart.com:443/RC0201FR-07100RL-Yageo-datasheet-12535854.pdf?src-supplier=Future+Electronics"; VariantName = "[No Variations]"
Add component (AddParameter): Name = "ComponentLink21URL"; Value = "https://datasheet.octopart.com:443/RC0201FR-07100RL-Yageo-datasheet-12535854.pdf?src-supplier=Future+Electronics"; VariantName = "[No Variations]"
Add component (AddParameter): Name = "ComponentLink22Description"; Value = "https://datasheet.octopart.com:443/RC0201FR-07100RL-Yageo-datasheet-148775077.pdf?src-supplier=TME"; VariantName = "[No Variations]"
Add component (AddParameter): Name = "ComponentLink22URL"; Value = "https://datasheet.octopart.com:443/RC0201FR-07100RL-Yageo-datasheet-148775077.pdf?src-supplier=TME"; VariantName = "[No Variations]"
Add component (AddParameter): Name = "ComponentLink23Description"; Value = "https://datasheet.octopart.com/RC0201FR-07100RL-Yageo-datasheet-73766026.pdf"; VariantName = "[No Variations]"
Add component (AddParameter): Name = "ComponentLink23URL"; Value = "https://datasheet.octopart.com/RC0201FR-07100RL-Yageo-datasheet-73766026.pdf"; VariantName = "[No Variations]"
Add component (AddParameter): Name = "ComponentLink24Description"; Value = "http://sigma.octopart.com:80/conflict_mineral_statement/Yageo-company-3.pdf?src-supplier=Compliance+Statements"; VariantName = "[No Variations]"
Add component (AddParameter): Name = "ComponentLink24URL"; Value = "http://sigma.octopart.com:80/conflict_mineral_statement/Yageo-company-3.pdf?src-supplier=Compliance+Statements"; VariantName = "[No Variations]"
Add component (AddParameter): Name = "ComponentLink25Description"; Value = "http://sigma.octopart.com:80/rohs_statement/Yageo-company-2.pdf?src-supplier=Compliance+Statements"; VariantName = "[No Variations]"
Add component (AddParameter): Name = "ComponentLink25URL"; Value = "http://sigma.octopart.com:80/rohs_statement/Yageo-company-2.pdf?src-supplier=Compliance+Statements"; VariantName = "[No Variations]"
Add component (AddParameter): Name = "Composition"; Value = "Thick Film"; VariantName = "[No Variations]"
Add component (AddParameter): Name = "Contact Plating"; Value = "Tin"; VariantName = "[No Variations]"
Add component (AddParameter): Name = "Features"; Value = "Moisture Resistant"; VariantName = "[No Variations]"
Add component (AddParameter): Name = "Height"; Value = "230µm"; VariantName = "[No Variations]"
Add component (AddParameter): Name = "Lead Free"; Value = "Lead Free"; VariantName = "[No Variations]"
Add component (AddParameter): Name = "Length"; Value = "600µm"; VariantName = "[No Variations]"
Add component (AddParameter): Name = "Lifecycle Status"; Value = "Production"; VariantName = "[No Variations]"
Add component (AddParameter): Name = "Manufacturer"; Value = "Yageo Group"; VariantName = "[No Variations]"
Add component (AddParameter): Name = "Manufacturer Part Number"; Value = "RC0201FR-07100RL"; VariantName = "[No Variations]"
Add component (AddParameter): Name = "Max Operating Temperature"; Value = "125°C"; VariantName = "[No Variations]"
Add component (AddParameter): Name = "Max Power Dissipation"; Value = "50mW"; VariantName = "[No Variations]"
Add component (AddParameter): Name = "Min Operating Temperature"; Value = "-55°C"; VariantName = "[No Variations]"
Add component (AddParameter): Name = "Mounting Technology"; Value = "Surface Mount"; VariantName = "[No Variations]"
Add component (AddParameter): Name = "Number of Terminals"; Value = "2"; VariantName = "[No Variations]"
Add component (AddParameter): Name = "Number of Terminations"; Value = "2"; VariantName = "[No Variations]"
Add component (AddParameter): Name = "Power Rating"; Value = "50mW"; VariantName = "[No Variations]"
Add component (AddParameter): Name = "Pricing"; Value = "1=0,1, 10=0,034, 25=0,0252, 50=0,0204, 100=0,0168, 250=0,01316, 500=0,01112, 1000=0,00952, 5000=0,00698 (USD)"; VariantName = "[No Variations]"
Add component (AddParameter): Name = "Radiation Hardening"; Value = "No"; VariantName = "[No Variations]"
Add component (AddParameter): Name = "REACH SVHC"; Value = "Yes"; VariantName = "[No Variations]"
Add component (AddParameter): Name = "RoHS"; Value = "Compliant"; VariantName = "[No Variations]"
Add component (AddParameter): Name = "Schedule B"; Value = "8533210045, 8533210045|8533210045|8533210045|8533210045|8533210045|8533210045|8533210045|8533210045|8533210045|8533210045|8533210045|8533210045|8533210045|8533210045|8533210045|8533210045|8533210045|8533210045|8533210045|8533210045|8533210045|8533210045|8533210045|85"; VariantName = "[No Variations]"
Add component (AddParameter): Name = "Stock"; Value = "481195"; VariantName = "[No Variations]"
Add component (AddParameter): Name = "Supplier"; Value = "DigiKey"; VariantName = "[No Variations]"
Add component (AddParameter): Name = "Supplier 1"; Value = "DigiKey"; VariantName = "[No Variations]"
Add component (AddParameter): Name = "Supplier Part Number"; Value = "311-100MCT-ND"; VariantName = "[No Variations]"
Add component (AddParameter): Name = "Supplier Part Number 1"; Value = "311-100MCT-ND"; VariantName = "[No Variations]"
Add component (AddParameter): Name = "Temperature Coefficient"; Value = "200ppm/°C"; VariantName = "[No Variations]"
Add component (AddParameter): Name = "Termination"; Value = "SMD/SMT"; VariantName = "[No Variations]"
Add component (AddParameter): Name = "Tolerance"; Value = "1%"; VariantName = "[No Variations]"
Add component (AddParameter): Name = "Value"; Value = "100O"; VariantName = "[No Variations]"
Add component (AddParameter): Name = "Voltage Rating"; Value = "25V"; VariantName = "[No Variations]"
Add component (AddParameter): Name = "Width"; Value = "300µm"; VariantName = "[No Variations]"
Add component (AddParameter): Name = "Working Voltage"; Value = "25V"; VariantName = "[No Variations]"
Added Component: Designator=R3(R0201)
Add component (AddParameter): Name = "Case Code (Imperial)"; Value = "0201"; VariantName = "[No Variations]"
Add component (AddParameter): Name = "Case Code (Metric)"; Value = "0603"; VariantName = "[No Variations]"
Add component (AddParameter): Name = "Case/Package"; Value = "0201"; VariantName = "[No Variations]"
Add component (AddParameter): Name = "Category"; Value = "Chip SMD Resistors"; VariantName = "[No Variations]"
Add component (AddParameter): Name = "China RoHS"; Value = "Non-Compliant"; VariantName = "[No Variations]"
Add component (AddParameter): Name = "ComponentLink1Description"; Value = "https://datasheet.octopart.com:443/RC0201JR-0782RL-Yageo-datasheet-175887523.pdf?src-supplier=IHS"; VariantName = "[No Variations]"
Add component (AddParameter): Name = "ComponentLink1URL"; Value = "https://datasheet.octopart.com:443/RC0201JR-0782RL-Yageo-datasheet-175887523.pdf?src-supplier=IHS"; VariantName = "[No Variations]"
Add component (AddParameter): Name = "ComponentLink2Description"; Value = "https://datasheet.octopart.com:443/RC0201JR-0782RL-Yageo-Group-datasheet-176638170.pdf?src-supplier=Future+Electronics"; VariantName = "[No Variations]"
Add component (AddParameter): Name = "ComponentLink2URL"; Value = "https://datasheet.octopart.com:443/RC0201JR-0782RL-Yageo-Group-datasheet-176638170.pdf?src-supplier=Future+Electronics"; VariantName = "[No Variations]"
Add component (AddParameter): Name = "ComponentLink3Description"; Value = "https://datasheet.octopart.com:443/RC0201JR-0782RL-Yageo-datasheet-164759695.pdf?src-supplier=Future+Electronics"; VariantName = "[No Variations]"
Add component (AddParameter): Name = "ComponentLink3URL"; Value = "https://datasheet.octopart.com:443/RC0201JR-0782RL-Yageo-datasheet-164759695.pdf?src-supplier=Future+Electronics"; VariantName = "[No Variations]"
Add component (AddParameter): Name = "ComponentLink4Description"; Value = "https://datasheet.octopart.com:443/RC0201JR-0782RL-Yageo-datasheet-127823281.pdf?src-supplier=Future+Electronics"; VariantName = "[No Variations]"
Add component (AddParameter): Name = "ComponentLink4URL"; Value = "https://datasheet.octopart.com:443/RC0201JR-0782RL-Yageo-datasheet-127823281.pdf?src-supplier=Future+Electronics"; VariantName = "[No Variations]"
Add component (AddParameter): Name = "ComponentLink5Description"; Value = "https://datasheet.octopart.com:443/RC0201JR-0782RL-Yageo-datasheet-137700087.pdf?src-supplier=Future+Electronics"; VariantName = "[No Variations]"
Add component (AddParameter): Name = "ComponentLink5URL"; Value = "https://datasheet.octopart.com:443/RC0201JR-0782RL-Yageo-datasheet-137700087.pdf?src-supplier=Future+Electronics"; VariantName = "[No Variations]"
Add component (AddParameter): Name = "ComponentLink6Description"; Value = "https://datasheet.octopart.com:443/RC0201JR-0782RL-Yageo-datasheet-103092701.pdf?src-supplier=Future+Electronics"; VariantName = "[No Variations]"
Add component (AddParameter): Name = "ComponentLink6URL"; Value = "https://datasheet.octopart.com:443/RC0201JR-0782RL-Yageo-datasheet-103092701.pdf?src-supplier=Future+Electronics"; VariantName = "[No Variations]"
Add component (AddParameter): Name = "ComponentLink7Description"; Value = "https://datasheet.octopart.com:443/RC0201JR-0782RL-Yageo-datasheet-98239111.pdf?src-supplier=Future+Electronics"; VariantName = "[No Variations]"
Add component (AddParameter): Name = "ComponentLink7URL"; Value = "https://datasheet.octopart.com:443/RC0201JR-0782RL-Yageo-datasheet-98239111.pdf?src-supplier=Future+Electronics"; VariantName = "[No Variations]"
Add component (AddParameter): Name = "ComponentLink8Description"; Value = "https://datasheet.octopart.com:443/RC0201JR-0782RL-Yageo-datasheet-37140709.pdf?src-supplier=Future+Electronics"; VariantName = "[No Variations]"
Add component (AddParameter): Name = "ComponentLink8URL"; Value = "https://datasheet.octopart.com:443/RC0201JR-0782RL-Yageo-datasheet-37140709.pdf?src-supplier=Future+Electronics"; VariantName = "[No Variations]"
Add component (AddParameter): Name = "ComponentLink9Description"; Value = "https://datasheet.octopart.com:443/RC0201JR-0782RL-Yageo-datasheet-12590898.pdf?src-supplier=Future+Electronics"; VariantName = "[No Variations]"
Add component (AddParameter): Name = "ComponentLink9URL"; Value = "https://datasheet.octopart.com:443/RC0201JR-0782RL-Yageo-datasheet-12590898.pdf?src-supplier=Future+Electronics"; VariantName = "[No Variations]"
Add component (AddParameter): Name = "ComponentLink10Description"; Value = "https://datasheet.octopart.com:443/RC0201JR-0782RL-Yageo-datasheet-12509713.pdf?src-supplier=Future+Electronics"; VariantName = "[No Variations]"
Add component (AddParameter): Name = "ComponentLink10URL"; Value = "https://datasheet.octopart.com:443/RC0201JR-0782RL-Yageo-datasheet-12509713.pdf?src-supplier=Future+Electronics"; VariantName = "[No Variations]"
Add component (AddParameter): Name = "ComponentLink11Description"; Value = "https://datasheet.octopart.com:443/RC0201JR-0782RL-Yageo-datasheet-8325180.pdf?src-supplier=Future+Electronics"; VariantName = "[No Variations]"
Add component (AddParameter): Name = "ComponentLink11URL"; Value = "https://datasheet.octopart.com:443/RC0201JR-0782RL-Yageo-datasheet-8325180.pdf?src-supplier=Future+Electronics"; VariantName = "[No Variations]"
Add component (AddParameter): Name = "ComponentLink12Description"; Value = "https://datasheet.octopart.com:443/RC0201JR-0782RL-Yageo-datasheet-12535854.pdf?src-supplier=Future+Electronics"; VariantName = "[No Variations]"
Add component (AddParameter): Name = "ComponentLink12URL"; Value = "https://datasheet.octopart.com:443/RC0201JR-0782RL-Yageo-datasheet-12535854.pdf?src-supplier=Future+Electronics"; VariantName = "[No Variations]"
Add component (AddParameter): Name = "ComponentLink13Description"; Value = "https://datasheet.octopart.com/RC0201JR-0782RL-Yageo-datasheet-73766026.pdf"; VariantName = "[No Variations]"
Add component (AddParameter): Name = "ComponentLink13URL"; Value = "https://datasheet.octopart.com/RC0201JR-0782RL-Yageo-datasheet-73766026.pdf"; VariantName = "[No Variations]"
Add component (AddParameter): Name = "ComponentLink14Description"; Value = "http://sigma.octopart.com:80/conflict_mineral_statement/Yageo-company-3.pdf?src-supplier=Compliance+Statements"; VariantName = "[No Variations]"
Add component (AddParameter): Name = "ComponentLink14URL"; Value = "http://sigma.octopart.com:80/conflict_mineral_statement/Yageo-company-3.pdf?src-supplier=Compliance+Statements"; VariantName = "[No Variations]"
Add component (AddParameter): Name = "ComponentLink15Description"; Value = "http://sigma.octopart.com:80/rohs_statement/Yageo-company-2.pdf?src-supplier=Compliance+Statements"; VariantName = "[No Variations]"
Add component (AddParameter): Name = "ComponentLink15URL"; Value = "http://sigma.octopart.com:80/rohs_statement/Yageo-company-2.pdf?src-supplier=Compliance+Statements"; VariantName = "[No Variations]"
Add component (AddParameter): Name = "Composition"; Value = "Thick Film"; VariantName = "[No Variations]"
Add component (AddParameter): Name = "Contact Plating"; Value = "Tin"; VariantName = "[No Variations]"
Add component (AddParameter): Name = "Features"; Value = "Moisture Resistant"; VariantName = "[No Variations]"
Add component (AddParameter): Name = "Height"; Value = "230µm"; VariantName = "[No Variations]"
Add component (AddParameter): Name = "Lead Free"; Value = "Lead Free"; VariantName = "[No Variations]"
Add component (AddParameter): Name = "Length"; Value = "600µm"; VariantName = "[No Variations]"
Add component (AddParameter): Name = "Lifecycle Status"; Value = "Production"; VariantName = "[No Variations]"
Add component (AddParameter): Name = "Manufacturer"; Value = "Yageo Group"; VariantName = "[No Variations]"
Add component (AddParameter): Name = "Manufacturer Part Number"; Value = "RC0201JR-0782RL"; VariantName = "[No Variations]"
Add component (AddParameter): Name = "Max Operating Temperature"; Value = "125°C"; VariantName = "[No Variations]"
Add component (AddParameter): Name = "Max Power Dissipation"; Value = "50mW"; VariantName = "[No Variations]"
Add component (AddParameter): Name = "Min Operating Temperature"; Value = "-55°C"; VariantName = "[No Variations]"
Add component (AddParameter): Name = "Mounting Technology"; Value = "Surface Mount"; VariantName = "[No Variations]"
Add component (AddParameter): Name = "Number of Terminals"; Value = "2"; VariantName = "[No Variations]"
Add component (AddParameter): Name = "Number of Terminations"; Value = "2"; VariantName = "[No Variations]"
Add component (AddParameter): Name = "Power Rating"; Value = "50mW"; VariantName = "[No Variations]"
Add component (AddParameter): Name = "Pricing"; Value = "1=0,1, 10=0,028, 25=0,0204, 50=0,0166, 100=0,0135, 250=0,01048, 500=0,00878, 1000=0,00744, 5000=0,00534 (USD)"; VariantName = "[No Variations]"
Add component (AddParameter): Name = "Radiation Hardening"; Value = "No"; VariantName = "[No Variations]"
Add component (AddParameter): Name = "REACH SVHC"; Value = "Yes"; VariantName = "[No Variations]"
Add component (AddParameter): Name = "RoHS"; Value = "Compliant"; VariantName = "[No Variations]"
Add component (AddParameter): Name = "Stock"; Value = "21905"; VariantName = "[No Variations]"
Add component (AddParameter): Name = "Supplier"; Value = "DigiKey"; VariantName = "[No Variations]"
Add component (AddParameter): Name = "Supplier 1"; Value = "DigiKey"; VariantName = "[No Variations]"
Add component (AddParameter): Name = "Supplier Part Number"; Value = "YAG2365CT-ND"; VariantName = "[No Variations]"
Add component (AddParameter): Name = "Supplier Part Number 1"; Value = "YAG2365CT-ND"; VariantName = "[No Variations]"
Add component (AddParameter): Name = "Temperature Coefficient"; Value = "200ppm/°C"; VariantName = "[No Variations]"
Add component (AddParameter): Name = "Termination"; Value = "SMD/SMT"; VariantName = "[No Variations]"
Add component (AddParameter): Name = "Tolerance"; Value = "5%"; VariantName = "[No Variations]"
Add component (AddParameter): Name = "Value"; Value = "82O"; VariantName = "[No Variations]"
Add component (AddParameter): Name = "Voltage Rating"; Value = "25V"; VariantName = "[No Variations]"
Add component (AddParameter): Name = "Width"; Value = "300µm"; VariantName = "[No Variations]"
Add component (AddParameter): Name = "Working Voltage"; Value = "25V"; VariantName = "[No Variations]"
Added Component: Designator=R4(R0201)
Add component (AddParameter): Name = "Case Code (Imperial)"; Value = "0201"; VariantName = "[No Variations]"
Add component (AddParameter): Name = "Case Code (Metric)"; Value = "0603"; VariantName = "[No Variations]"
Add component (AddParameter): Name = "Case/Package"; Value = "0201"; VariantName = "[No Variations]"
Add component (AddParameter): Name = "Category"; Value = "Chip SMD Resistors"; VariantName = "[No Variations]"
Add component (AddParameter): Name = "China RoHS"; Value = "Non-Compliant"; VariantName = "[No Variations]"
Add component (AddParameter): Name = "ComponentLink1Description"; Value = "https://datasheet.octopart.com:443/RC0201JR-0782RL-Yageo-datasheet-175887523.pdf?src-supplier=IHS"; VariantName = "[No Variations]"
Add component (AddParameter): Name = "ComponentLink1URL"; Value = "https://datasheet.octopart.com:443/RC0201JR-0782RL-Yageo-datasheet-175887523.pdf?src-supplier=IHS"; VariantName = "[No Variations]"
Add component (AddParameter): Name = "ComponentLink2Description"; Value = "https://datasheet.octopart.com:443/RC0201JR-0782RL-Yageo-Group-datasheet-176638170.pdf?src-supplier=Future+Electronics"; VariantName = "[No Variations]"
Add component (AddParameter): Name = "ComponentLink2URL"; Value = "https://datasheet.octopart.com:443/RC0201JR-0782RL-Yageo-Group-datasheet-176638170.pdf?src-supplier=Future+Electronics"; VariantName = "[No Variations]"
Add component (AddParameter): Name = "ComponentLink3Description"; Value = "https://datasheet.octopart.com:443/RC0201JR-0782RL-Yageo-datasheet-164759695.pdf?src-supplier=Future+Electronics"; VariantName = "[No Variations]"
Add component (AddParameter): Name = "ComponentLink3URL"; Value = "https://datasheet.octopart.com:443/RC0201JR-0782RL-Yageo-datasheet-164759695.pdf?src-supplier=Future+Electronics"; VariantName = "[No Variations]"
Add component (AddParameter): Name = "ComponentLink4Description"; Value = "https://datasheet.octopart.com:443/RC0201JR-0782RL-Yageo-datasheet-127823281.pdf?src-supplier=Future+Electronics"; VariantName = "[No Variations]"
Add component (AddParameter): Name = "ComponentLink4URL"; Value = "https://datasheet.octopart.com:443/RC0201JR-0782RL-Yageo-datasheet-127823281.pdf?src-supplier=Future+Electronics"; VariantName = "[No Variations]"
Add component (AddParameter): Name = "ComponentLink5Description"; Value = "https://datasheet.octopart.com:443/RC0201JR-0782RL-Yageo-datasheet-137700087.pdf?src-supplier=Future+Electronics"; VariantName = "[No Variations]"
Add component (AddParameter): Name = "ComponentLink5URL"; Value = "https://datasheet.octopart.com:443/RC0201JR-0782RL-Yageo-datasheet-137700087.pdf?src-supplier=Future+Electronics"; VariantName = "[No Variations]"
Add component (AddParameter): Name = "ComponentLink6Description"; Value = "https://datasheet.octopart.com:443/RC0201JR-0782RL-Yageo-datasheet-103092701.pdf?src-supplier=Future+Electronics"; VariantName = "[No Variations]"
Add component (AddParameter): Name = "ComponentLink6URL"; Value = "https://datasheet.octopart.com:443/RC0201JR-0782RL-Yageo-datasheet-103092701.pdf?src-supplier=Future+Electronics"; VariantName = "[No Variations]"
Add component (AddParameter): Name = "ComponentLink7Description"; Value = "https://datasheet.octopart.com:443/RC0201JR-0782RL-Yageo-datasheet-98239111.pdf?src-supplier=Future+Electronics"; VariantName = "[No Variations]"
Add component (AddParameter): Name = "ComponentLink7URL"; Value = "https://datasheet.octopart.com:443/RC0201JR-0782RL-Yageo-datasheet-98239111.pdf?src-supplier=Future+Electronics"; VariantName = "[No Variations]"
Add component (AddParameter): Name = "ComponentLink8Description"; Value = "https://datasheet.octopart.com:443/RC0201JR-0782RL-Yageo-datasheet-37140709.pdf?src-supplier=Future+Electronics"; VariantName = "[No Variations]"
Add component (AddParameter): Name = "ComponentLink8URL"; Value = "https://datasheet.octopart.com:443/RC0201JR-0782RL-Yageo-datasheet-37140709.pdf?src-supplier=Future+Electronics"; VariantName = "[No Variations]"
Add component (AddParameter): Name = "ComponentLink9Description"; Value = "https://datasheet.octopart.com:443/RC0201JR-0782RL-Yageo-datasheet-12590898.pdf?src-supplier=Future+Electronics"; VariantName = "[No Variations]"
Add component (AddParameter): Name = "ComponentLink9URL"; Value = "https://datasheet.octopart.com:443/RC0201JR-0782RL-Yageo-datasheet-12590898.pdf?src-supplier=Future+Electronics"; VariantName = "[No Variations]"
Add component (AddParameter): Name = "ComponentLink10Description"; Value = "https://datasheet.octopart.com:443/RC0201JR-0782RL-Yageo-datasheet-12509713.pdf?src-supplier=Future+Electronics"; VariantName = "[No Variations]"
Add component (AddParameter): Name = "ComponentLink10URL"; Value = "https://datasheet.octopart.com:443/RC0201JR-0782RL-Yageo-datasheet-12509713.pdf?src-supplier=Future+Electronics"; VariantName = "[No Variations]"
Add component (AddParameter): Name = "ComponentLink11Description"; Value = "https://datasheet.octopart.com:443/RC0201JR-0782RL-Yageo-datasheet-8325180.pdf?src-supplier=Future+Electronics"; VariantName = "[No Variations]"
Add component (AddParameter): Name = "ComponentLink11URL"; Value = "https://datasheet.octopart.com:443/RC0201JR-0782RL-Yageo-datasheet-8325180.pdf?src-supplier=Future+Electronics"; VariantName = "[No Variations]"
Add component (AddParameter): Name = "ComponentLink12Description"; Value = "https://datasheet.octopart.com:443/RC0201JR-0782RL-Yageo-datasheet-12535854.pdf?src-supplier=Future+Electronics"; VariantName = "[No Variations]"
Add component (AddParameter): Name = "ComponentLink12URL"; Value = "https://datasheet.octopart.com:443/RC0201JR-0782RL-Yageo-datasheet-12535854.pdf?src-supplier=Future+Electronics"; VariantName = "[No Variations]"
Add component (AddParameter): Name = "ComponentLink13Description"; Value = "https://datasheet.octopart.com/RC0201JR-0782RL-Yageo-datasheet-73766026.pdf"; VariantName = "[No Variations]"
Add component (AddParameter): Name = "ComponentLink13URL"; Value = "https://datasheet.octopart.com/RC0201JR-0782RL-Yageo-datasheet-73766026.pdf"; VariantName = "[No Variations]"
Add component (AddParameter): Name = "ComponentLink14Description"; Value = "http://sigma.octopart.com:80/conflict_mineral_statement/Yageo-company-3.pdf?src-supplier=Compliance+Statements"; VariantName = "[No Variations]"
Add component (AddParameter): Name = "ComponentLink14URL"; Value = "http://sigma.octopart.com:80/conflict_mineral_statement/Yageo-company-3.pdf?src-supplier=Compliance+Statements"; VariantName = "[No Variations]"
Add component (AddParameter): Name = "ComponentLink15Description"; Value = "http://sigma.octopart.com:80/rohs_statement/Yageo-company-2.pdf?src-supplier=Compliance+Statements"; VariantName = "[No Variations]"
Add component (AddParameter): Name = "ComponentLink15URL"; Value = "http://sigma.octopart.com:80/rohs_statement/Yageo-company-2.pdf?src-supplier=Compliance+Statements"; VariantName = "[No Variations]"
Add component (AddParameter): Name = "Composition"; Value = "Thick Film"; VariantName = "[No Variations]"
Add component (AddParameter): Name = "Contact Plating"; Value = "Tin"; VariantName = "[No Variations]"
Add component (AddParameter): Name = "Features"; Value = "Moisture Resistant"; VariantName = "[No Variations]"
Add component (AddParameter): Name = "Height"; Value = "230µm"; VariantName = "[No Variations]"
Add component (AddParameter): Name = "Lead Free"; Value = "Lead Free"; VariantName = "[No Variations]"
Add component (AddParameter): Name = "Length"; Value = "600µm"; VariantName = "[No Variations]"
Add component (AddParameter): Name = "Lifecycle Status"; Value = "Production"; VariantName = "[No Variations]"
Add component (AddParameter): Name = "Manufacturer"; Value = "Yageo Group"; VariantName = "[No Variations]"
Add component (AddParameter): Name = "Manufacturer Part Number"; Value = "RC0201JR-0782RL"; VariantName = "[No Variations]"
Add component (AddParameter): Name = "Max Operating Temperature"; Value = "125°C"; VariantName = "[No Variations]"
Add component (AddParameter): Name = "Max Power Dissipation"; Value = "50mW"; VariantName = "[No Variations]"
Add component (AddParameter): Name = "Min Operating Temperature"; Value = "-55°C"; VariantName = "[No Variations]"
Add component (AddParameter): Name = "Mounting Technology"; Value = "Surface Mount"; VariantName = "[No Variations]"
Add component (AddParameter): Name = "Number of Terminals"; Value = "2"; VariantName = "[No Variations]"
Add component (AddParameter): Name = "Number of Terminations"; Value = "2"; VariantName = "[No Variations]"
Add component (AddParameter): Name = "Power Rating"; Value = "50mW"; VariantName = "[No Variations]"
Add component (AddParameter): Name = "Pricing"; Value = "1=0,1, 10=0,028, 25=0,0204, 50=0,0166, 100=0,0135, 250=0,01048, 500=0,00878, 1000=0,00744, 5000=0,00534 (USD)"; VariantName = "[No Variations]"
Add component (AddParameter): Name = "Radiation Hardening"; Value = "No"; VariantName = "[No Variations]"
Add component (AddParameter): Name = "REACH SVHC"; Value = "Yes"; VariantName = "[No Variations]"
Add component (AddParameter): Name = "RoHS"; Value = "Compliant"; VariantName = "[No Variations]"
Add component (AddParameter): Name = "Stock"; Value = "21905"; VariantName = "[No Variations]"
Add component (AddParameter): Name = "Supplier"; Value = "DigiKey"; VariantName = "[No Variations]"
Add component (AddParameter): Name = "Supplier 1"; Value = "DigiKey"; VariantName = "[No Variations]"
Add component (AddParameter): Name = "Supplier Part Number"; Value = "YAG2365CT-ND"; VariantName = "[No Variations]"
Add component (AddParameter): Name = "Supplier Part Number 1"; Value = "YAG2365CT-ND"; VariantName = "[No Variations]"
Add component (AddParameter): Name = "Temperature Coefficient"; Value = "200ppm/°C"; VariantName = "[No Variations]"
Add component (AddParameter): Name = "Termination"; Value = "SMD/SMT"; VariantName = "[No Variations]"
Add component (AddParameter): Name = "Tolerance"; Value = "5%"; VariantName = "[No Variations]"
Add component (AddParameter): Name = "Value"; Value = "82O"; VariantName = "[No Variations]"
Add component (AddParameter): Name = "Voltage Rating"; Value = "25V"; VariantName = "[No Variations]"
Add component (AddParameter): Name = "Width"; Value = "300µm"; VariantName = "[No Variations]"
Add component (AddParameter): Name = "Working Voltage"; Value = "25V"; VariantName = "[No Variations]"
Added Component: Designator=R5(R0201)
Add component (AddParameter): Name = "Case Code (Imperial)"; Value = "0201"; VariantName = "[No Variations]"
Add component (AddParameter): Name = "Case Code (Metric)"; Value = "0603"; VariantName = "[No Variations]"
Add component (AddParameter): Name = "Case/Package"; Value = "0201"; VariantName = "[No Variations]"
Add component (AddParameter): Name = "Category"; Value = "Chip SMD Resistors"; VariantName = "[No Variations]"
Add component (AddParameter): Name = "China RoHS"; Value = "Non-Compliant"; VariantName = "[No Variations]"
Add component (AddParameter): Name = "ComponentLink1Description"; Value = "https://datasheet.octopart.com:443/RC0201FR-071KL-Yageo-datasheet-175887523.pdf?src-supplier=Newark"; VariantName = "[No Variations]"
Add component (AddParameter): Name = "ComponentLink1URL"; Value = "https://datasheet.octopart.com:443/RC0201FR-071KL-Yageo-datasheet-175887523.pdf?src-supplier=Newark"; VariantName = "[No Variations]"
Add component (AddParameter): Name = "ComponentLink2Description"; Value = "https://datasheet.octopart.com:443/RC0201FR-071KL-Yageo-datasheet-10025917.pdf?src-supplier=Newark"; VariantName = "[No Variations]"
Add component (AddParameter): Name = "ComponentLink2URL"; Value = "https://datasheet.octopart.com:443/RC0201FR-071KL-Yageo-datasheet-10025917.pdf?src-supplier=Newark"; VariantName = "[No Variations]"
Add component (AddParameter): Name = "ComponentLink3Description"; Value = "https://datasheet.octopart.com:443/RC0201FR-071KL-Yageo-datasheet-12509713.pdf?src-supplier=_legacy+Avnet"; VariantName = "[No Variations]"
Add component (AddParameter): Name = "ComponentLink3URL"; Value = "https://datasheet.octopart.com:443/RC0201FR-071KL-Yageo-datasheet-12509713.pdf?src-supplier=_legacy+Avnet"; VariantName = "[No Variations]"
Add component (AddParameter): Name = "ComponentLink4Description"; Value = "https://datasheet.octopart.com:443/RC0201FR-071KL-Yageo-datasheet-13314888.pdf?src-supplier=Upverter"; VariantName = "[No Variations]"
Add component (AddParameter): Name = "ComponentLink4URL"; Value = "https://datasheet.octopart.com:443/RC0201FR-071KL-Yageo-datasheet-13314888.pdf?src-supplier=Upverter"; VariantName = "[No Variations]"
Add component (AddParameter): Name = "ComponentLink5Description"; Value = "https://datasheet.octopart.com:443/RC0201FR-071KL-Yageo-datasheet-12549147.pdf?src-supplier=Upverter"; VariantName = "[No Variations]"
Add component (AddParameter): Name = "ComponentLink5URL"; Value = "https://datasheet.octopart.com:443/RC0201FR-071KL-Yageo-datasheet-12549147.pdf?src-supplier=Upverter"; VariantName = "[No Variations]"
Add component (AddParameter): Name = "ComponentLink6Description"; Value = "https://datasheet.octopart.com:443/RC0201FR-071KL-Yageo-datasheet-12509741.pdf?src-supplier=Upverter"; VariantName = "[No Variations]"
Add component (AddParameter): Name = "ComponentLink6URL"; Value = "https://datasheet.octopart.com:443/RC0201FR-071KL-Yageo-datasheet-12509741.pdf?src-supplier=Upverter"; VariantName = "[No Variations]"
Add component (AddParameter): Name = "ComponentLink7Description"; Value = "https://datasheet.octopart.com:443/RC0201FR-071KL-Yageo-datasheet-62067350.pdf?src-supplier=element14+APAC"; VariantName = "[No Variations]"
Add component (AddParameter): Name = "ComponentLink7URL"; Value = "https://datasheet.octopart.com:443/RC0201FR-071KL-Yageo-datasheet-62067350.pdf?src-supplier=element14+APAC"; VariantName = "[No Variations]"
Add component (AddParameter): Name = "ComponentLink8Description"; Value = "https://datasheet.octopart.com:443/RC0201FR-071KL-Yageo-datasheet-10911895.pdf?src-supplier=element14+APAC"; VariantName = "[No Variations]"
Add component (AddParameter): Name = "ComponentLink8URL"; Value = "https://datasheet.octopart.com:443/RC0201FR-071KL-Yageo-datasheet-10911895.pdf?src-supplier=element14+APAC"; VariantName = "[No Variations]"
Add component (AddParameter): Name = "ComponentLink9Description"; Value = "https://datasheet.octopart.com:443/RC0201FR-071KL-Yageo-Group-datasheet-176638170.pdf?src-supplier=Future+Electronics"; VariantName = "[No Variations]"
Add component (AddParameter): Name = "ComponentLink9URL"; Value = "https://datasheet.octopart.com:443/RC0201FR-071KL-Yageo-Group-datasheet-176638170.pdf?src-supplier=Future+Electronics"; VariantName = "[No Variations]"
Add component (AddParameter): Name = "ComponentLink10Description"; Value = "https://datasheet.octopart.com:443/RC0201FR-071KL-Yageo-datasheet-164759695.pdf?src-supplier=Future+Electronics"; VariantName = "[No Variations]"
Add component (AddParameter): Name = "ComponentLink10URL"; Value = "https://datasheet.octopart.com:443/RC0201FR-071KL-Yageo-datasheet-164759695.pdf?src-supplier=Future+Electronics"; VariantName = "[No Variations]"
Add component (AddParameter): Name = "ComponentLink11Description"; Value = "https://datasheet.octopart.com:443/RC0201FR-071KL-Yageo-datasheet-127823281.pdf?src-supplier=Future+Electronics"; VariantName = "[No Variations]"
Add component (AddParameter): Name = "ComponentLink11URL"; Value = "https://datasheet.octopart.com:443/RC0201FR-071KL-Yageo-datasheet-127823281.pdf?src-supplier=Future+Electronics"; VariantName = "[No Variations]"
Add component (AddParameter): Name = "ComponentLink12Description"; Value = "https://datasheet.octopart.com:443/RC0201FR-071KL-Yageo-datasheet-137700087.pdf?src-supplier=Future+Electronics"; VariantName = "[No Variations]"
Add component (AddParameter): Name = "ComponentLink12URL"; Value = "https://datasheet.octopart.com:443/RC0201FR-071KL-Yageo-datasheet-137700087.pdf?src-supplier=Future+Electronics"; VariantName = "[No Variations]"
Add component (AddParameter): Name = "ComponentLink13Description"; Value = "https://datasheet.octopart.com:443/RC0201FR-071KL-Yageo-datasheet-103092701.pdf?src-supplier=Future+Electronics"; VariantName = "[No Variations]"
Add component (AddParameter): Name = "ComponentLink13URL"; Value = "https://datasheet.octopart.com:443/RC0201FR-071KL-Yageo-datasheet-103092701.pdf?src-supplier=Future+Electronics"; VariantName = "[No Variations]"
Add component (AddParameter): Name = "ComponentLink14Description"; Value = "https://datasheet.octopart.com:443/RC0201FR-071KL-Yageo-datasheet-98239111.pdf?src-supplier=Future+Electronics"; VariantName = "[No Variations]"
Add component (AddParameter): Name = "ComponentLink14URL"; Value = "https://datasheet.octopart.com:443/RC0201FR-071KL-Yageo-datasheet-98239111.pdf?src-supplier=Future+Electronics"; VariantName = "[No Variations]"
Add component (AddParameter): Name = "ComponentLink15Description"; Value = "https://datasheet.octopart.com:443/RC0201FR-071KL-Yageo-datasheet-44382975.pdf?src-supplier=Future+Electronics"; VariantName = "[No Variations]"
Add component (AddParameter): Name = "ComponentLink15URL"; Value = "https://datasheet.octopart.com:443/RC0201FR-071KL-Yageo-datasheet-44382975.pdf?src-supplier=Future+Electronics"; VariantName = "[No Variations]"
Add component (AddParameter): Name = "ComponentLink16Description"; Value = "https://datasheet.octopart.com:443/RC0201FR-071KL-Yageo-datasheet-41589693.pdf?src-supplier=Future+Electronics"; VariantName = "[No Variations]"
Add component (AddParameter): Name = "ComponentLink16URL"; Value = "https://datasheet.octopart.com:443/RC0201FR-071KL-Yageo-datasheet-41589693.pdf?src-supplier=Future+Electronics"; VariantName = "[No Variations]"
Add component (AddParameter): Name = "ComponentLink17Description"; Value = "https://datasheet.octopart.com:443/RC0201FR-071KL-Yageo-datasheet-37140709.pdf?src-supplier=Future+Electronics"; VariantName = "[No Variations]"
Add component (AddParameter): Name = "ComponentLink17URL"; Value = "https://datasheet.octopart.com:443/RC0201FR-071KL-Yageo-datasheet-37140709.pdf?src-supplier=Future+Electronics"; VariantName = "[No Variations]"
Add component (AddParameter): Name = "ComponentLink18Description"; Value = "https://datasheet.octopart.com:443/RC0201FR-071KL-Yageo-datasheet-12509768.pdf?src-supplier=Future+Electronics"; VariantName = "[No Variations]"
Add component (AddParameter): Name = "ComponentLink18URL"; Value = "https://datasheet.octopart.com:443/RC0201FR-071KL-Yageo-datasheet-12509768.pdf?src-supplier=Future+Electronics"; VariantName = "[No Variations]"
Add component (AddParameter): Name = "ComponentLink19Description"; Value = "https://datasheet.octopart.com:443/RC0201FR-071KL-Yageo-datasheet-12590898.pdf?src-supplier=Future+Electronics"; VariantName = "[No Variations]"
Add component (AddParameter): Name = "ComponentLink19URL"; Value = "https://datasheet.octopart.com:443/RC0201FR-071KL-Yageo-datasheet-12590898.pdf?src-supplier=Future+Electronics"; VariantName = "[No Variations]"
Add component (AddParameter): Name = "ComponentLink20Description"; Value = "https://datasheet.octopart.com:443/RC0201FR-071KL-Yageo-datasheet-12535854.pdf?src-supplier=Future+Electronics"; VariantName = "[No Variations]"
Add component (AddParameter): Name = "ComponentLink20URL"; Value = "https://datasheet.octopart.com:443/RC0201FR-071KL-Yageo-datasheet-12535854.pdf?src-supplier=Future+Electronics"; VariantName = "[No Variations]"
Add component (AddParameter): Name = "ComponentLink21Description"; Value = "https://datasheet.octopart.com:443/RC0201FR-071KL-Yageo-datasheet-148775077.pdf?src-supplier=TME"; VariantName = "[No Variations]"
Add component (AddParameter): Name = "ComponentLink21URL"; Value = "https://datasheet.octopart.com:443/RC0201FR-071KL-Yageo-datasheet-148775077.pdf?src-supplier=TME"; VariantName = "[No Variations]"
Add component (AddParameter): Name = "ComponentLink22Description"; Value = "https://datasheet.octopart.com:443/RC0201FR-071KL-Yageo-datasheet-79472498.pdf?src-supplier=Megastar"; VariantName = "[No Variations]"
Add component (AddParameter): Name = "ComponentLink22URL"; Value = "https://datasheet.octopart.com:443/RC0201FR-071KL-Yageo-datasheet-79472498.pdf?src-supplier=Megastar"; VariantName = "[No Variations]"
Add component (AddParameter): Name = "ComponentLink23Description"; Value = "https://datasheet.octopart.com/RC0201FR-071KL-Yageo-datasheet-73766026.pdf"; VariantName = "[No Variations]"
Add component (AddParameter): Name = "ComponentLink23URL"; Value = "https://datasheet.octopart.com/RC0201FR-071KL-Yageo-datasheet-73766026.pdf"; VariantName = "[No Variations]"
Add component (AddParameter): Name = "ComponentLink24Description"; Value = "http://sigma.octopart.com:80/conflict_mineral_statement/Yageo-company-3.pdf?src-supplier=Compliance+Statements"; VariantName = "[No Variations]"
Add component (AddParameter): Name = "ComponentLink24URL"; Value = "http://sigma.octopart.com:80/conflict_mineral_statement/Yageo-company-3.pdf?src-supplier=Compliance+Statements"; VariantName = "[No Variations]"
Add component (AddParameter): Name = "ComponentLink25Description"; Value = "http://sigma.octopart.com:80/rohs_statement/Yageo-company-2.pdf?src-supplier=Compliance+Statements"; VariantName = "[No Variations]"
Add component (AddParameter): Name = "ComponentLink25URL"; Value = "http://sigma.octopart.com:80/rohs_statement/Yageo-company-2.pdf?src-supplier=Compliance+Statements"; VariantName = "[No Variations]"
Add component (AddParameter): Name = "Composition"; Value = "Thick Film"; VariantName = "[No Variations]"
Add component (AddParameter): Name = "Contact Plating"; Value = "Tin"; VariantName = "[No Variations]"
Add component (AddParameter): Name = "Country of Origin"; Value = "Mainland China, Taiwan"; VariantName = "[No Variations]"
Add component (AddParameter): Name = "Depth"; Value = "300µm"; VariantName = "[No Variations]"
Add component (AddParameter): Name = "Export Control Classification Number (ECCN) Code"; Value = "EAR99"; VariantName = "[No Variations]"
Add component (AddParameter): Name = "Features"; Value = "Moisture Resistant"; VariantName = "[No Variations]"
Add component (AddParameter): Name = "Harmonized Tariff Schedule (HTS) Code"; Value = "8533.21.00.30"; VariantName = "[No Variations]"
Add component (AddParameter): Name = "Height"; Value = "230µm"; VariantName = "[No Variations]"
Add component (AddParameter): Name = "Introduction Date"; Value = "2008-07-18"; VariantName = "[No Variations]"
Add component (AddParameter): Name = "Lead Free"; Value = "Lead Free"; VariantName = "[No Variations]"
Add component (AddParameter): Name = "Length"; Value = "600µm"; VariantName = "[No Variations]"
Add component (AddParameter): Name = "Lifecycle Status"; Value = "Production"; VariantName = "[No Variations]"
Add component (AddParameter): Name = "Manufacturer"; Value = "Yageo Group"; VariantName = "[No Variations]"
Add component (AddParameter): Name = "Manufacturer Part Number"; Value = "RC0201FR-071KL"; VariantName = "[No Variations]"
Add component (AddParameter): Name = "Max Operating Temperature"; Value = "125°C"; VariantName = "[No Variations]"
Add component (AddParameter): Name = "Max Power Dissipation"; Value = "50mW"; VariantName = "[No Variations]"
Add component (AddParameter): Name = "Military Standard"; Value = "Not"; VariantName = "[No Variations]"
Add component (AddParameter): Name = "Min Operating Temperature"; Value = "-55°C"; VariantName = "[No Variations]"
Add component (AddParameter): Name = "Mounting Technology"; Value = "Surface Mount"; VariantName = "[No Variations]"
Add component (AddParameter): Name = "Number of Terminals"; Value = "2"; VariantName = "[No Variations]"
Add component (AddParameter): Name = "Number of Terminations"; Value = "2"; VariantName = "[No Variations]"
Add component (AddParameter): Name = "Packaging"; Value = "Tape & Reel"; VariantName = "[No Variations]"
Add component (AddParameter): Name = "Power Rating"; Value = "50mW"; VariantName = "[No Variations]"
Add component (AddParameter): Name = "Pricing"; Value = "1=0,1, 10=0,034, 25=0,0252, 50=0,0204, 100=0,0168, 250=0,01316, 500=0,01112, 1000=0,00952, 5000=0,00698 (USD)"; VariantName = "[No Variations]"
Add component (AddParameter): Name = "Radiation Hardening"; Value = "No"; VariantName = "[No Variations]"
Add component (AddParameter): Name = "REACH SVHC"; Value = "Yes"; VariantName = "[No Variations]"
Add component (AddParameter): Name = "RoHS"; Value = "Compliant"; VariantName = "[No Variations]"
Add component (AddParameter): Name = "Schedule B"; Value = "8533210045, 8533210045|8533210045|8533210045|8533210045|8533210045|8533210045|8533210045|8533210045|8533210045|8533210045|8533210045|8533210045|8533210045|8533210045|8533210045|8533210045|8533210045|8533210045|8533210045|8533210045|8533210045|8533210045|8533210045|85"; VariantName = "[No Variations]"
Add component (AddParameter): Name = "Stock"; Value = "505262"; VariantName = "[No Variations]"
Add component (AddParameter): Name = "Supplier"; Value = "DigiKey"; VariantName = "[No Variations]"
Add component (AddParameter): Name = "Supplier 1"; Value = "DigiKey"; VariantName = "[No Variations]"
Add component (AddParameter): Name = "Supplier Part Number"; Value = "311-1KMCT-ND"; VariantName = "[No Variations]"
Add component (AddParameter): Name = "Supplier Part Number 1"; Value = "311-1KMCT-ND"; VariantName = "[No Variations]"
Add component (AddParameter): Name = "Temperature Coefficient"; Value = "200ppm/°C"; VariantName = "[No Variations]"
Add component (AddParameter): Name = "Termination"; Value = "SMD/SMT"; VariantName = "[No Variations]"
Add component (AddParameter): Name = "Tolerance"; Value = "1%"; VariantName = "[No Variations]"
Add component (AddParameter): Name = "Value"; Value = "1kO"; VariantName = "[No Variations]"
Add component (AddParameter): Name = "Voltage Rating"; Value = "25V"; VariantName = "[No Variations]"
Add component (AddParameter): Name = "Voltage Rating (DC)"; Value = "25V"; VariantName = "[No Variations]"
Add component (AddParameter): Name = "Width"; Value = "300µm"; VariantName = "[No Variations]"
Add component (AddParameter): Name = "Working Voltage"; Value = "25V"; VariantName = "[No Variations]"
Added Component: Designator=R6(R0201)
Add component (AddParameter): Name = "Case Code (Imperial)"; Value = "0201"; VariantName = "[No Variations]"
Add component (AddParameter): Name = "Case Code (Metric)"; Value = "0603"; VariantName = "[No Variations]"
Add component (AddParameter): Name = "Case/Package"; Value = "0201"; VariantName = "[No Variations]"
Add component (AddParameter): Name = "Category"; Value = "Chip SMD Resistors"; VariantName = "[No Variations]"
Add component (AddParameter): Name = "China RoHS"; Value = "Non-Compliant"; VariantName = "[No Variations]"
Add component (AddParameter): Name = "ComponentLink1Description"; Value = "https://datasheet.octopart.com:443/RC0201JR-071K5L-Yageo-datasheet-175887523.pdf?src-supplier=IHS"; VariantName = "[No Variations]"
Add component (AddParameter): Name = "ComponentLink1URL"; Value = "https://datasheet.octopart.com:443/RC0201JR-071K5L-Yageo-datasheet-175887523.pdf?src-supplier=IHS"; VariantName = "[No Variations]"
Add component (AddParameter): Name = "ComponentLink2Description"; Value = "https://datasheet.octopart.com:443/RC0201JR-071K5L-Yageo-Group-datasheet-176638170.pdf?src-supplier=Future+Electronics"; VariantName = "[No Variations]"
Add component (AddParameter): Name = "ComponentLink2URL"; Value = "https://datasheet.octopart.com:443/RC0201JR-071K5L-Yageo-Group-datasheet-176638170.pdf?src-supplier=Future+Electronics"; VariantName = "[No Variations]"
Add component (AddParameter): Name = "ComponentLink3Description"; Value = "https://datasheet.octopart.com:443/RC0201JR-071K5L-Yageo-datasheet-164759695.pdf?src-supplier=Future+Electronics"; VariantName = "[No Variations]"
Add component (AddParameter): Name = "ComponentLink3URL"; Value = "https://datasheet.octopart.com:443/RC0201JR-071K5L-Yageo-datasheet-164759695.pdf?src-supplier=Future+Electronics"; VariantName = "[No Variations]"
Add component (AddParameter): Name = "ComponentLink4Description"; Value = "https://datasheet.octopart.com:443/RC0201JR-071K5L-Yageo-datasheet-127823281.pdf?src-supplier=Future+Electronics"; VariantName = "[No Variations]"
Add component (AddParameter): Name = "ComponentLink4URL"; Value = "https://datasheet.octopart.com:443/RC0201JR-071K5L-Yageo-datasheet-127823281.pdf?src-supplier=Future+Electronics"; VariantName = "[No Variations]"
Add component (AddParameter): Name = "ComponentLink5Description"; Value = "https://datasheet.octopart.com:443/RC0201JR-071K5L-Yageo-datasheet-137700087.pdf?src-supplier=Future+Electronics"; VariantName = "[No Variations]"
Add component (AddParameter): Name = "ComponentLink5URL"; Value = "https://datasheet.octopart.com:443/RC0201JR-071K5L-Yageo-datasheet-137700087.pdf?src-supplier=Future+Electronics"; VariantName = "[No Variations]"
Add component (AddParameter): Name = "ComponentLink6Description"; Value = "https://datasheet.octopart.com:443/RC0201JR-071K5L-Yageo-datasheet-103092701.pdf?src-supplier=Future+Electronics"; VariantName = "[No Variations]"
Add component (AddParameter): Name = "ComponentLink6URL"; Value = "https://datasheet.octopart.com:443/RC0201JR-071K5L-Yageo-datasheet-103092701.pdf?src-supplier=Future+Electronics"; VariantName = "[No Variations]"
Add component (AddParameter): Name = "ComponentLink7Description"; Value = "https://datasheet.octopart.com:443/RC0201JR-071K5L-Yageo-datasheet-98239111.pdf?src-supplier=Future+Electronics"; VariantName = "[No Variations]"
Add component (AddParameter): Name = "ComponentLink7URL"; Value = "https://datasheet.octopart.com:443/RC0201JR-071K5L-Yageo-datasheet-98239111.pdf?src-supplier=Future+Electronics"; VariantName = "[No Variations]"
Add component (AddParameter): Name = "ComponentLink8Description"; Value = "https://datasheet.octopart.com:443/RC0201JR-071K5L-Yageo-datasheet-79472498.pdf?src-supplier=Future+Electronics"; VariantName = "[No Variations]"
Add component (AddParameter): Name = "ComponentLink8URL"; Value = "https://datasheet.octopart.com:443/RC0201JR-071K5L-Yageo-datasheet-79472498.pdf?src-supplier=Future+Electronics"; VariantName = "[No Variations]"
Add component (AddParameter): Name = "ComponentLink9Description"; Value = "https://datasheet.octopart.com:443/RC0201JR-071K5L-Yageo-datasheet-12535854.pdf?src-supplier=Future+Electronics"; VariantName = "[No Variations]"
Add component (AddParameter): Name = "ComponentLink9URL"; Value = "https://datasheet.octopart.com:443/RC0201JR-071K5L-Yageo-datasheet-12535854.pdf?src-supplier=Future+Electronics"; VariantName = "[No Variations]"
Add component (AddParameter): Name = "ComponentLink10Description"; Value = "https://datasheet.octopart.com/RC0201JR-071K5L-Yageo-datasheet-73766026.pdf"; VariantName = "[No Variations]"
Add component (AddParameter): Name = "ComponentLink10URL"; Value = "https://datasheet.octopart.com/RC0201JR-071K5L-Yageo-datasheet-73766026.pdf"; VariantName = "[No Variations]"
Add component (AddParameter): Name = "ComponentLink11Description"; Value = "https://datasheet.octopart.com:443/RC0201JR-071K5L-Yageo-datasheet-10911895.pdf?src-supplier=Farnell"; VariantName = "[No Variations]"
Add component (AddParameter): Name = "ComponentLink11URL"; Value = "https://datasheet.octopart.com:443/RC0201JR-071K5L-Yageo-datasheet-10911895.pdf?src-supplier=Farnell"; VariantName = "[No Variations]"
Add component (AddParameter): Name = "ComponentLink12Description"; Value = "https://datasheet.octopart.com:443/RC0201JR-071K5L-Yageo-datasheet-8325180.pdf?src-supplier=Farnell"; VariantName = "[No Variations]"
Add component (AddParameter): Name = "ComponentLink12URL"; Value = "https://datasheet.octopart.com:443/RC0201JR-071K5L-Yageo-datasheet-8325180.pdf?src-supplier=Farnell"; VariantName = "[No Variations]"
Add component (AddParameter): Name = "ComponentLink13Description"; Value = "http://sigma.octopart.com:80/conflict_mineral_statement/Yageo-company-3.pdf?src-supplier=Compliance+Statements"; VariantName = "[No Variations]"
Add component (AddParameter): Name = "ComponentLink13URL"; Value = "http://sigma.octopart.com:80/conflict_mineral_statement/Yageo-company-3.pdf?src-supplier=Compliance+Statements"; VariantName = "[No Variations]"
Add component (AddParameter): Name = "ComponentLink14Description"; Value = "http://sigma.octopart.com:80/rohs_statement/Yageo-company-2.pdf?src-supplier=Compliance+Statements"; VariantName = "[No Variations]"
Add component (AddParameter): Name = "ComponentLink14URL"; Value = "http://sigma.octopart.com:80/rohs_statement/Yageo-company-2.pdf?src-supplier=Compliance+Statements"; VariantName = "[No Variations]"
Add component (AddParameter): Name = "Composition"; Value = "Thick Film"; VariantName = "[No Variations]"
Add component (AddParameter): Name = "Contact Plating"; Value = "Tin"; VariantName = "[No Variations]"
Add component (AddParameter): Name = "Country of Origin"; Value = "Mainland China, Taiwan"; VariantName = "[No Variations]"
Add component (AddParameter): Name = "Depth"; Value = "300µm"; VariantName = "[No Variations]"
Add component (AddParameter): Name = "Export Control Classification Number (ECCN) Code"; Value = "EAR99"; VariantName = "[No Variations]"
Add component (AddParameter): Name = "Features"; Value = "Moisture Resistant"; VariantName = "[No Variations]"
Add component (AddParameter): Name = "Harmonized Tariff Schedule (HTS) Code"; Value = "8533.21.00.30"; VariantName = "[No Variations]"
Add component (AddParameter): Name = "Height"; Value = "230µm"; VariantName = "[No Variations]"
Add component (AddParameter): Name = "Introduction Date"; Value = "2008-07-18"; VariantName = "[No Variations]"
Add component (AddParameter): Name = "Lead Free"; Value = "Lead Free"; VariantName = "[No Variations]"
Add component (AddParameter): Name = "Length"; Value = "600µm"; VariantName = "[No Variations]"
Add component (AddParameter): Name = "Lifecycle Status"; Value = "Production"; VariantName = "[No Variations]"
Add component (AddParameter): Name = "Manufacturer"; Value = "Yageo Group"; VariantName = "[No Variations]"
Add component (AddParameter): Name = "Manufacturer Part Number"; Value = "RC0201JR-071K5L"; VariantName = "[No Variations]"
Add component (AddParameter): Name = "Max Operating Temperature"; Value = "125°C"; VariantName = "[No Variations]"
Add component (AddParameter): Name = "Max Power Dissipation"; Value = "50mW"; VariantName = "[No Variations]"
Add component (AddParameter): Name = "Military Standard"; Value = "Not"; VariantName = "[No Variations]"
Add component (AddParameter): Name = "Min Operating Temperature"; Value = "-55°C"; VariantName = "[No Variations]"
Add component (AddParameter): Name = "Mounting Technology"; Value = "Surface Mount"; VariantName = "[No Variations]"
Add component (AddParameter): Name = "Number of Terminals"; Value = "2"; VariantName = "[No Variations]"
Add component (AddParameter): Name = "Number of Terminations"; Value = "2"; VariantName = "[No Variations]"
Add component (AddParameter): Name = "Packaging"; Value = "Tape & Reel"; VariantName = "[No Variations]"
Add component (AddParameter): Name = "Pins"; Value = "2"; VariantName = "[No Variations]"
Add component (AddParameter): Name = "Power Rating"; Value = "50mW"; VariantName = "[No Variations]"
Add component (AddParameter): Name = "Pricing"; Value = "1=0,1, 10=0,028, 25=0,0204, 50=0,0166, 100=0,0135, 250=0,01048, 500=0,00878, 1000=0,00744, 5000=0,00534 (USD)"; VariantName = "[No Variations]"
Add component (AddParameter): Name = "Radiation Hardening"; Value = "No"; VariantName = "[No Variations]"
Add component (AddParameter): Name = "REACH SVHC"; Value = "Yes"; VariantName = "[No Variations]"
Add component (AddParameter): Name = "RoHS"; Value = "Compliant"; VariantName = "[No Variations]"
Add component (AddParameter): Name = "Schedule B"; Value = "8533210045, 8533210045|8533210045|8533210045|8533210045|8533210045"; VariantName = "[No Variations]"
Add component (AddParameter): Name = "Stock"; Value = "229427"; VariantName = "[No Variations]"
Add component (AddParameter): Name = "Supplier"; Value = "DigiKey"; VariantName = "[No Variations]"
Add component (AddParameter): Name = "Supplier 1"; Value = "DigiKey"; VariantName = "[No Variations]"
Add component (AddParameter): Name = "Supplier Part Number"; Value = "311-1.5KNCT-ND"; VariantName = "[No Variations]"
Add component (AddParameter): Name = "Supplier Part Number 1"; Value = "311-1.5KNCT-ND"; VariantName = "[No Variations]"
Add component (AddParameter): Name = "Temperature Coefficient"; Value = "200ppm/°C"; VariantName = "[No Variations]"
Add component (AddParameter): Name = "Termination"; Value = "SMD/SMT"; VariantName = "[No Variations]"
Add component (AddParameter): Name = "Tolerance"; Value = "5%"; VariantName = "[No Variations]"
Add component (AddParameter): Name = "Value"; Value = "1.5kO"; VariantName = "[No Variations]"
Add component (AddParameter): Name = "Voltage Rating"; Value = "25V"; VariantName = "[No Variations]"
Add component (AddParameter): Name = "Voltage Rating (DC)"; Value = "25V"; VariantName = "[No Variations]"
Add component (AddParameter): Name = "Width"; Value = "300µm"; VariantName = "[No Variations]"
Add component (AddParameter): Name = "Working Voltage"; Value = "25V"; VariantName = "[No Variations]"
Added Component: Designator=R7(R0201)
Add component (AddParameter): Name = "Case Code (Imperial)"; Value = "0201"; VariantName = "[No Variations]"
Add component (AddParameter): Name = "Case Code (Metric)"; Value = "0603"; VariantName = "[No Variations]"
Add component (AddParameter): Name = "Case/Package"; Value = "0201"; VariantName = "[No Variations]"
Add component (AddParameter): Name = "Category"; Value = "Chip SMD Resistors"; VariantName = "[No Variations]"
Add component (AddParameter): Name = "China RoHS"; Value = "Non-Compliant"; VariantName = "[No Variations]"
Add component (AddParameter): Name = "ComponentLink1Description"; Value = "https://datasheet.octopart.com:443/RC0201FR-071KL-Yageo-datasheet-175887523.pdf?src-supplier=Newark"; VariantName = "[No Variations]"
Add component (AddParameter): Name = "ComponentLink1URL"; Value = "https://datasheet.octopart.com:443/RC0201FR-071KL-Yageo-datasheet-175887523.pdf?src-supplier=Newark"; VariantName = "[No Variations]"
Add component (AddParameter): Name = "ComponentLink2Description"; Value = "https://datasheet.octopart.com:443/RC0201FR-071KL-Yageo-datasheet-10025917.pdf?src-supplier=Newark"; VariantName = "[No Variations]"
Add component (AddParameter): Name = "ComponentLink2URL"; Value = "https://datasheet.octopart.com:443/RC0201FR-071KL-Yageo-datasheet-10025917.pdf?src-supplier=Newark"; VariantName = "[No Variations]"
Add component (AddParameter): Name = "ComponentLink3Description"; Value = "https://datasheet.octopart.com:443/RC0201FR-071KL-Yageo-datasheet-12509713.pdf?src-supplier=_legacy+Avnet"; VariantName = "[No Variations]"
Add component (AddParameter): Name = "ComponentLink3URL"; Value = "https://datasheet.octopart.com:443/RC0201FR-071KL-Yageo-datasheet-12509713.pdf?src-supplier=_legacy+Avnet"; VariantName = "[No Variations]"
Add component (AddParameter): Name = "ComponentLink4Description"; Value = "https://datasheet.octopart.com:443/RC0201FR-071KL-Yageo-datasheet-13314888.pdf?src-supplier=Upverter"; VariantName = "[No Variations]"
Add component (AddParameter): Name = "ComponentLink4URL"; Value = "https://datasheet.octopart.com:443/RC0201FR-071KL-Yageo-datasheet-13314888.pdf?src-supplier=Upverter"; VariantName = "[No Variations]"
Add component (AddParameter): Name = "ComponentLink5Description"; Value = "https://datasheet.octopart.com:443/RC0201FR-071KL-Yageo-datasheet-12549147.pdf?src-supplier=Upverter"; VariantName = "[No Variations]"
Add component (AddParameter): Name = "ComponentLink5URL"; Value = "https://datasheet.octopart.com:443/RC0201FR-071KL-Yageo-datasheet-12549147.pdf?src-supplier=Upverter"; VariantName = "[No Variations]"
Add component (AddParameter): Name = "ComponentLink6Description"; Value = "https://datasheet.octopart.com:443/RC0201FR-071KL-Yageo-datasheet-12509741.pdf?src-supplier=Upverter"; VariantName = "[No Variations]"
Add component (AddParameter): Name = "ComponentLink6URL"; Value = "https://datasheet.octopart.com:443/RC0201FR-071KL-Yageo-datasheet-12509741.pdf?src-supplier=Upverter"; VariantName = "[No Variations]"
Add component (AddParameter): Name = "ComponentLink7Description"; Value = "https://datasheet.octopart.com:443/RC0201FR-071KL-Yageo-datasheet-62067350.pdf?src-supplier=element14+APAC"; VariantName = "[No Variations]"
Add component (AddParameter): Name = "ComponentLink7URL"; Value = "https://datasheet.octopart.com:443/RC0201FR-071KL-Yageo-datasheet-62067350.pdf?src-supplier=element14+APAC"; VariantName = "[No Variations]"
Add component (AddParameter): Name = "ComponentLink8Description"; Value = "https://datasheet.octopart.com:443/RC0201FR-071KL-Yageo-datasheet-10911895.pdf?src-supplier=element14+APAC"; VariantName = "[No Variations]"
Add component (AddParameter): Name = "ComponentLink8URL"; Value = "https://datasheet.octopart.com:443/RC0201FR-071KL-Yageo-datasheet-10911895.pdf?src-supplier=element14+APAC"; VariantName = "[No Variations]"
Add component (AddParameter): Name = "ComponentLink9Description"; Value = "https://datasheet.octopart.com:443/RC0201FR-071KL-Yageo-Group-datasheet-176638170.pdf?src-supplier=Future+Electronics"; VariantName = "[No Variations]"
Add component (AddParameter): Name = "ComponentLink9URL"; Value = "https://datasheet.octopart.com:443/RC0201FR-071KL-Yageo-Group-datasheet-176638170.pdf?src-supplier=Future+Electronics"; VariantName = "[No Variations]"
Add component (AddParameter): Name = "ComponentLink10Description"; Value = "https://datasheet.octopart.com:443/RC0201FR-071KL-Yageo-datasheet-164759695.pdf?src-supplier=Future+Electronics"; VariantName = "[No Variations]"
Add component (AddParameter): Name = "ComponentLink10URL"; Value = "https://datasheet.octopart.com:443/RC0201FR-071KL-Yageo-datasheet-164759695.pdf?src-supplier=Future+Electronics"; VariantName = "[No Variations]"
Add component (AddParameter): Name = "ComponentLink11Description"; Value = "https://datasheet.octopart.com:443/RC0201FR-071KL-Yageo-datasheet-127823281.pdf?src-supplier=Future+Electronics"; VariantName = "[No Variations]"
Add component (AddParameter): Name = "ComponentLink11URL"; Value = "https://datasheet.octopart.com:443/RC0201FR-071KL-Yageo-datasheet-127823281.pdf?src-supplier=Future+Electronics"; VariantName = "[No Variations]"
Add component (AddParameter): Name = "ComponentLink12Description"; Value = "https://datasheet.octopart.com:443/RC0201FR-071KL-Yageo-datasheet-137700087.pdf?src-supplier=Future+Electronics"; VariantName = "[No Variations]"
Add component (AddParameter): Name = "ComponentLink12URL"; Value = "https://datasheet.octopart.com:443/RC0201FR-071KL-Yageo-datasheet-137700087.pdf?src-supplier=Future+Electronics"; VariantName = "[No Variations]"
Add component (AddParameter): Name = "ComponentLink13Description"; Value = "https://datasheet.octopart.com:443/RC0201FR-071KL-Yageo-datasheet-103092701.pdf?src-supplier=Future+Electronics"; VariantName = "[No Variations]"
Add component (AddParameter): Name = "ComponentLink13URL"; Value = "https://datasheet.octopart.com:443/RC0201FR-071KL-Yageo-datasheet-103092701.pdf?src-supplier=Future+Electronics"; VariantName = "[No Variations]"
Add component (AddParameter): Name = "ComponentLink14Description"; Value = "https://datasheet.octopart.com:443/RC0201FR-071KL-Yageo-datasheet-98239111.pdf?src-supplier=Future+Electronics"; VariantName = "[No Variations]"
Add component (AddParameter): Name = "ComponentLink14URL"; Value = "https://datasheet.octopart.com:443/RC0201FR-071KL-Yageo-datasheet-98239111.pdf?src-supplier=Future+Electronics"; VariantName = "[No Variations]"
Add component (AddParameter): Name = "ComponentLink15Description"; Value = "https://datasheet.octopart.com:443/RC0201FR-071KL-Yageo-datasheet-44382975.pdf?src-supplier=Future+Electronics"; VariantName = "[No Variations]"
Add component (AddParameter): Name = "ComponentLink15URL"; Value = "https://datasheet.octopart.com:443/RC0201FR-071KL-Yageo-datasheet-44382975.pdf?src-supplier=Future+Electronics"; VariantName = "[No Variations]"
Add component (AddParameter): Name = "ComponentLink16Description"; Value = "https://datasheet.octopart.com:443/RC0201FR-071KL-Yageo-datasheet-41589693.pdf?src-supplier=Future+Electronics"; VariantName = "[No Variations]"
Add component (AddParameter): Name = "ComponentLink16URL"; Value = "https://datasheet.octopart.com:443/RC0201FR-071KL-Yageo-datasheet-41589693.pdf?src-supplier=Future+Electronics"; VariantName = "[No Variations]"
Add component (AddParameter): Name = "ComponentLink17Description"; Value = "https://datasheet.octopart.com:443/RC0201FR-071KL-Yageo-datasheet-37140709.pdf?src-supplier=Future+Electronics"; VariantName = "[No Variations]"
Add component (AddParameter): Name = "ComponentLink17URL"; Value = "https://datasheet.octopart.com:443/RC0201FR-071KL-Yageo-datasheet-37140709.pdf?src-supplier=Future+Electronics"; VariantName = "[No Variations]"
Add component (AddParameter): Name = "ComponentLink18Description"; Value = "https://datasheet.octopart.com:443/RC0201FR-071KL-Yageo-datasheet-12509768.pdf?src-supplier=Future+Electronics"; VariantName = "[No Variations]"
Add component (AddParameter): Name = "ComponentLink18URL"; Value = "https://datasheet.octopart.com:443/RC0201FR-071KL-Yageo-datasheet-12509768.pdf?src-supplier=Future+Electronics"; VariantName = "[No Variations]"
Add component (AddParameter): Name = "ComponentLink19Description"; Value = "https://datasheet.octopart.com:443/RC0201FR-071KL-Yageo-datasheet-12590898.pdf?src-supplier=Future+Electronics"; VariantName = "[No Variations]"
Add component (AddParameter): Name = "ComponentLink19URL"; Value = "https://datasheet.octopart.com:443/RC0201FR-071KL-Yageo-datasheet-12590898.pdf?src-supplier=Future+Electronics"; VariantName = "[No Variations]"
Add component (AddParameter): Name = "ComponentLink20Description"; Value = "https://datasheet.octopart.com:443/RC0201FR-071KL-Yageo-datasheet-12535854.pdf?src-supplier=Future+Electronics"; VariantName = "[No Variations]"
Add component (AddParameter): Name = "ComponentLink20URL"; Value = "https://datasheet.octopart.com:443/RC0201FR-071KL-Yageo-datasheet-12535854.pdf?src-supplier=Future+Electronics"; VariantName = "[No Variations]"
Add component (AddParameter): Name = "ComponentLink21Description"; Value = "https://datasheet.octopart.com:443/RC0201FR-071KL-Yageo-datasheet-148775077.pdf?src-supplier=TME"; VariantName = "[No Variations]"
Add component (AddParameter): Name = "ComponentLink21URL"; Value = "https://datasheet.octopart.com:443/RC0201FR-071KL-Yageo-datasheet-148775077.pdf?src-supplier=TME"; VariantName = "[No Variations]"
Add component (AddParameter): Name = "ComponentLink22Description"; Value = "https://datasheet.octopart.com:443/RC0201FR-071KL-Yageo-datasheet-79472498.pdf?src-supplier=Megastar"; VariantName = "[No Variations]"
Add component (AddParameter): Name = "ComponentLink22URL"; Value = "https://datasheet.octopart.com:443/RC0201FR-071KL-Yageo-datasheet-79472498.pdf?src-supplier=Megastar"; VariantName = "[No Variations]"
Add component (AddParameter): Name = "ComponentLink23Description"; Value = "https://datasheet.octopart.com/RC0201FR-071KL-Yageo-datasheet-73766026.pdf"; VariantName = "[No Variations]"
Add component (AddParameter): Name = "ComponentLink23URL"; Value = "https://datasheet.octopart.com/RC0201FR-071KL-Yageo-datasheet-73766026.pdf"; VariantName = "[No Variations]"
Add component (AddParameter): Name = "ComponentLink24Description"; Value = "http://sigma.octopart.com:80/conflict_mineral_statement/Yageo-company-3.pdf?src-supplier=Compliance+Statements"; VariantName = "[No Variations]"
Add component (AddParameter): Name = "ComponentLink24URL"; Value = "http://sigma.octopart.com:80/conflict_mineral_statement/Yageo-company-3.pdf?src-supplier=Compliance+Statements"; VariantName = "[No Variations]"
Add component (AddParameter): Name = "ComponentLink25Description"; Value = "http://sigma.octopart.com:80/rohs_statement/Yageo-company-2.pdf?src-supplier=Compliance+Statements"; VariantName = "[No Variations]"
Add component (AddParameter): Name = "ComponentLink25URL"; Value = "http://sigma.octopart.com:80/rohs_statement/Yageo-company-2.pdf?src-supplier=Compliance+Statements"; VariantName = "[No Variations]"
Add component (AddParameter): Name = "Composition"; Value = "Thick Film"; VariantName = "[No Variations]"
Add component (AddParameter): Name = "Contact Plating"; Value = "Tin"; VariantName = "[No Variations]"
Add component (AddParameter): Name = "Country of Origin"; Value = "Mainland China, Taiwan"; VariantName = "[No Variations]"
Add component (AddParameter): Name = "Depth"; Value = "300µm"; VariantName = "[No Variations]"
Add component (AddParameter): Name = "Export Control Classification Number (ECCN) Code"; Value = "EAR99"; VariantName = "[No Variations]"
Add component (AddParameter): Name = "Features"; Value = "Moisture Resistant"; VariantName = "[No Variations]"
Add component (AddParameter): Name = "Harmonized Tariff Schedule (HTS) Code"; Value = "8533.21.00.30"; VariantName = "[No Variations]"
Add component (AddParameter): Name = "Height"; Value = "230µm"; VariantName = "[No Variations]"
Add component (AddParameter): Name = "Introduction Date"; Value = "2008-07-18"; VariantName = "[No Variations]"
Add component (AddParameter): Name = "Lead Free"; Value = "Lead Free"; VariantName = "[No Variations]"
Add component (AddParameter): Name = "Length"; Value = "600µm"; VariantName = "[No Variations]"
Add component (AddParameter): Name = "Lifecycle Status"; Value = "Production"; VariantName = "[No Variations]"
Add component (AddParameter): Name = "Manufacturer"; Value = "Yageo Group"; VariantName = "[No Variations]"
Add component (AddParameter): Name = "Manufacturer Part Number"; Value = "RC0201FR-071KL"; VariantName = "[No Variations]"
Add component (AddParameter): Name = "Max Operating Temperature"; Value = "125°C"; VariantName = "[No Variations]"
Add component (AddParameter): Name = "Max Power Dissipation"; Value = "50mW"; VariantName = "[No Variations]"
Add component (AddParameter): Name = "Military Standard"; Value = "Not"; VariantName = "[No Variations]"
Add component (AddParameter): Name = "Min Operating Temperature"; Value = "-55°C"; VariantName = "[No Variations]"
Add component (AddParameter): Name = "Mounting Technology"; Value = "Surface Mount"; VariantName = "[No Variations]"
Add component (AddParameter): Name = "Number of Terminals"; Value = "2"; VariantName = "[No Variations]"
Add component (AddParameter): Name = "Number of Terminations"; Value = "2"; VariantName = "[No Variations]"
Add component (AddParameter): Name = "Packaging"; Value = "Tape & Reel"; VariantName = "[No Variations]"
Add component (AddParameter): Name = "Power Rating"; Value = "50mW"; VariantName = "[No Variations]"
Add component (AddParameter): Name = "Pricing"; Value = "1=0,1, 10=0,034, 25=0,0252, 50=0,0204, 100=0,0168, 250=0,01316, 500=0,01112, 1000=0,00952, 5000=0,00698 (USD)"; VariantName = "[No Variations]"
Add component (AddParameter): Name = "Radiation Hardening"; Value = "No"; VariantName = "[No Variations]"
Add component (AddParameter): Name = "REACH SVHC"; Value = "Yes"; VariantName = "[No Variations]"
Add component (AddParameter): Name = "RoHS"; Value = "Compliant"; VariantName = "[No Variations]"
Add component (AddParameter): Name = "Schedule B"; Value = "8533210045, 8533210045|8533210045|8533210045|8533210045|8533210045|8533210045|8533210045|8533210045|8533210045|8533210045|8533210045|8533210045|8533210045|8533210045|8533210045|8533210045|8533210045|8533210045|8533210045|8533210045|8533210045|8533210045|8533210045|85"; VariantName = "[No Variations]"
Add component (AddParameter): Name = "Stock"; Value = "505262"; VariantName = "[No Variations]"
Add component (AddParameter): Name = "Supplier"; Value = "DigiKey"; VariantName = "[No Variations]"
Add component (AddParameter): Name = "Supplier 1"; Value = "DigiKey"; VariantName = "[No Variations]"
Add component (AddParameter): Name = "Supplier Part Number"; Value = "311-1KMCT-ND"; VariantName = "[No Variations]"
Add component (AddParameter): Name = "Supplier Part Number 1"; Value = "311-1KMCT-ND"; VariantName = "[No Variations]"
Add component (AddParameter): Name = "Temperature Coefficient"; Value = "200ppm/°C"; VariantName = "[No Variations]"
Add component (AddParameter): Name = "Termination"; Value = "SMD/SMT"; VariantName = "[No Variations]"
Add component (AddParameter): Name = "Tolerance"; Value = "1%"; VariantName = "[No Variations]"
Add component (AddParameter): Name = "Value"; Value = "1kO"; VariantName = "[No Variations]"
Add component (AddParameter): Name = "Voltage Rating"; Value = "25V"; VariantName = "[No Variations]"
Add component (AddParameter): Name = "Voltage Rating (DC)"; Value = "25V"; VariantName = "[No Variations]"
Add component (AddParameter): Name = "Width"; Value = "300µm"; VariantName = "[No Variations]"
Add component (AddParameter): Name = "Working Voltage"; Value = "25V"; VariantName = "[No Variations]"
Added Component: Designator=R8(R0201)
Add component (AddParameter): Name = "Case Code (Imperial)"; Value = "0201"; VariantName = "[No Variations]"
Add component (AddParameter): Name = "Case Code (Metric)"; Value = "0603"; VariantName = "[No Variations]"
Add component (AddParameter): Name = "Case/Package"; Value = "0201"; VariantName = "[No Variations]"
Add component (AddParameter): Name = "Category"; Value = "Chip SMD Resistors"; VariantName = "[No Variations]"
Add component (AddParameter): Name = "China RoHS"; Value = "Non-Compliant"; VariantName = "[No Variations]"
Add component (AddParameter): Name = "ComponentLink1Description"; Value = "https://datasheet.octopart.com:443/RC0201FR-071KL-Yageo-datasheet-175887523.pdf?src-supplier=Newark"; VariantName = "[No Variations]"
Add component (AddParameter): Name = "ComponentLink1URL"; Value = "https://datasheet.octopart.com:443/RC0201FR-071KL-Yageo-datasheet-175887523.pdf?src-supplier=Newark"; VariantName = "[No Variations]"
Add component (AddParameter): Name = "ComponentLink2Description"; Value = "https://datasheet.octopart.com:443/RC0201FR-071KL-Yageo-datasheet-10025917.pdf?src-supplier=Newark"; VariantName = "[No Variations]"
Add component (AddParameter): Name = "ComponentLink2URL"; Value = "https://datasheet.octopart.com:443/RC0201FR-071KL-Yageo-datasheet-10025917.pdf?src-supplier=Newark"; VariantName = "[No Variations]"
Add component (AddParameter): Name = "ComponentLink3Description"; Value = "https://datasheet.octopart.com:443/RC0201FR-071KL-Yageo-datasheet-12509713.pdf?src-supplier=_legacy+Avnet"; VariantName = "[No Variations]"
Add component (AddParameter): Name = "ComponentLink3URL"; Value = "https://datasheet.octopart.com:443/RC0201FR-071KL-Yageo-datasheet-12509713.pdf?src-supplier=_legacy+Avnet"; VariantName = "[No Variations]"
Add component (AddParameter): Name = "ComponentLink4Description"; Value = "https://datasheet.octopart.com:443/RC0201FR-071KL-Yageo-datasheet-13314888.pdf?src-supplier=Upverter"; VariantName = "[No Variations]"
Add component (AddParameter): Name = "ComponentLink4URL"; Value = "https://datasheet.octopart.com:443/RC0201FR-071KL-Yageo-datasheet-13314888.pdf?src-supplier=Upverter"; VariantName = "[No Variations]"
Add component (AddParameter): Name = "ComponentLink5Description"; Value = "https://datasheet.octopart.com:443/RC0201FR-071KL-Yageo-datasheet-12549147.pdf?src-supplier=Upverter"; VariantName = "[No Variations]"
Add component (AddParameter): Name = "ComponentLink5URL"; Value = "https://datasheet.octopart.com:443/RC0201FR-071KL-Yageo-datasheet-12549147.pdf?src-supplier=Upverter"; VariantName = "[No Variations]"
Add component (AddParameter): Name = "ComponentLink6Description"; Value = "https://datasheet.octopart.com:443/RC0201FR-071KL-Yageo-datasheet-12509741.pdf?src-supplier=Upverter"; VariantName = "[No Variations]"
Add component (AddParameter): Name = "ComponentLink6URL"; Value = "https://datasheet.octopart.com:443/RC0201FR-071KL-Yageo-datasheet-12509741.pdf?src-supplier=Upverter"; VariantName = "[No Variations]"
Add component (AddParameter): Name = "ComponentLink7Description"; Value = "https://datasheet.octopart.com:443/RC0201FR-071KL-Yageo-datasheet-62067350.pdf?src-supplier=element14+APAC"; VariantName = "[No Variations]"
Add component (AddParameter): Name = "ComponentLink7URL"; Value = "https://datasheet.octopart.com:443/RC0201FR-071KL-Yageo-datasheet-62067350.pdf?src-supplier=element14+APAC"; VariantName = "[No Variations]"
Add component (AddParameter): Name = "ComponentLink8Description"; Value = "https://datasheet.octopart.com:443/RC0201FR-071KL-Yageo-datasheet-10911895.pdf?src-supplier=element14+APAC"; VariantName = "[No Variations]"
Add component (AddParameter): Name = "ComponentLink8URL"; Value = "https://datasheet.octopart.com:443/RC0201FR-071KL-Yageo-datasheet-10911895.pdf?src-supplier=element14+APAC"; VariantName = "[No Variations]"
Add component (AddParameter): Name = "ComponentLink9Description"; Value = "https://datasheet.octopart.com:443/RC0201FR-071KL-Yageo-Group-datasheet-176638170.pdf?src-supplier=Future+Electronics"; VariantName = "[No Variations]"
Add component (AddParameter): Name = "ComponentLink9URL"; Value = "https://datasheet.octopart.com:443/RC0201FR-071KL-Yageo-Group-datasheet-176638170.pdf?src-supplier=Future+Electronics"; VariantName = "[No Variations]"
Add component (AddParameter): Name = "ComponentLink10Description"; Value = "https://datasheet.octopart.com:443/RC0201FR-071KL-Yageo-datasheet-164759695.pdf?src-supplier=Future+Electronics"; VariantName = "[No Variations]"
Add component (AddParameter): Name = "ComponentLink10URL"; Value = "https://datasheet.octopart.com:443/RC0201FR-071KL-Yageo-datasheet-164759695.pdf?src-supplier=Future+Electronics"; VariantName = "[No Variations]"
Add component (AddParameter): Name = "ComponentLink11Description"; Value = "https://datasheet.octopart.com:443/RC0201FR-071KL-Yageo-datasheet-127823281.pdf?src-supplier=Future+Electronics"; VariantName = "[No Variations]"
Add component (AddParameter): Name = "ComponentLink11URL"; Value = "https://datasheet.octopart.com:443/RC0201FR-071KL-Yageo-datasheet-127823281.pdf?src-supplier=Future+Electronics"; VariantName = "[No Variations]"
Add component (AddParameter): Name = "ComponentLink12Description"; Value = "https://datasheet.octopart.com:443/RC0201FR-071KL-Yageo-datasheet-137700087.pdf?src-supplier=Future+Electronics"; VariantName = "[No Variations]"
Add component (AddParameter): Name = "ComponentLink12URL"; Value = "https://datasheet.octopart.com:443/RC0201FR-071KL-Yageo-datasheet-137700087.pdf?src-supplier=Future+Electronics"; VariantName = "[No Variations]"
Add component (AddParameter): Name = "ComponentLink13Description"; Value = "https://datasheet.octopart.com:443/RC0201FR-071KL-Yageo-datasheet-103092701.pdf?src-supplier=Future+Electronics"; VariantName = "[No Variations]"
Add component (AddParameter): Name = "ComponentLink13URL"; Value = "https://datasheet.octopart.com:443/RC0201FR-071KL-Yageo-datasheet-103092701.pdf?src-supplier=Future+Electronics"; VariantName = "[No Variations]"
Add component (AddParameter): Name = "ComponentLink14Description"; Value = "https://datasheet.octopart.com:443/RC0201FR-071KL-Yageo-datasheet-98239111.pdf?src-supplier=Future+Electronics"; VariantName = "[No Variations]"
Add component (AddParameter): Name = "ComponentLink14URL"; Value = "https://datasheet.octopart.com:443/RC0201FR-071KL-Yageo-datasheet-98239111.pdf?src-supplier=Future+Electronics"; VariantName = "[No Variations]"
Add component (AddParameter): Name = "ComponentLink15Description"; Value = "https://datasheet.octopart.com:443/RC0201FR-071KL-Yageo-datasheet-44382975.pdf?src-supplier=Future+Electronics"; VariantName = "[No Variations]"
Add component (AddParameter): Name = "ComponentLink15URL"; Value = "https://datasheet.octopart.com:443/RC0201FR-071KL-Yageo-datasheet-44382975.pdf?src-supplier=Future+Electronics"; VariantName = "[No Variations]"
Add component (AddParameter): Name = "ComponentLink16Description"; Value = "https://datasheet.octopart.com:443/RC0201FR-071KL-Yageo-datasheet-41589693.pdf?src-supplier=Future+Electronics"; VariantName = "[No Variations]"
Add component (AddParameter): Name = "ComponentLink16URL"; Value = "https://datasheet.octopart.com:443/RC0201FR-071KL-Yageo-datasheet-41589693.pdf?src-supplier=Future+Electronics"; VariantName = "[No Variations]"
Add component (AddParameter): Name = "ComponentLink17Description"; Value = "https://datasheet.octopart.com:443/RC0201FR-071KL-Yageo-datasheet-37140709.pdf?src-supplier=Future+Electronics"; VariantName = "[No Variations]"
Add component (AddParameter): Name = "ComponentLink17URL"; Value = "https://datasheet.octopart.com:443/RC0201FR-071KL-Yageo-datasheet-37140709.pdf?src-supplier=Future+Electronics"; VariantName = "[No Variations]"
Add component (AddParameter): Name = "ComponentLink18Description"; Value = "https://datasheet.octopart.com:443/RC0201FR-071KL-Yageo-datasheet-12509768.pdf?src-supplier=Future+Electronics"; VariantName = "[No Variations]"
Add component (AddParameter): Name = "ComponentLink18URL"; Value = "https://datasheet.octopart.com:443/RC0201FR-071KL-Yageo-datasheet-12509768.pdf?src-supplier=Future+Electronics"; VariantName = "[No Variations]"
Add component (AddParameter): Name = "ComponentLink19Description"; Value = "https://datasheet.octopart.com:443/RC0201FR-071KL-Yageo-datasheet-12590898.pdf?src-supplier=Future+Electronics"; VariantName = "[No Variations]"
Add component (AddParameter): Name = "ComponentLink19URL"; Value = "https://datasheet.octopart.com:443/RC0201FR-071KL-Yageo-datasheet-12590898.pdf?src-supplier=Future+Electronics"; VariantName = "[No Variations]"
Add component (AddParameter): Name = "ComponentLink20Description"; Value = "https://datasheet.octopart.com:443/RC0201FR-071KL-Yageo-datasheet-12535854.pdf?src-supplier=Future+Electronics"; VariantName = "[No Variations]"
Add component (AddParameter): Name = "ComponentLink20URL"; Value = "https://datasheet.octopart.com:443/RC0201FR-071KL-Yageo-datasheet-12535854.pdf?src-supplier=Future+Electronics"; VariantName = "[No Variations]"
Add component (AddParameter): Name = "ComponentLink21Description"; Value = "https://datasheet.octopart.com:443/RC0201FR-071KL-Yageo-datasheet-148775077.pdf?src-supplier=TME"; VariantName = "[No Variations]"
Add component (AddParameter): Name = "ComponentLink21URL"; Value = "https://datasheet.octopart.com:443/RC0201FR-071KL-Yageo-datasheet-148775077.pdf?src-supplier=TME"; VariantName = "[No Variations]"
Add component (AddParameter): Name = "ComponentLink22Description"; Value = "https://datasheet.octopart.com:443/RC0201FR-071KL-Yageo-datasheet-79472498.pdf?src-supplier=Megastar"; VariantName = "[No Variations]"
Add component (AddParameter): Name = "ComponentLink22URL"; Value = "https://datasheet.octopart.com:443/RC0201FR-071KL-Yageo-datasheet-79472498.pdf?src-supplier=Megastar"; VariantName = "[No Variations]"
Add component (AddParameter): Name = "ComponentLink23Description"; Value = "https://datasheet.octopart.com/RC0201FR-071KL-Yageo-datasheet-73766026.pdf"; VariantName = "[No Variations]"
Add component (AddParameter): Name = "ComponentLink23URL"; Value = "https://datasheet.octopart.com/RC0201FR-071KL-Yageo-datasheet-73766026.pdf"; VariantName = "[No Variations]"
Add component (AddParameter): Name = "ComponentLink24Description"; Value = "http://sigma.octopart.com:80/conflict_mineral_statement/Yageo-company-3.pdf?src-supplier=Compliance+Statements"; VariantName = "[No Variations]"
Add component (AddParameter): Name = "ComponentLink24URL"; Value = "http://sigma.octopart.com:80/conflict_mineral_statement/Yageo-company-3.pdf?src-supplier=Compliance+Statements"; VariantName = "[No Variations]"
Add component (AddParameter): Name = "ComponentLink25Description"; Value = "http://sigma.octopart.com:80/rohs_statement/Yageo-company-2.pdf?src-supplier=Compliance+Statements"; VariantName = "[No Variations]"
Add component (AddParameter): Name = "ComponentLink25URL"; Value = "http://sigma.octopart.com:80/rohs_statement/Yageo-company-2.pdf?src-supplier=Compliance+Statements"; VariantName = "[No Variations]"
Add component (AddParameter): Name = "Composition"; Value = "Thick Film"; VariantName = "[No Variations]"
Add component (AddParameter): Name = "Contact Plating"; Value = "Tin"; VariantName = "[No Variations]"
Add component (AddParameter): Name = "Country of Origin"; Value = "Mainland China, Taiwan"; VariantName = "[No Variations]"
Add component (AddParameter): Name = "Depth"; Value = "300µm"; VariantName = "[No Variations]"
Add component (AddParameter): Name = "Export Control Classification Number (ECCN) Code"; Value = "EAR99"; VariantName = "[No Variations]"
Add component (AddParameter): Name = "Features"; Value = "Moisture Resistant"; VariantName = "[No Variations]"
Add component (AddParameter): Name = "Harmonized Tariff Schedule (HTS) Code"; Value = "8533.21.00.30"; VariantName = "[No Variations]"
Add component (AddParameter): Name = "Height"; Value = "230µm"; VariantName = "[No Variations]"
Add component (AddParameter): Name = "Introduction Date"; Value = "2008-07-18"; VariantName = "[No Variations]"
Add component (AddParameter): Name = "Lead Free"; Value = "Lead Free"; VariantName = "[No Variations]"
Add component (AddParameter): Name = "Length"; Value = "600µm"; VariantName = "[No Variations]"
Add component (AddParameter): Name = "Lifecycle Status"; Value = "Production"; VariantName = "[No Variations]"
Add component (AddParameter): Name = "Manufacturer"; Value = "Yageo Group"; VariantName = "[No Variations]"
Add component (AddParameter): Name = "Manufacturer Part Number"; Value = "RC0201FR-071KL"; VariantName = "[No Variations]"
Add component (AddParameter): Name = "Max Operating Temperature"; Value = "125°C"; VariantName = "[No Variations]"
Add component (AddParameter): Name = "Max Power Dissipation"; Value = "50mW"; VariantName = "[No Variations]"
Add component (AddParameter): Name = "Military Standard"; Value = "Not"; VariantName = "[No Variations]"
Add component (AddParameter): Name = "Min Operating Temperature"; Value = "-55°C"; VariantName = "[No Variations]"
Add component (AddParameter): Name = "Mounting Technology"; Value = "Surface Mount"; VariantName = "[No Variations]"
Add component (AddParameter): Name = "Number of Terminals"; Value = "2"; VariantName = "[No Variations]"
Add component (AddParameter): Name = "Number of Terminations"; Value = "2"; VariantName = "[No Variations]"
Add component (AddParameter): Name = "Packaging"; Value = "Tape & Reel"; VariantName = "[No Variations]"
Add component (AddParameter): Name = "Power Rating"; Value = "50mW"; VariantName = "[No Variations]"
Add component (AddParameter): Name = "Pricing"; Value = "1=0,1, 10=0,034, 25=0,0252, 50=0,0204, 100=0,0168, 250=0,01316, 500=0,01112, 1000=0,00952, 5000=0,00698 (USD)"; VariantName = "[No Variations]"
Add component (AddParameter): Name = "Radiation Hardening"; Value = "No"; VariantName = "[No Variations]"
Add component (AddParameter): Name = "REACH SVHC"; Value = "Yes"; VariantName = "[No Variations]"
Add component (AddParameter): Name = "RoHS"; Value = "Compliant"; VariantName = "[No Variations]"
Add component (AddParameter): Name = "Schedule B"; Value = "8533210045, 8533210045|8533210045|8533210045|8533210045|8533210045|8533210045|8533210045|8533210045|8533210045|8533210045|8533210045|8533210045|8533210045|8533210045|8533210045|8533210045|8533210045|8533210045|8533210045|8533210045|8533210045|8533210045|8533210045|85"; VariantName = "[No Variations]"
Add component (AddParameter): Name = "Stock"; Value = "505262"; VariantName = "[No Variations]"
Add component (AddParameter): Name = "Supplier"; Value = "DigiKey"; VariantName = "[No Variations]"
Add component (AddParameter): Name = "Supplier 1"; Value = "DigiKey"; VariantName = "[No Variations]"
Add component (AddParameter): Name = "Supplier Part Number"; Value = "311-1KMCT-ND"; VariantName = "[No Variations]"
Add component (AddParameter): Name = "Supplier Part Number 1"; Value = "311-1KMCT-ND"; VariantName = "[No Variations]"
Add component (AddParameter): Name = "Temperature Coefficient"; Value = "200ppm/°C"; VariantName = "[No Variations]"
Add component (AddParameter): Name = "Termination"; Value = "SMD/SMT"; VariantName = "[No Variations]"
Add component (AddParameter): Name = "Tolerance"; Value = "1%"; VariantName = "[No Variations]"
Add component (AddParameter): Name = "Value"; Value = "1kO"; VariantName = "[No Variations]"
Add component (AddParameter): Name = "Voltage Rating"; Value = "25V"; VariantName = "[No Variations]"
Add component (AddParameter): Name = "Voltage Rating (DC)"; Value = "25V"; VariantName = "[No Variations]"
Add component (AddParameter): Name = "Width"; Value = "300µm"; VariantName = "[No Variations]"
Add component (AddParameter): Name = "Working Voltage"; Value = "25V"; VariantName = "[No Variations]"
Added Component: Designator=R9(R0201)
Add component (AddParameter): Name = "Case Code (Imperial)"; Value = "0201"; VariantName = "[No Variations]"
Add component (AddParameter): Name = "Case Code (Metric)"; Value = "0603"; VariantName = "[No Variations]"
Add component (AddParameter): Name = "Case/Package"; Value = "0201"; VariantName = "[No Variations]"
Add component (AddParameter): Name = "Category"; Value = "Chip SMD Resistors"; VariantName = "[No Variations]"
Add component (AddParameter): Name = "China RoHS"; Value = "Non-Compliant"; VariantName = "[No Variations]"
Add component (AddParameter): Name = "ComponentLink1Description"; Value = "https://datasheet.octopart.com:443/RC0201FR-07100RL-Yageo-datasheet-175887523.pdf?src-supplier=Newark"; VariantName = "[No Variations]"
Add component (AddParameter): Name = "ComponentLink1URL"; Value = "https://datasheet.octopart.com:443/RC0201FR-07100RL-Yageo-datasheet-175887523.pdf?src-supplier=Newark"; VariantName = "[No Variations]"
Add component (AddParameter): Name = "ComponentLink2Description"; Value = "https://datasheet.octopart.com:443/RC0201FR-07100RL-Yageo-datasheet-10025917.pdf?src-supplier=Newark"; VariantName = "[No Variations]"
Add component (AddParameter): Name = "ComponentLink2URL"; Value = "https://datasheet.octopart.com:443/RC0201FR-07100RL-Yageo-datasheet-10025917.pdf?src-supplier=Newark"; VariantName = "[No Variations]"
Add component (AddParameter): Name = "ComponentLink3Description"; Value = "https://datasheet.octopart.com:443/RC0201FR-07100RL-Yageo-datasheet-12509713.pdf?src-supplier=_legacy+Avnet"; VariantName = "[No Variations]"
Add component (AddParameter): Name = "ComponentLink3URL"; Value = "https://datasheet.octopart.com:443/RC0201FR-07100RL-Yageo-datasheet-12509713.pdf?src-supplier=_legacy+Avnet"; VariantName = "[No Variations]"
Add component (AddParameter): Name = "ComponentLink4Description"; Value = "https://datasheet.octopart.com:443/RC0201FR-07100RL-Yageo-datasheet-13314888.pdf?src-supplier=Upverter"; VariantName = "[No Variations]"
Add component (AddParameter): Name = "ComponentLink4URL"; Value = "https://datasheet.octopart.com:443/RC0201FR-07100RL-Yageo-datasheet-13314888.pdf?src-supplier=Upverter"; VariantName = "[No Variations]"
Add component (AddParameter): Name = "ComponentLink5Description"; Value = "https://datasheet.octopart.com:443/RC0201FR-07100RL-Yageo-datasheet-12549147.pdf?src-supplier=Upverter"; VariantName = "[No Variations]"
Add component (AddParameter): Name = "ComponentLink5URL"; Value = "https://datasheet.octopart.com:443/RC0201FR-07100RL-Yageo-datasheet-12549147.pdf?src-supplier=Upverter"; VariantName = "[No Variations]"
Add component (AddParameter): Name = "ComponentLink6Description"; Value = "https://datasheet.octopart.com:443/RC0201FR-07100RL-Yageo-datasheet-12509741.pdf?src-supplier=Upverter"; VariantName = "[No Variations]"
Add component (AddParameter): Name = "ComponentLink6URL"; Value = "https://datasheet.octopart.com:443/RC0201FR-07100RL-Yageo-datasheet-12509741.pdf?src-supplier=Upverter"; VariantName = "[No Variations]"
Add component (AddParameter): Name = "ComponentLink7Description"; Value = "https://datasheet.octopart.com:443/RC0201FR-07100RL-Yageo-datasheet-62067350.pdf?src-supplier=element14+APAC"; VariantName = "[No Variations]"
Add component (AddParameter): Name = "ComponentLink7URL"; Value = "https://datasheet.octopart.com:443/RC0201FR-07100RL-Yageo-datasheet-62067350.pdf?src-supplier=element14+APAC"; VariantName = "[No Variations]"
Add component (AddParameter): Name = "ComponentLink8Description"; Value = "https://datasheet.octopart.com:443/RC0201FR-07100RL-Yageo-datasheet-10911895.pdf?src-supplier=element14+APAC"; VariantName = "[No Variations]"
Add component (AddParameter): Name = "ComponentLink8URL"; Value = "https://datasheet.octopart.com:443/RC0201FR-07100RL-Yageo-datasheet-10911895.pdf?src-supplier=element14+APAC"; VariantName = "[No Variations]"
Add component (AddParameter): Name = "ComponentLink9Description"; Value = "https://datasheet.octopart.com:443/RC0201FR-07100RL-Yageo-Group-datasheet-176638170.pdf?src-supplier=Future+Electronics"; VariantName = "[No Variations]"
Add component (AddParameter): Name = "ComponentLink9URL"; Value = "https://datasheet.octopart.com:443/RC0201FR-07100RL-Yageo-Group-datasheet-176638170.pdf?src-supplier=Future+Electronics"; VariantName = "[No Variations]"
Add component (AddParameter): Name = "ComponentLink10Description"; Value = "https://datasheet.octopart.com:443/RC0201FR-07100RL-Yageo-datasheet-164759695.pdf?src-supplier=Future+Electronics"; VariantName = "[No Variations]"
Add component (AddParameter): Name = "ComponentLink10URL"; Value = "https://datasheet.octopart.com:443/RC0201FR-07100RL-Yageo-datasheet-164759695.pdf?src-supplier=Future+Electronics"; VariantName = "[No Variations]"
Add component (AddParameter): Name = "ComponentLink11Description"; Value = "https://datasheet.octopart.com:443/RC0201FR-07100RL-Yageo-datasheet-127823281.pdf?src-supplier=Future+Electronics"; VariantName = "[No Variations]"
Add component (AddParameter): Name = "ComponentLink11URL"; Value = "https://datasheet.octopart.com:443/RC0201FR-07100RL-Yageo-datasheet-127823281.pdf?src-supplier=Future+Electronics"; VariantName = "[No Variations]"
Add component (AddParameter): Name = "ComponentLink12Description"; Value = "https://datasheet.octopart.com:443/RC0201FR-07100RL-Yageo-datasheet-137700087.pdf?src-supplier=Future+Electronics"; VariantName = "[No Variations]"
Add component (AddParameter): Name = "ComponentLink12URL"; Value = "https://datasheet.octopart.com:443/RC0201FR-07100RL-Yageo-datasheet-137700087.pdf?src-supplier=Future+Electronics"; VariantName = "[No Variations]"
Add component (AddParameter): Name = "ComponentLink13Description"; Value = "https://datasheet.octopart.com:443/RC0201FR-07100RL-Yageo-datasheet-103092701.pdf?src-supplier=Future+Electronics"; VariantName = "[No Variations]"
Add component (AddParameter): Name = "ComponentLink13URL"; Value = "https://datasheet.octopart.com:443/RC0201FR-07100RL-Yageo-datasheet-103092701.pdf?src-supplier=Future+Electronics"; VariantName = "[No Variations]"
Add component (AddParameter): Name = "ComponentLink14Description"; Value = "https://datasheet.octopart.com:443/RC0201FR-07100RL-Yageo-datasheet-98239111.pdf?src-supplier=Future+Electronics"; VariantName = "[No Variations]"
Add component (AddParameter): Name = "ComponentLink14URL"; Value = "https://datasheet.octopart.com:443/RC0201FR-07100RL-Yageo-datasheet-98239111.pdf?src-supplier=Future+Electronics"; VariantName = "[No Variations]"
Add component (AddParameter): Name = "ComponentLink15Description"; Value = "https://datasheet.octopart.com:443/RC0201FR-07100RL-Yageo-datasheet-44382975.pdf?src-supplier=Future+Electronics"; VariantName = "[No Variations]"
Add component (AddParameter): Name = "ComponentLink15URL"; Value = "https://datasheet.octopart.com:443/RC0201FR-07100RL-Yageo-datasheet-44382975.pdf?src-supplier=Future+Electronics"; VariantName = "[No Variations]"
Add component (AddParameter): Name = "ComponentLink16Description"; Value = "https://datasheet.octopart.com:443/RC0201FR-07100RL-Yageo-datasheet-41589693.pdf?src-supplier=Future+Electronics"; VariantName = "[No Variations]"
Add component (AddParameter): Name = "ComponentLink16URL"; Value = "https://datasheet.octopart.com:443/RC0201FR-07100RL-Yageo-datasheet-41589693.pdf?src-supplier=Future+Electronics"; VariantName = "[No Variations]"
Add component (AddParameter): Name = "ComponentLink17Description"; Value = "https://datasheet.octopart.com:443/RC0201FR-07100RL-Yageo-datasheet-37140709.pdf?src-supplier=Future+Electronics"; VariantName = "[No Variations]"
Add component (AddParameter): Name = "ComponentLink17URL"; Value = "https://datasheet.octopart.com:443/RC0201FR-07100RL-Yageo-datasheet-37140709.pdf?src-supplier=Future+Electronics"; VariantName = "[No Variations]"
Add component (AddParameter): Name = "ComponentLink18Description"; Value = "https://datasheet.octopart.com:443/RC0201FR-07100RL-Yageo-datasheet-12509768.pdf?src-supplier=Future+Electronics"; VariantName = "[No Variations]"
Add component (AddParameter): Name = "ComponentLink18URL"; Value = "https://datasheet.octopart.com:443/RC0201FR-07100RL-Yageo-datasheet-12509768.pdf?src-supplier=Future+Electronics"; VariantName = "[No Variations]"
Add component (AddParameter): Name = "ComponentLink19Description"; Value = "https://datasheet.octopart.com:443/RC0201FR-07100RL-Yageo-datasheet-12590898.pdf?src-supplier=Future+Electronics"; VariantName = "[No Variations]"
Add component (AddParameter): Name = "ComponentLink19URL"; Value = "https://datasheet.octopart.com:443/RC0201FR-07100RL-Yageo-datasheet-12590898.pdf?src-supplier=Future+Electronics"; VariantName = "[No Variations]"
Add component (AddParameter): Name = "ComponentLink20Description"; Value = "https://datasheet.octopart.com:443/RC0201FR-07100RL-Yageo-datasheet-8325180.pdf?src-supplier=Future+Electronics"; VariantName = "[No Variations]"
Add component (AddParameter): Name = "ComponentLink20URL"; Value = "https://datasheet.octopart.com:443/RC0201FR-07100RL-Yageo-datasheet-8325180.pdf?src-supplier=Future+Electronics"; VariantName = "[No Variations]"
Add component (AddParameter): Name = "ComponentLink21Description"; Value = "https://datasheet.octopart.com:443/RC0201FR-07100RL-Yageo-datasheet-12535854.pdf?src-supplier=Future+Electronics"; VariantName = "[No Variations]"
Add component (AddParameter): Name = "ComponentLink21URL"; Value = "https://datasheet.octopart.com:443/RC0201FR-07100RL-Yageo-datasheet-12535854.pdf?src-supplier=Future+Electronics"; VariantName = "[No Variations]"
Add component (AddParameter): Name = "ComponentLink22Description"; Value = "https://datasheet.octopart.com:443/RC0201FR-07100RL-Yageo-datasheet-148775077.pdf?src-supplier=TME"; VariantName = "[No Variations]"
Add component (AddParameter): Name = "ComponentLink22URL"; Value = "https://datasheet.octopart.com:443/RC0201FR-07100RL-Yageo-datasheet-148775077.pdf?src-supplier=TME"; VariantName = "[No Variations]"
Add component (AddParameter): Name = "ComponentLink23Description"; Value = "https://datasheet.octopart.com/RC0201FR-07100RL-Yageo-datasheet-73766026.pdf"; VariantName = "[No Variations]"
Add component (AddParameter): Name = "ComponentLink23URL"; Value = "https://datasheet.octopart.com/RC0201FR-07100RL-Yageo-datasheet-73766026.pdf"; VariantName = "[No Variations]"
Add component (AddParameter): Name = "ComponentLink24Description"; Value = "http://sigma.octopart.com:80/conflict_mineral_statement/Yageo-company-3.pdf?src-supplier=Compliance+Statements"; VariantName = "[No Variations]"
Add component (AddParameter): Name = "ComponentLink24URL"; Value = "http://sigma.octopart.com:80/conflict_mineral_statement/Yageo-company-3.pdf?src-supplier=Compliance+Statements"; VariantName = "[No Variations]"
Add component (AddParameter): Name = "ComponentLink25Description"; Value = "http://sigma.octopart.com:80/rohs_statement/Yageo-company-2.pdf?src-supplier=Compliance+Statements"; VariantName = "[No Variations]"
Add component (AddParameter): Name = "ComponentLink25URL"; Value = "http://sigma.octopart.com:80/rohs_statement/Yageo-company-2.pdf?src-supplier=Compliance+Statements"; VariantName = "[No Variations]"
Add component (AddParameter): Name = "Composition"; Value = "Thick Film"; VariantName = "[No Variations]"
Add component (AddParameter): Name = "Contact Plating"; Value = "Tin"; VariantName = "[No Variations]"
Add component (AddParameter): Name = "Features"; Value = "Moisture Resistant"; VariantName = "[No Variations]"
Add component (AddParameter): Name = "Height"; Value = "230µm"; VariantName = "[No Variations]"
Add component (AddParameter): Name = "Lead Free"; Value = "Lead Free"; VariantName = "[No Variations]"
Add component (AddParameter): Name = "Length"; Value = "600µm"; VariantName = "[No Variations]"
Add component (AddParameter): Name = "Lifecycle Status"; Value = "Production"; VariantName = "[No Variations]"
Add component (AddParameter): Name = "Manufacturer"; Value = "Yageo Group"; VariantName = "[No Variations]"
Add component (AddParameter): Name = "Manufacturer Part Number"; Value = "RC0201FR-07100RL"; VariantName = "[No Variations]"
Add component (AddParameter): Name = "Max Operating Temperature"; Value = "125°C"; VariantName = "[No Variations]"
Add component (AddParameter): Name = "Max Power Dissipation"; Value = "50mW"; VariantName = "[No Variations]"
Add component (AddParameter): Name = "Min Operating Temperature"; Value = "-55°C"; VariantName = "[No Variations]"
Add component (AddParameter): Name = "Mounting Technology"; Value = "Surface Mount"; VariantName = "[No Variations]"
Add component (AddParameter): Name = "Number of Terminals"; Value = "2"; VariantName = "[No Variations]"
Add component (AddParameter): Name = "Number of Terminations"; Value = "2"; VariantName = "[No Variations]"
Add component (AddParameter): Name = "Power Rating"; Value = "50mW"; VariantName = "[No Variations]"
Add component (AddParameter): Name = "Pricing"; Value = "1=0,1, 10=0,034, 25=0,0252, 50=0,0204, 100=0,0168, 250=0,01316, 500=0,01112, 1000=0,00952, 5000=0,00698 (USD)"; VariantName = "[No Variations]"
Add component (AddParameter): Name = "Radiation Hardening"; Value = "No"; VariantName = "[No Variations]"
Add component (AddParameter): Name = "REACH SVHC"; Value = "Yes"; VariantName = "[No Variations]"
Add component (AddParameter): Name = "RoHS"; Value = "Compliant"; VariantName = "[No Variations]"
Add component (AddParameter): Name = "Schedule B"; Value = "8533210045, 8533210045|8533210045|8533210045|8533210045|8533210045|8533210045|8533210045|8533210045|8533210045|8533210045|8533210045|8533210045|8533210045|8533210045|8533210045|8533210045|8533210045|8533210045|8533210045|8533210045|8533210045|8533210045|8533210045|85"; VariantName = "[No Variations]"
Add component (AddParameter): Name = "Stock"; Value = "481195"; VariantName = "[No Variations]"
Add component (AddParameter): Name = "Supplier"; Value = "DigiKey"; VariantName = "[No Variations]"
Add component (AddParameter): Name = "Supplier 1"; Value = "DigiKey"; VariantName = "[No Variations]"
Add component (AddParameter): Name = "Supplier Part Number"; Value = "311-100MCT-ND"; VariantName = "[No Variations]"
Add component (AddParameter): Name = "Supplier Part Number 1"; Value = "311-100MCT-ND"; VariantName = "[No Variations]"
Add component (AddParameter): Name = "Temperature Coefficient"; Value = "200ppm/°C"; VariantName = "[No Variations]"
Add component (AddParameter): Name = "Termination"; Value = "SMD/SMT"; VariantName = "[No Variations]"
Add component (AddParameter): Name = "Tolerance"; Value = "1%"; VariantName = "[No Variations]"
Add component (AddParameter): Name = "Value"; Value = "100O"; VariantName = "[No Variations]"
Add component (AddParameter): Name = "Voltage Rating"; Value = "25V"; VariantName = "[No Variations]"
Add component (AddParameter): Name = "Width"; Value = "300µm"; VariantName = "[No Variations]"
Add component (AddParameter): Name = "Working Voltage"; Value = "25V"; VariantName = "[No Variations]"
Added Component: Designator=R10(R0201)
Add component (AddParameter): Name = "Case Code (Imperial)"; Value = "0201"; VariantName = "[No Variations]"
Add component (AddParameter): Name = "Case Code (Metric)"; Value = "0603"; VariantName = "[No Variations]"
Add component (AddParameter): Name = "Case/Package"; Value = "0201"; VariantName = "[No Variations]"
Add component (AddParameter): Name = "Category"; Value = "Chip SMD Resistors"; VariantName = "[No Variations]"
Add component (AddParameter): Name = "China RoHS"; Value = "Non-Compliant"; VariantName = "[No Variations]"
Add component (AddParameter): Name = "ComponentLink1Description"; Value = "https://datasheet.octopart.com:443/RC0201JR-0782RL-Yageo-datasheet-175887523.pdf?src-supplier=IHS"; VariantName = "[No Variations]"
Add component (AddParameter): Name = "ComponentLink1URL"; Value = "https://datasheet.octopart.com:443/RC0201JR-0782RL-Yageo-datasheet-175887523.pdf?src-supplier=IHS"; VariantName = "[No Variations]"
Add component (AddParameter): Name = "ComponentLink2Description"; Value = "https://datasheet.octopart.com:443/RC0201JR-0782RL-Yageo-Group-datasheet-176638170.pdf?src-supplier=Future+Electronics"; VariantName = "[No Variations]"
Add component (AddParameter): Name = "ComponentLink2URL"; Value = "https://datasheet.octopart.com:443/RC0201JR-0782RL-Yageo-Group-datasheet-176638170.pdf?src-supplier=Future+Electronics"; VariantName = "[No Variations]"
Add component (AddParameter): Name = "ComponentLink3Description"; Value = "https://datasheet.octopart.com:443/RC0201JR-0782RL-Yageo-datasheet-164759695.pdf?src-supplier=Future+Electronics"; VariantName = "[No Variations]"
Add component (AddParameter): Name = "ComponentLink3URL"; Value = "https://datasheet.octopart.com:443/RC0201JR-0782RL-Yageo-datasheet-164759695.pdf?src-supplier=Future+Electronics"; VariantName = "[No Variations]"
Add component (AddParameter): Name = "ComponentLink4Description"; Value = "https://datasheet.octopart.com:443/RC0201JR-0782RL-Yageo-datasheet-127823281.pdf?src-supplier=Future+Electronics"; VariantName = "[No Variations]"
Add component (AddParameter): Name = "ComponentLink4URL"; Value = "https://datasheet.octopart.com:443/RC0201JR-0782RL-Yageo-datasheet-127823281.pdf?src-supplier=Future+Electronics"; VariantName = "[No Variations]"
Add component (AddParameter): Name = "ComponentLink5Description"; Value = "https://datasheet.octopart.com:443/RC0201JR-0782RL-Yageo-datasheet-137700087.pdf?src-supplier=Future+Electronics"; VariantName = "[No Variations]"
Add component (AddParameter): Name = "ComponentLink5URL"; Value = "https://datasheet.octopart.com:443/RC0201JR-0782RL-Yageo-datasheet-137700087.pdf?src-supplier=Future+Electronics"; VariantName = "[No Variations]"
Add component (AddParameter): Name = "ComponentLink6Description"; Value = "https://datasheet.octopart.com:443/RC0201JR-0782RL-Yageo-datasheet-103092701.pdf?src-supplier=Future+Electronics"; VariantName = "[No Variations]"
Add component (AddParameter): Name = "ComponentLink6URL"; Value = "https://datasheet.octopart.com:443/RC0201JR-0782RL-Yageo-datasheet-103092701.pdf?src-supplier=Future+Electronics"; VariantName = "[No Variations]"
Add component (AddParameter): Name = "ComponentLink7Description"; Value = "https://datasheet.octopart.com:443/RC0201JR-0782RL-Yageo-datasheet-98239111.pdf?src-supplier=Future+Electronics"; VariantName = "[No Variations]"
Add component (AddParameter): Name = "ComponentLink7URL"; Value = "https://datasheet.octopart.com:443/RC0201JR-0782RL-Yageo-datasheet-98239111.pdf?src-supplier=Future+Electronics"; VariantName = "[No Variations]"
Add component (AddParameter): Name = "ComponentLink8Description"; Value = "https://datasheet.octopart.com:443/RC0201JR-0782RL-Yageo-datasheet-37140709.pdf?src-supplier=Future+Electronics"; VariantName = "[No Variations]"
Add component (AddParameter): Name = "ComponentLink8URL"; Value = "https://datasheet.octopart.com:443/RC0201JR-0782RL-Yageo-datasheet-37140709.pdf?src-supplier=Future+Electronics"; VariantName = "[No Variations]"
Add component (AddParameter): Name = "ComponentLink9Description"; Value = "https://datasheet.octopart.com:443/RC0201JR-0782RL-Yageo-datasheet-12590898.pdf?src-supplier=Future+Electronics"; VariantName = "[No Variations]"
Add component (AddParameter): Name = "ComponentLink9URL"; Value = "https://datasheet.octopart.com:443/RC0201JR-0782RL-Yageo-datasheet-12590898.pdf?src-supplier=Future+Electronics"; VariantName = "[No Variations]"
Add component (AddParameter): Name = "ComponentLink10Description"; Value = "https://datasheet.octopart.com:443/RC0201JR-0782RL-Yageo-datasheet-12509713.pdf?src-supplier=Future+Electronics"; VariantName = "[No Variations]"
Add component (AddParameter): Name = "ComponentLink10URL"; Value = "https://datasheet.octopart.com:443/RC0201JR-0782RL-Yageo-datasheet-12509713.pdf?src-supplier=Future+Electronics"; VariantName = "[No Variations]"
Add component (AddParameter): Name = "ComponentLink11Description"; Value = "https://datasheet.octopart.com:443/RC0201JR-0782RL-Yageo-datasheet-8325180.pdf?src-supplier=Future+Electronics"; VariantName = "[No Variations]"
Add component (AddParameter): Name = "ComponentLink11URL"; Value = "https://datasheet.octopart.com:443/RC0201JR-0782RL-Yageo-datasheet-8325180.pdf?src-supplier=Future+Electronics"; VariantName = "[No Variations]"
Add component (AddParameter): Name = "ComponentLink12Description"; Value = "https://datasheet.octopart.com:443/RC0201JR-0782RL-Yageo-datasheet-12535854.pdf?src-supplier=Future+Electronics"; VariantName = "[No Variations]"
Add component (AddParameter): Name = "ComponentLink12URL"; Value = "https://datasheet.octopart.com:443/RC0201JR-0782RL-Yageo-datasheet-12535854.pdf?src-supplier=Future+Electronics"; VariantName = "[No Variations]"
Add component (AddParameter): Name = "ComponentLink13Description"; Value = "https://datasheet.octopart.com/RC0201JR-0782RL-Yageo-datasheet-73766026.pdf"; VariantName = "[No Variations]"
Add component (AddParameter): Name = "ComponentLink13URL"; Value = "https://datasheet.octopart.com/RC0201JR-0782RL-Yageo-datasheet-73766026.pdf"; VariantName = "[No Variations]"
Add component (AddParameter): Name = "ComponentLink14Description"; Value = "http://sigma.octopart.com:80/conflict_mineral_statement/Yageo-company-3.pdf?src-supplier=Compliance+Statements"; VariantName = "[No Variations]"
Add component (AddParameter): Name = "ComponentLink14URL"; Value = "http://sigma.octopart.com:80/conflict_mineral_statement/Yageo-company-3.pdf?src-supplier=Compliance+Statements"; VariantName = "[No Variations]"
Add component (AddParameter): Name = "ComponentLink15Description"; Value = "http://sigma.octopart.com:80/rohs_statement/Yageo-company-2.pdf?src-supplier=Compliance+Statements"; VariantName = "[No Variations]"
Add component (AddParameter): Name = "ComponentLink15URL"; Value = "http://sigma.octopart.com:80/rohs_statement/Yageo-company-2.pdf?src-supplier=Compliance+Statements"; VariantName = "[No Variations]"
Add component (AddParameter): Name = "Composition"; Value = "Thick Film"; VariantName = "[No Variations]"
Add component (AddParameter): Name = "Contact Plating"; Value = "Tin"; VariantName = "[No Variations]"
Add component (AddParameter): Name = "Features"; Value = "Moisture Resistant"; VariantName = "[No Variations]"
Add component (AddParameter): Name = "Height"; Value = "230µm"; VariantName = "[No Variations]"
Add component (AddParameter): Name = "Lead Free"; Value = "Lead Free"; VariantName = "[No Variations]"
Add component (AddParameter): Name = "Length"; Value = "600µm"; VariantName = "[No Variations]"
Add component (AddParameter): Name = "Lifecycle Status"; Value = "Production"; VariantName = "[No Variations]"
Add component (AddParameter): Name = "Manufacturer"; Value = "Yageo Group"; VariantName = "[No Variations]"
Add component (AddParameter): Name = "Manufacturer Part Number"; Value = "RC0201JR-0782RL"; VariantName = "[No Variations]"
Add component (AddParameter): Name = "Max Operating Temperature"; Value = "125°C"; VariantName = "[No Variations]"
Add component (AddParameter): Name = "Max Power Dissipation"; Value = "50mW"; VariantName = "[No Variations]"
Add component (AddParameter): Name = "Min Operating Temperature"; Value = "-55°C"; VariantName = "[No Variations]"
Add component (AddParameter): Name = "Mounting Technology"; Value = "Surface Mount"; VariantName = "[No Variations]"
Add component (AddParameter): Name = "Number of Terminals"; Value = "2"; VariantName = "[No Variations]"
Add component (AddParameter): Name = "Number of Terminations"; Value = "2"; VariantName = "[No Variations]"
Add component (AddParameter): Name = "Power Rating"; Value = "50mW"; VariantName = "[No Variations]"
Add component (AddParameter): Name = "Pricing"; Value = "1=0,1, 10=0,028, 25=0,0204, 50=0,0166, 100=0,0135, 250=0,01048, 500=0,00878, 1000=0,00744, 5000=0,00534 (USD)"; VariantName = "[No Variations]"
Add component (AddParameter): Name = "Radiation Hardening"; Value = "No"; VariantName = "[No Variations]"
Add component (AddParameter): Name = "REACH SVHC"; Value = "Yes"; VariantName = "[No Variations]"
Add component (AddParameter): Name = "RoHS"; Value = "Compliant"; VariantName = "[No Variations]"
Add component (AddParameter): Name = "Stock"; Value = "21905"; VariantName = "[No Variations]"
Add component (AddParameter): Name = "Supplier"; Value = "DigiKey"; VariantName = "[No Variations]"
Add component (AddParameter): Name = "Supplier 1"; Value = "DigiKey"; VariantName = "[No Variations]"
Add component (AddParameter): Name = "Supplier Part Number"; Value = "YAG2365CT-ND"; VariantName = "[No Variations]"
Add component (AddParameter): Name = "Supplier Part Number 1"; Value = "YAG2365CT-ND"; VariantName = "[No Variations]"
Add component (AddParameter): Name = "Temperature Coefficient"; Value = "200ppm/°C"; VariantName = "[No Variations]"
Add component (AddParameter): Name = "Termination"; Value = "SMD/SMT"; VariantName = "[No Variations]"
Add component (AddParameter): Name = "Tolerance"; Value = "5%"; VariantName = "[No Variations]"
Add component (AddParameter): Name = "Value"; Value = "82O"; VariantName = "[No Variations]"
Add component (AddParameter): Name = "Voltage Rating"; Value = "25V"; VariantName = "[No Variations]"
Add component (AddParameter): Name = "Width"; Value = "300µm"; VariantName = "[No Variations]"
Add component (AddParameter): Name = "Working Voltage"; Value = "25V"; VariantName = "[No Variations]"
Added Component: Designator=R11(R0201)
Add component (AddParameter): Name = "Case Code (Imperial)"; Value = "0201"; VariantName = "[No Variations]"
Add component (AddParameter): Name = "Case Code (Metric)"; Value = "0603"; VariantName = "[No Variations]"
Add component (AddParameter): Name = "Case/Package"; Value = "0201"; VariantName = "[No Variations]"
Add component (AddParameter): Name = "Category"; Value = "Chip SMD Resistors"; VariantName = "[No Variations]"
Add component (AddParameter): Name = "China RoHS"; Value = "Non-Compliant"; VariantName = "[No Variations]"
Add component (AddParameter): Name = "ComponentLink1Description"; Value = "https://datasheet.octopart.com:443/RC0201JR-0782RL-Yageo-datasheet-175887523.pdf?src-supplier=IHS"; VariantName = "[No Variations]"
Add component (AddParameter): Name = "ComponentLink1URL"; Value = "https://datasheet.octopart.com:443/RC0201JR-0782RL-Yageo-datasheet-175887523.pdf?src-supplier=IHS"; VariantName = "[No Variations]"
Add component (AddParameter): Name = "ComponentLink2Description"; Value = "https://datasheet.octopart.com:443/RC0201JR-0782RL-Yageo-Group-datasheet-176638170.pdf?src-supplier=Future+Electronics"; VariantName = "[No Variations]"
Add component (AddParameter): Name = "ComponentLink2URL"; Value = "https://datasheet.octopart.com:443/RC0201JR-0782RL-Yageo-Group-datasheet-176638170.pdf?src-supplier=Future+Electronics"; VariantName = "[No Variations]"
Add component (AddParameter): Name = "ComponentLink3Description"; Value = "https://datasheet.octopart.com:443/RC0201JR-0782RL-Yageo-datasheet-164759695.pdf?src-supplier=Future+Electronics"; VariantName = "[No Variations]"
Add component (AddParameter): Name = "ComponentLink3URL"; Value = "https://datasheet.octopart.com:443/RC0201JR-0782RL-Yageo-datasheet-164759695.pdf?src-supplier=Future+Electronics"; VariantName = "[No Variations]"
Add component (AddParameter): Name = "ComponentLink4Description"; Value = "https://datasheet.octopart.com:443/RC0201JR-0782RL-Yageo-datasheet-127823281.pdf?src-supplier=Future+Electronics"; VariantName = "[No Variations]"
Add component (AddParameter): Name = "ComponentLink4URL"; Value = "https://datasheet.octopart.com:443/RC0201JR-0782RL-Yageo-datasheet-127823281.pdf?src-supplier=Future+Electronics"; VariantName = "[No Variations]"
Add component (AddParameter): Name = "ComponentLink5Description"; Value = "https://datasheet.octopart.com:443/RC0201JR-0782RL-Yageo-datasheet-137700087.pdf?src-supplier=Future+Electronics"; VariantName = "[No Variations]"
Add component (AddParameter): Name = "ComponentLink5URL"; Value = "https://datasheet.octopart.com:443/RC0201JR-0782RL-Yageo-datasheet-137700087.pdf?src-supplier=Future+Electronics"; VariantName = "[No Variations]"
Add component (AddParameter): Name = "ComponentLink6Description"; Value = "https://datasheet.octopart.com:443/RC0201JR-0782RL-Yageo-datasheet-103092701.pdf?src-supplier=Future+Electronics"; VariantName = "[No Variations]"
Add component (AddParameter): Name = "ComponentLink6URL"; Value = "https://datasheet.octopart.com:443/RC0201JR-0782RL-Yageo-datasheet-103092701.pdf?src-supplier=Future+Electronics"; VariantName = "[No Variations]"
Add component (AddParameter): Name = "ComponentLink7Description"; Value = "https://datasheet.octopart.com:443/RC0201JR-0782RL-Yageo-datasheet-98239111.pdf?src-supplier=Future+Electronics"; VariantName = "[No Variations]"
Add component (AddParameter): Name = "ComponentLink7URL"; Value = "https://datasheet.octopart.com:443/RC0201JR-0782RL-Yageo-datasheet-98239111.pdf?src-supplier=Future+Electronics"; VariantName = "[No Variations]"
Add component (AddParameter): Name = "ComponentLink8Description"; Value = "https://datasheet.octopart.com:443/RC0201JR-0782RL-Yageo-datasheet-37140709.pdf?src-supplier=Future+Electronics"; VariantName = "[No Variations]"
Add component (AddParameter): Name = "ComponentLink8URL"; Value = "https://datasheet.octopart.com:443/RC0201JR-0782RL-Yageo-datasheet-37140709.pdf?src-supplier=Future+Electronics"; VariantName = "[No Variations]"
Add component (AddParameter): Name = "ComponentLink9Description"; Value = "https://datasheet.octopart.com:443/RC0201JR-0782RL-Yageo-datasheet-12590898.pdf?src-supplier=Future+Electronics"; VariantName = "[No Variations]"
Add component (AddParameter): Name = "ComponentLink9URL"; Value = "https://datasheet.octopart.com:443/RC0201JR-0782RL-Yageo-datasheet-12590898.pdf?src-supplier=Future+Electronics"; VariantName = "[No Variations]"
Add component (AddParameter): Name = "ComponentLink10Description"; Value = "https://datasheet.octopart.com:443/RC0201JR-0782RL-Yageo-datasheet-12509713.pdf?src-supplier=Future+Electronics"; VariantName = "[No Variations]"
Add component (AddParameter): Name = "ComponentLink10URL"; Value = "https://datasheet.octopart.com:443/RC0201JR-0782RL-Yageo-datasheet-12509713.pdf?src-supplier=Future+Electronics"; VariantName = "[No Variations]"
Add component (AddParameter): Name = "ComponentLink11Description"; Value = "https://datasheet.octopart.com:443/RC0201JR-0782RL-Yageo-datasheet-8325180.pdf?src-supplier=Future+Electronics"; VariantName = "[No Variations]"
Add component (AddParameter): Name = "ComponentLink11URL"; Value = "https://datasheet.octopart.com:443/RC0201JR-0782RL-Yageo-datasheet-8325180.pdf?src-supplier=Future+Electronics"; VariantName = "[No Variations]"
Add component (AddParameter): Name = "ComponentLink12Description"; Value = "https://datasheet.octopart.com:443/RC0201JR-0782RL-Yageo-datasheet-12535854.pdf?src-supplier=Future+Electronics"; VariantName = "[No Variations]"
Add component (AddParameter): Name = "ComponentLink12URL"; Value = "https://datasheet.octopart.com:443/RC0201JR-0782RL-Yageo-datasheet-12535854.pdf?src-supplier=Future+Electronics"; VariantName = "[No Variations]"
Add component (AddParameter): Name = "ComponentLink13Description"; Value = "https://datasheet.octopart.com/RC0201JR-0782RL-Yageo-datasheet-73766026.pdf"; VariantName = "[No Variations]"
Add component (AddParameter): Name = "ComponentLink13URL"; Value = "https://datasheet.octopart.com/RC0201JR-0782RL-Yageo-datasheet-73766026.pdf"; VariantName = "[No Variations]"
Add component (AddParameter): Name = "ComponentLink14Description"; Value = "http://sigma.octopart.com:80/conflict_mineral_statement/Yageo-company-3.pdf?src-supplier=Compliance+Statements"; VariantName = "[No Variations]"
Add component (AddParameter): Name = "ComponentLink14URL"; Value = "http://sigma.octopart.com:80/conflict_mineral_statement/Yageo-company-3.pdf?src-supplier=Compliance+Statements"; VariantName = "[No Variations]"
Add component (AddParameter): Name = "ComponentLink15Description"; Value = "http://sigma.octopart.com:80/rohs_statement/Yageo-company-2.pdf?src-supplier=Compliance+Statements"; VariantName = "[No Variations]"
Add component (AddParameter): Name = "ComponentLink15URL"; Value = "http://sigma.octopart.com:80/rohs_statement/Yageo-company-2.pdf?src-supplier=Compliance+Statements"; VariantName = "[No Variations]"
Add component (AddParameter): Name = "Composition"; Value = "Thick Film"; VariantName = "[No Variations]"
Add component (AddParameter): Name = "Contact Plating"; Value = "Tin"; VariantName = "[No Variations]"
Add component (AddParameter): Name = "Features"; Value = "Moisture Resistant"; VariantName = "[No Variations]"
Add component (AddParameter): Name = "Height"; Value = "230µm"; VariantName = "[No Variations]"
Add component (AddParameter): Name = "Lead Free"; Value = "Lead Free"; VariantName = "[No Variations]"
Add component (AddParameter): Name = "Length"; Value = "600µm"; VariantName = "[No Variations]"
Add component (AddParameter): Name = "Lifecycle Status"; Value = "Production"; VariantName = "[No Variations]"
Add component (AddParameter): Name = "Manufacturer"; Value = "Yageo Group"; VariantName = "[No Variations]"
Add component (AddParameter): Name = "Manufacturer Part Number"; Value = "RC0201JR-0782RL"; VariantName = "[No Variations]"
Add component (AddParameter): Name = "Max Operating Temperature"; Value = "125°C"; VariantName = "[No Variations]"
Add component (AddParameter): Name = "Max Power Dissipation"; Value = "50mW"; VariantName = "[No Variations]"
Add component (AddParameter): Name = "Min Operating Temperature"; Value = "-55°C"; VariantName = "[No Variations]"
Add component (AddParameter): Name = "Mounting Technology"; Value = "Surface Mount"; VariantName = "[No Variations]"
Add component (AddParameter): Name = "Number of Terminals"; Value = "2"; VariantName = "[No Variations]"
Add component (AddParameter): Name = "Number of Terminations"; Value = "2"; VariantName = "[No Variations]"
Add component (AddParameter): Name = "Power Rating"; Value = "50mW"; VariantName = "[No Variations]"
Add component (AddParameter): Name = "Pricing"; Value = "1=0,1, 10=0,028, 25=0,0204, 50=0,0166, 100=0,0135, 250=0,01048, 500=0,00878, 1000=0,00744, 5000=0,00534 (USD)"; VariantName = "[No Variations]"
Add component (AddParameter): Name = "Radiation Hardening"; Value = "No"; VariantName = "[No Variations]"
Add component (AddParameter): Name = "REACH SVHC"; Value = "Yes"; VariantName = "[No Variations]"
Add component (AddParameter): Name = "RoHS"; Value = "Compliant"; VariantName = "[No Variations]"
Add component (AddParameter): Name = "Stock"; Value = "21905"; VariantName = "[No Variations]"
Add component (AddParameter): Name = "Supplier"; Value = "DigiKey"; VariantName = "[No Variations]"
Add component (AddParameter): Name = "Supplier 1"; Value = "DigiKey"; VariantName = "[No Variations]"
Add component (AddParameter): Name = "Supplier Part Number"; Value = "YAG2365CT-ND"; VariantName = "[No Variations]"
Add component (AddParameter): Name = "Supplier Part Number 1"; Value = "YAG2365CT-ND"; VariantName = "[No Variations]"
Add component (AddParameter): Name = "Temperature Coefficient"; Value = "200ppm/°C"; VariantName = "[No Variations]"
Add component (AddParameter): Name = "Termination"; Value = "SMD/SMT"; VariantName = "[No Variations]"
Add component (AddParameter): Name = "Tolerance"; Value = "5%"; VariantName = "[No Variations]"
Add component (AddParameter): Name = "Value"; Value = "82O"; VariantName = "[No Variations]"
Add component (AddParameter): Name = "Voltage Rating"; Value = "25V"; VariantName = "[No Variations]"
Add component (AddParameter): Name = "Width"; Value = "300µm"; VariantName = "[No Variations]"
Add component (AddParameter): Name = "Working Voltage"; Value = "25V"; VariantName = "[No Variations]"
Added Component: Designator=R12(R0201)
Add component (AddParameter): Name = "Case Code (Imperial)"; Value = "0201"; VariantName = "[No Variations]"
Add component (AddParameter): Name = "Case Code (Metric)"; Value = "0603"; VariantName = "[No Variations]"
Add component (AddParameter): Name = "Case/Package"; Value = "0201"; VariantName = "[No Variations]"
Add component (AddParameter): Name = "Category"; Value = "Chip SMD Resistors"; VariantName = "[No Variations]"
Add component (AddParameter): Name = "China RoHS"; Value = "Non-Compliant"; VariantName = "[No Variations]"
Add component (AddParameter): Name = "ComponentLink1Description"; Value = "https://datasheet.octopart.com:443/RC0201FR-07100KL-Yageo-datasheet-175887523.pdf?src-supplier=IHS"; VariantName = "[No Variations]"
Add component (AddParameter): Name = "ComponentLink1URL"; Value = "https://datasheet.octopart.com:443/RC0201FR-07100KL-Yageo-datasheet-175887523.pdf?src-supplier=IHS"; VariantName = "[No Variations]"
Add component (AddParameter): Name = "ComponentLink2Description"; Value = "https://datasheet.octopart.com:443/RC0201FR-07100KL-Yageo-datasheet-12509713.pdf?src-supplier=element14+APAC"; VariantName = "[No Variations]"
Add component (AddParameter): Name = "ComponentLink2URL"; Value = "https://datasheet.octopart.com:443/RC0201FR-07100KL-Yageo-datasheet-12509713.pdf?src-supplier=element14+APAC"; VariantName = "[No Variations]"
Add component (AddParameter): Name = "ComponentLink3Description"; Value = "https://datasheet.octopart.com:443/RC0201FR-07100KL-Yageo-datasheet-62067350.pdf?src-supplier=element14+APAC"; VariantName = "[No Variations]"
Add component (AddParameter): Name = "ComponentLink3URL"; Value = "https://datasheet.octopart.com:443/RC0201FR-07100KL-Yageo-datasheet-62067350.pdf?src-supplier=element14+APAC"; VariantName = "[No Variations]"
Add component (AddParameter): Name = "ComponentLink4Description"; Value = "https://datasheet.octopart.com:443/RC0201FR-07100KL-Yageo-datasheet-10911895.pdf?src-supplier=element14+APAC"; VariantName = "[No Variations]"
Add component (AddParameter): Name = "ComponentLink4URL"; Value = "https://datasheet.octopart.com:443/RC0201FR-07100KL-Yageo-datasheet-10911895.pdf?src-supplier=element14+APAC"; VariantName = "[No Variations]"
Add component (AddParameter): Name = "ComponentLink5Description"; Value = "https://datasheet.octopart.com:443/RC0201FR-07100KL-Yageo-datasheet-13314888.pdf?src-supplier=Upverter"; VariantName = "[No Variations]"
Add component (AddParameter): Name = "ComponentLink5URL"; Value = "https://datasheet.octopart.com:443/RC0201FR-07100KL-Yageo-datasheet-13314888.pdf?src-supplier=Upverter"; VariantName = "[No Variations]"
Add component (AddParameter): Name = "ComponentLink6Description"; Value = "https://datasheet.octopart.com:443/RC0201FR-07100KL-Yageo-datasheet-12549147.pdf?src-supplier=Upverter"; VariantName = "[No Variations]"
Add component (AddParameter): Name = "ComponentLink6URL"; Value = "https://datasheet.octopart.com:443/RC0201FR-07100KL-Yageo-datasheet-12549147.pdf?src-supplier=Upverter"; VariantName = "[No Variations]"
Add component (AddParameter): Name = "ComponentLink7Description"; Value = "https://datasheet.octopart.com:443/RC0201FR-07100KL-Yageo-datasheet-12509741.pdf?src-supplier=Upverter"; VariantName = "[No Variations]"
Add component (AddParameter): Name = "ComponentLink7URL"; Value = "https://datasheet.octopart.com:443/RC0201FR-07100KL-Yageo-datasheet-12509741.pdf?src-supplier=Upverter"; VariantName = "[No Variations]"
Add component (AddParameter): Name = "ComponentLink8Description"; Value = "https://datasheet.octopart.com:443/RC0201FR-07100KL-Yageo-Group-datasheet-190305687.pdf?src-supplier=Newark"; VariantName = "[No Variations]"
Add component (AddParameter): Name = "ComponentLink8URL"; Value = "https://datasheet.octopart.com:443/RC0201FR-07100KL-Yageo-Group-datasheet-190305687.pdf?src-supplier=Newark"; VariantName = "[No Variations]"
Add component (AddParameter): Name = "ComponentLink9Description"; Value = "https://datasheet.octopart.com:443/RC0201FR-07100KL-Yageo-datasheet-10025917.pdf?src-supplier=Newark"; VariantName = "[No Variations]"
Add component (AddParameter): Name = "ComponentLink9URL"; Value = "https://datasheet.octopart.com:443/RC0201FR-07100KL-Yageo-datasheet-10025917.pdf?src-supplier=Newark"; VariantName = "[No Variations]"
Add component (AddParameter): Name = "ComponentLink10Description"; Value = "https://datasheet.octopart.com:443/RC0201FR-07100KL-Yageo-Group-datasheet-176638170.pdf?src-supplier=Future+Electronics"; VariantName = "[No Variations]"
Add component (AddParameter): Name = "ComponentLink10URL"; Value = "https://datasheet.octopart.com:443/RC0201FR-07100KL-Yageo-Group-datasheet-176638170.pdf?src-supplier=Future+Electronics"; VariantName = "[No Variations]"
Add component (AddParameter): Name = "ComponentLink11Description"; Value = "https://datasheet.octopart.com:443/RC0201FR-07100KL-Yageo-datasheet-164759695.pdf?src-supplier=Future+Electronics"; VariantName = "[No Variations]"
Add component (AddParameter): Name = "ComponentLink11URL"; Value = "https://datasheet.octopart.com:443/RC0201FR-07100KL-Yageo-datasheet-164759695.pdf?src-supplier=Future+Electronics"; VariantName = "[No Variations]"
Add component (AddParameter): Name = "ComponentLink12Description"; Value = "https://datasheet.octopart.com:443/RC0201FR-07100KL-Yageo-datasheet-127823281.pdf?src-supplier=Future+Electronics"; VariantName = "[No Variations]"
Add component (AddParameter): Name = "ComponentLink12URL"; Value = "https://datasheet.octopart.com:443/RC0201FR-07100KL-Yageo-datasheet-127823281.pdf?src-supplier=Future+Electronics"; VariantName = "[No Variations]"
Add component (AddParameter): Name = "ComponentLink13Description"; Value = "https://datasheet.octopart.com:443/RC0201FR-07100KL-Yageo-datasheet-137700087.pdf?src-supplier=Future+Electronics"; VariantName = "[No Variations]"
Add component (AddParameter): Name = "ComponentLink13URL"; Value = "https://datasheet.octopart.com:443/RC0201FR-07100KL-Yageo-datasheet-137700087.pdf?src-supplier=Future+Electronics"; VariantName = "[No Variations]"
Add component (AddParameter): Name = "ComponentLink14Description"; Value = "https://datasheet.octopart.com:443/RC0201FR-07100KL-Yageo-datasheet-103092701.pdf?src-supplier=Future+Electronics"; VariantName = "[No Variations]"
Add component (AddParameter): Name = "ComponentLink14URL"; Value = "https://datasheet.octopart.com:443/RC0201FR-07100KL-Yageo-datasheet-103092701.pdf?src-supplier=Future+Electronics"; VariantName = "[No Variations]"
Add component (AddParameter): Name = "ComponentLink15Description"; Value = "https://datasheet.octopart.com:443/RC0201FR-07100KL-Yageo-datasheet-98239111.pdf?src-supplier=Future+Electronics"; VariantName = "[No Variations]"
Add component (AddParameter): Name = "ComponentLink15URL"; Value = "https://datasheet.octopart.com:443/RC0201FR-07100KL-Yageo-datasheet-98239111.pdf?src-supplier=Future+Electronics"; VariantName = "[No Variations]"
Add component (AddParameter): Name = "ComponentLink16Description"; Value = "https://datasheet.octopart.com:443/RC0201FR-07100KL-Yageo-datasheet-44382975.pdf?src-supplier=Future+Electronics"; VariantName = "[No Variations]"
Add component (AddParameter): Name = "ComponentLink16URL"; Value = "https://datasheet.octopart.com:443/RC0201FR-07100KL-Yageo-datasheet-44382975.pdf?src-supplier=Future+Electronics"; VariantName = "[No Variations]"
Add component (AddParameter): Name = "ComponentLink17Description"; Value = "https://datasheet.octopart.com:443/RC0201FR-07100KL-Yageo-datasheet-41589693.pdf?src-supplier=Future+Electronics"; VariantName = "[No Variations]"
Add component (AddParameter): Name = "ComponentLink17URL"; Value = "https://datasheet.octopart.com:443/RC0201FR-07100KL-Yageo-datasheet-41589693.pdf?src-supplier=Future+Electronics"; VariantName = "[No Variations]"
Add component (AddParameter): Name = "ComponentLink18Description"; Value = "https://datasheet.octopart.com:443/RC0201FR-07100KL-Yageo-datasheet-37140709.pdf?src-supplier=Future+Electronics"; VariantName = "[No Variations]"
Add component (AddParameter): Name = "ComponentLink18URL"; Value = "https://datasheet.octopart.com:443/RC0201FR-07100KL-Yageo-datasheet-37140709.pdf?src-supplier=Future+Electronics"; VariantName = "[No Variations]"
Add component (AddParameter): Name = "ComponentLink19Description"; Value = "https://datasheet.octopart.com:443/RC0201FR-07100KL-Yageo-datasheet-12590898.pdf?src-supplier=Future+Electronics"; VariantName = "[No Variations]"
Add component (AddParameter): Name = "ComponentLink19URL"; Value = "https://datasheet.octopart.com:443/RC0201FR-07100KL-Yageo-datasheet-12590898.pdf?src-supplier=Future+Electronics"; VariantName = "[No Variations]"
Add component (AddParameter): Name = "ComponentLink20Description"; Value = "https://datasheet.octopart.com:443/RC0201FR-07100KL-Yageo-datasheet-5319114.pdf?src-supplier=Future+Electronics"; VariantName = "[No Variations]"
Add component (AddParameter): Name = "ComponentLink20URL"; Value = "https://datasheet.octopart.com:443/RC0201FR-07100KL-Yageo-datasheet-5319114.pdf?src-supplier=Future+Electronics"; VariantName = "[No Variations]"
Add component (AddParameter): Name = "ComponentLink21Description"; Value = "https://datasheet.octopart.com:443/RC0201FR-07100KL-Yageo-datasheet-12535854.pdf?src-supplier=Future+Electronics"; VariantName = "[No Variations]"
Add component (AddParameter): Name = "ComponentLink21URL"; Value = "https://datasheet.octopart.com:443/RC0201FR-07100KL-Yageo-datasheet-12535854.pdf?src-supplier=Future+Electronics"; VariantName = "[No Variations]"
Add component (AddParameter): Name = "ComponentLink22Description"; Value = "https://datasheet.octopart.com:443/RC0201FR-07100KL-Yageo-datasheet-148775077.pdf?src-supplier=TME"; VariantName = "[No Variations]"
Add component (AddParameter): Name = "ComponentLink22URL"; Value = "https://datasheet.octopart.com:443/RC0201FR-07100KL-Yageo-datasheet-148775077.pdf?src-supplier=TME"; VariantName = "[No Variations]"
Add component (AddParameter): Name = "ComponentLink23Description"; Value = "https://datasheet.octopart.com/RC0201FR-07100KL-Yageo-datasheet-73766026.pdf"; VariantName = "[No Variations]"
Add component (AddParameter): Name = "ComponentLink23URL"; Value = "https://datasheet.octopart.com/RC0201FR-07100KL-Yageo-datasheet-73766026.pdf"; VariantName = "[No Variations]"
Add component (AddParameter): Name = "ComponentLink24Description"; Value = "https://datasheet.octopart.com:443/RC0201FR-07100KL-Yageo-datasheet-8701561.pdf?src-supplier=element14"; VariantName = "[No Variations]"
Add component (AddParameter): Name = "ComponentLink24URL"; Value = "https://datasheet.octopart.com:443/RC0201FR-07100KL-Yageo-datasheet-8701561.pdf?src-supplier=element14"; VariantName = "[No Variations]"
Add component (AddParameter): Name = "ComponentLink25Description"; Value = "http://sigma.octopart.com:80/conflict_mineral_statement/Yageo-company-3.pdf?src-supplier=Compliance+Statements"; VariantName = "[No Variations]"
Add component (AddParameter): Name = "ComponentLink25URL"; Value = "http://sigma.octopart.com:80/conflict_mineral_statement/Yageo-company-3.pdf?src-supplier=Compliance+Statements"; VariantName = "[No Variations]"
Add component (AddParameter): Name = "ComponentLink26Description"; Value = "http://sigma.octopart.com:80/rohs_statement/Yageo-company-2.pdf?src-supplier=Compliance+Statements"; VariantName = "[No Variations]"
Add component (AddParameter): Name = "ComponentLink26URL"; Value = "http://sigma.octopart.com:80/rohs_statement/Yageo-company-2.pdf?src-supplier=Compliance+Statements"; VariantName = "[No Variations]"
Add component (AddParameter): Name = "Composition"; Value = "Thick Film"; VariantName = "[No Variations]"
Add component (AddParameter): Name = "Contact Plating"; Value = "Tin"; VariantName = "[No Variations]"
Add component (AddParameter): Name = "Depth"; Value = "300µm"; VariantName = "[No Variations]"
Add component (AddParameter): Name = "Features"; Value = "Moisture Resistant"; VariantName = "[No Variations]"
Add component (AddParameter): Name = "Height"; Value = "230µm"; VariantName = "[No Variations]"
Add component (AddParameter): Name = "Lead Free"; Value = "Lead Free"; VariantName = "[No Variations]"
Add component (AddParameter): Name = "Length"; Value = "600µm"; VariantName = "[No Variations]"
Add component (AddParameter): Name = "Lifecycle Status"; Value = "Production"; VariantName = "[No Variations]"
Add component (AddParameter): Name = "Manufacturer"; Value = "Yageo Group"; VariantName = "[No Variations]"
Add component (AddParameter): Name = "Manufacturer Part Number"; Value = "RC0201FR-07100KL"; VariantName = "[No Variations]"
Add component (AddParameter): Name = "Max Operating Temperature"; Value = "125°C"; VariantName = "[No Variations]"
Add component (AddParameter): Name = "Max Power Dissipation"; Value = "50mW"; VariantName = "[No Variations]"
Add component (AddParameter): Name = "Military Standard"; Value = "Not"; VariantName = "[No Variations]"
Add component (AddParameter): Name = "Min Operating Temperature"; Value = "-55°C"; VariantName = "[No Variations]"
Add component (AddParameter): Name = "Mounting Technology"; Value = "Surface Mount"; VariantName = "[No Variations]"
Add component (AddParameter): Name = "Number of Terminals"; Value = "2"; VariantName = "[No Variations]"
Add component (AddParameter): Name = "Number of Terminations"; Value = "2"; VariantName = "[No Variations]"
Add component (AddParameter): Name = "Packaging"; Value = "Tape & Reel"; VariantName = "[No Variations]"
Add component (AddParameter): Name = "Pins"; Value = "2"; VariantName = "[No Variations]"
Add component (AddParameter): Name = "Power Rating"; Value = "50mW"; VariantName = "[No Variations]"
Add component (AddParameter): Name = "Pricing"; Value = "1=0,1, 10=0,034, 25=0,0252, 50=0,0204, 100=0,0168, 250=0,01316, 500=0,01112, 1000=0,00952, 5000=0,00698 (USD)"; VariantName = "[No Variations]"
Add component (AddParameter): Name = "REACH SVHC"; Value = "Yes"; VariantName = "[No Variations]"
Add component (AddParameter): Name = "RoHS"; Value = "Compliant"; VariantName = "[No Variations]"
Add component (AddParameter): Name = "Schedule B"; Value = "8533210045, 8533210045|8533210045|8533210045|8533210045|8533210045|8533210045|8533210045|8533210045|8533210045|8533210045|8533210045|8533210045|8533210045|8533210045, 8533210045|8533210045|8533210045|8533210045|8533210045|8533210045|8533210045|8533210045|8533210045|8533210045|8533210045|8533210045|8533210045|8533210045|8533210045, 8533210045|8533210045|8533210045|8533210045|8533210045|8533210045|8533210045|8533210045|8533210045|8533210045|8533210045|8533210045|8533210045|8533210045|8533210045|8533210045"; VariantName = "[No Variations]"
Add component (AddParameter): Name = "Stock"; Value = "1290882"; VariantName = "[No Variations]"
Add component (AddParameter): Name = "Supplier"; Value = "DigiKey"; VariantName = "[No Variations]"
Add component (AddParameter): Name = "Supplier 1"; Value = "DigiKey"; VariantName = "[No Variations]"
Add component (AddParameter): Name = "Supplier Part Number"; Value = "311-100KMDKR-ND"; VariantName = "[No Variations]"
Add component (AddParameter): Name = "Supplier Part Number 1"; Value = "311-100KMDKR-ND"; VariantName = "[No Variations]"
Add component (AddParameter): Name = "Temperature Coefficient"; Value = "200ppm/°C"; VariantName = "[No Variations]"
Add component (AddParameter): Name = "Termination"; Value = "SMD/SMT"; VariantName = "[No Variations]"
Add component (AddParameter): Name = "Tolerance"; Value = "1%"; VariantName = "[No Variations]"
Add component (AddParameter): Name = "Value"; Value = "100kO"; VariantName = "[No Variations]"
Add component (AddParameter): Name = "Voltage Rating"; Value = "25V"; VariantName = "[No Variations]"
Add component (AddParameter): Name = "Voltage Rating (DC)"; Value = "25V"; VariantName = "[No Variations]"
Add component (AddParameter): Name = "Width"; Value = "300µm"; VariantName = "[No Variations]"
Add component (AddParameter): Name = "Working Voltage"; Value = "25V"; VariantName = "[No Variations]"
Added Component: Designator=R13(R0201)
Add component (AddParameter): Name = "Case Code (Imperial)"; Value = "0201"; VariantName = "[No Variations]"
Add component (AddParameter): Name = "Case Code (Metric)"; Value = "0603"; VariantName = "[No Variations]"
Add component (AddParameter): Name = "Case/Package"; Value = "0201"; VariantName = "[No Variations]"
Add component (AddParameter): Name = "Category"; Value = "Chip SMD Resistors"; VariantName = "[No Variations]"
Add component (AddParameter): Name = "China RoHS"; Value = "Non-Compliant"; VariantName = "[No Variations]"
Add component (AddParameter): Name = "ComponentLink1Description"; Value = "https://datasheet.octopart.com:443/RC0201FR-071KL-Yageo-datasheet-175887523.pdf?src-supplier=Newark"; VariantName = "[No Variations]"
Add component (AddParameter): Name = "ComponentLink1URL"; Value = "https://datasheet.octopart.com:443/RC0201FR-071KL-Yageo-datasheet-175887523.pdf?src-supplier=Newark"; VariantName = "[No Variations]"
Add component (AddParameter): Name = "ComponentLink2Description"; Value = "https://datasheet.octopart.com:443/RC0201FR-071KL-Yageo-datasheet-10025917.pdf?src-supplier=Newark"; VariantName = "[No Variations]"
Add component (AddParameter): Name = "ComponentLink2URL"; Value = "https://datasheet.octopart.com:443/RC0201FR-071KL-Yageo-datasheet-10025917.pdf?src-supplier=Newark"; VariantName = "[No Variations]"
Add component (AddParameter): Name = "ComponentLink3Description"; Value = "https://datasheet.octopart.com:443/RC0201FR-071KL-Yageo-datasheet-12509713.pdf?src-supplier=_legacy+Avnet"; VariantName = "[No Variations]"
Add component (AddParameter): Name = "ComponentLink3URL"; Value = "https://datasheet.octopart.com:443/RC0201FR-071KL-Yageo-datasheet-12509713.pdf?src-supplier=_legacy+Avnet"; VariantName = "[No Variations]"
Add component (AddParameter): Name = "ComponentLink4Description"; Value = "https://datasheet.octopart.com:443/RC0201FR-071KL-Yageo-datasheet-13314888.pdf?src-supplier=Upverter"; VariantName = "[No Variations]"
Add component (AddParameter): Name = "ComponentLink4URL"; Value = "https://datasheet.octopart.com:443/RC0201FR-071KL-Yageo-datasheet-13314888.pdf?src-supplier=Upverter"; VariantName = "[No Variations]"
Add component (AddParameter): Name = "ComponentLink5Description"; Value = "https://datasheet.octopart.com:443/RC0201FR-071KL-Yageo-datasheet-12549147.pdf?src-supplier=Upverter"; VariantName = "[No Variations]"
Add component (AddParameter): Name = "ComponentLink5URL"; Value = "https://datasheet.octopart.com:443/RC0201FR-071KL-Yageo-datasheet-12549147.pdf?src-supplier=Upverter"; VariantName = "[No Variations]"
Add component (AddParameter): Name = "ComponentLink6Description"; Value = "https://datasheet.octopart.com:443/RC0201FR-071KL-Yageo-datasheet-12509741.pdf?src-supplier=Upverter"; VariantName = "[No Variations]"
Add component (AddParameter): Name = "ComponentLink6URL"; Value = "https://datasheet.octopart.com:443/RC0201FR-071KL-Yageo-datasheet-12509741.pdf?src-supplier=Upverter"; VariantName = "[No Variations]"
Add component (AddParameter): Name = "ComponentLink7Description"; Value = "https://datasheet.octopart.com:443/RC0201FR-071KL-Yageo-datasheet-62067350.pdf?src-supplier=element14+APAC"; VariantName = "[No Variations]"
Add component (AddParameter): Name = "ComponentLink7URL"; Value = "https://datasheet.octopart.com:443/RC0201FR-071KL-Yageo-datasheet-62067350.pdf?src-supplier=element14+APAC"; VariantName = "[No Variations]"
Add component (AddParameter): Name = "ComponentLink8Description"; Value = "https://datasheet.octopart.com:443/RC0201FR-071KL-Yageo-datasheet-10911895.pdf?src-supplier=element14+APAC"; VariantName = "[No Variations]"
Add component (AddParameter): Name = "ComponentLink8URL"; Value = "https://datasheet.octopart.com:443/RC0201FR-071KL-Yageo-datasheet-10911895.pdf?src-supplier=element14+APAC"; VariantName = "[No Variations]"
Add component (AddParameter): Name = "ComponentLink9Description"; Value = "https://datasheet.octopart.com:443/RC0201FR-071KL-Yageo-Group-datasheet-176638170.pdf?src-supplier=Future+Electronics"; VariantName = "[No Variations]"
Add component (AddParameter): Name = "ComponentLink9URL"; Value = "https://datasheet.octopart.com:443/RC0201FR-071KL-Yageo-Group-datasheet-176638170.pdf?src-supplier=Future+Electronics"; VariantName = "[No Variations]"
Add component (AddParameter): Name = "ComponentLink10Description"; Value = "https://datasheet.octopart.com:443/RC0201FR-071KL-Yageo-datasheet-164759695.pdf?src-supplier=Future+Electronics"; VariantName = "[No Variations]"
Add component (AddParameter): Name = "ComponentLink10URL"; Value = "https://datasheet.octopart.com:443/RC0201FR-071KL-Yageo-datasheet-164759695.pdf?src-supplier=Future+Electronics"; VariantName = "[No Variations]"
Add component (AddParameter): Name = "ComponentLink11Description"; Value = "https://datasheet.octopart.com:443/RC0201FR-071KL-Yageo-datasheet-127823281.pdf?src-supplier=Future+Electronics"; VariantName = "[No Variations]"
Add component (AddParameter): Name = "ComponentLink11URL"; Value = "https://datasheet.octopart.com:443/RC0201FR-071KL-Yageo-datasheet-127823281.pdf?src-supplier=Future+Electronics"; VariantName = "[No Variations]"
Add component (AddParameter): Name = "ComponentLink12Description"; Value = "https://datasheet.octopart.com:443/RC0201FR-071KL-Yageo-datasheet-137700087.pdf?src-supplier=Future+Electronics"; VariantName = "[No Variations]"
Add component (AddParameter): Name = "ComponentLink12URL"; Value = "https://datasheet.octopart.com:443/RC0201FR-071KL-Yageo-datasheet-137700087.pdf?src-supplier=Future+Electronics"; VariantName = "[No Variations]"
Add component (AddParameter): Name = "ComponentLink13Description"; Value = "https://datasheet.octopart.com:443/RC0201FR-071KL-Yageo-datasheet-103092701.pdf?src-supplier=Future+Electronics"; VariantName = "[No Variations]"
Add component (AddParameter): Name = "ComponentLink13URL"; Value = "https://datasheet.octopart.com:443/RC0201FR-071KL-Yageo-datasheet-103092701.pdf?src-supplier=Future+Electronics"; VariantName = "[No Variations]"
Add component (AddParameter): Name = "ComponentLink14Description"; Value = "https://datasheet.octopart.com:443/RC0201FR-071KL-Yageo-datasheet-98239111.pdf?src-supplier=Future+Electronics"; VariantName = "[No Variations]"
Add component (AddParameter): Name = "ComponentLink14URL"; Value = "https://datasheet.octopart.com:443/RC0201FR-071KL-Yageo-datasheet-98239111.pdf?src-supplier=Future+Electronics"; VariantName = "[No Variations]"
Add component (AddParameter): Name = "ComponentLink15Description"; Value = "https://datasheet.octopart.com:443/RC0201FR-071KL-Yageo-datasheet-44382975.pdf?src-supplier=Future+Electronics"; VariantName = "[No Variations]"
Add component (AddParameter): Name = "ComponentLink15URL"; Value = "https://datasheet.octopart.com:443/RC0201FR-071KL-Yageo-datasheet-44382975.pdf?src-supplier=Future+Electronics"; VariantName = "[No Variations]"
Add component (AddParameter): Name = "ComponentLink16Description"; Value = "https://datasheet.octopart.com:443/RC0201FR-071KL-Yageo-datasheet-41589693.pdf?src-supplier=Future+Electronics"; VariantName = "[No Variations]"
Add component (AddParameter): Name = "ComponentLink16URL"; Value = "https://datasheet.octopart.com:443/RC0201FR-071KL-Yageo-datasheet-41589693.pdf?src-supplier=Future+Electronics"; VariantName = "[No Variations]"
Add component (AddParameter): Name = "ComponentLink17Description"; Value = "https://datasheet.octopart.com:443/RC0201FR-071KL-Yageo-datasheet-37140709.pdf?src-supplier=Future+Electronics"; VariantName = "[No Variations]"
Add component (AddParameter): Name = "ComponentLink17URL"; Value = "https://datasheet.octopart.com:443/RC0201FR-071KL-Yageo-datasheet-37140709.pdf?src-supplier=Future+Electronics"; VariantName = "[No Variations]"
Add component (AddParameter): Name = "ComponentLink18Description"; Value = "https://datasheet.octopart.com:443/RC0201FR-071KL-Yageo-datasheet-12509768.pdf?src-supplier=Future+Electronics"; VariantName = "[No Variations]"
Add component (AddParameter): Name = "ComponentLink18URL"; Value = "https://datasheet.octopart.com:443/RC0201FR-071KL-Yageo-datasheet-12509768.pdf?src-supplier=Future+Electronics"; VariantName = "[No Variations]"
Add component (AddParameter): Name = "ComponentLink19Description"; Value = "https://datasheet.octopart.com:443/RC0201FR-071KL-Yageo-datasheet-12590898.pdf?src-supplier=Future+Electronics"; VariantName = "[No Variations]"
Add component (AddParameter): Name = "ComponentLink19URL"; Value = "https://datasheet.octopart.com:443/RC0201FR-071KL-Yageo-datasheet-12590898.pdf?src-supplier=Future+Electronics"; VariantName = "[No Variations]"
Add component (AddParameter): Name = "ComponentLink20Description"; Value = "https://datasheet.octopart.com:443/RC0201FR-071KL-Yageo-datasheet-12535854.pdf?src-supplier=Future+Electronics"; VariantName = "[No Variations]"
Add component (AddParameter): Name = "ComponentLink20URL"; Value = "https://datasheet.octopart.com:443/RC0201FR-071KL-Yageo-datasheet-12535854.pdf?src-supplier=Future+Electronics"; VariantName = "[No Variations]"
Add component (AddParameter): Name = "ComponentLink21Description"; Value = "https://datasheet.octopart.com:443/RC0201FR-071KL-Yageo-datasheet-148775077.pdf?src-supplier=TME"; VariantName = "[No Variations]"
Add component (AddParameter): Name = "ComponentLink21URL"; Value = "https://datasheet.octopart.com:443/RC0201FR-071KL-Yageo-datasheet-148775077.pdf?src-supplier=TME"; VariantName = "[No Variations]"
Add component (AddParameter): Name = "ComponentLink22Description"; Value = "https://datasheet.octopart.com:443/RC0201FR-071KL-Yageo-datasheet-79472498.pdf?src-supplier=Megastar"; VariantName = "[No Variations]"
Add component (AddParameter): Name = "ComponentLink22URL"; Value = "https://datasheet.octopart.com:443/RC0201FR-071KL-Yageo-datasheet-79472498.pdf?src-supplier=Megastar"; VariantName = "[No Variations]"
Add component (AddParameter): Name = "ComponentLink23Description"; Value = "https://datasheet.octopart.com/RC0201FR-071KL-Yageo-datasheet-73766026.pdf"; VariantName = "[No Variations]"
Add component (AddParameter): Name = "ComponentLink23URL"; Value = "https://datasheet.octopart.com/RC0201FR-071KL-Yageo-datasheet-73766026.pdf"; VariantName = "[No Variations]"
Add component (AddParameter): Name = "ComponentLink24Description"; Value = "http://sigma.octopart.com:80/conflict_mineral_statement/Yageo-company-3.pdf?src-supplier=Compliance+Statements"; VariantName = "[No Variations]"
Add component (AddParameter): Name = "ComponentLink24URL"; Value = "http://sigma.octopart.com:80/conflict_mineral_statement/Yageo-company-3.pdf?src-supplier=Compliance+Statements"; VariantName = "[No Variations]"
Add component (AddParameter): Name = "ComponentLink25Description"; Value = "http://sigma.octopart.com:80/rohs_statement/Yageo-company-2.pdf?src-supplier=Compliance+Statements"; VariantName = "[No Variations]"
Add component (AddParameter): Name = "ComponentLink25URL"; Value = "http://sigma.octopart.com:80/rohs_statement/Yageo-company-2.pdf?src-supplier=Compliance+Statements"; VariantName = "[No Variations]"
Add component (AddParameter): Name = "Composition"; Value = "Thick Film"; VariantName = "[No Variations]"
Add component (AddParameter): Name = "Contact Plating"; Value = "Tin"; VariantName = "[No Variations]"
Add component (AddParameter): Name = "Country of Origin"; Value = "Mainland China, Taiwan"; VariantName = "[No Variations]"
Add component (AddParameter): Name = "Depth"; Value = "300µm"; VariantName = "[No Variations]"
Add component (AddParameter): Name = "Export Control Classification Number (ECCN) Code"; Value = "EAR99"; VariantName = "[No Variations]"
Add component (AddParameter): Name = "Features"; Value = "Moisture Resistant"; VariantName = "[No Variations]"
Add component (AddParameter): Name = "Harmonized Tariff Schedule (HTS) Code"; Value = "8533.21.00.30"; VariantName = "[No Variations]"
Add component (AddParameter): Name = "Height"; Value = "230µm"; VariantName = "[No Variations]"
Add component (AddParameter): Name = "Introduction Date"; Value = "2008-07-18"; VariantName = "[No Variations]"
Add component (AddParameter): Name = "Lead Free"; Value = "Lead Free"; VariantName = "[No Variations]"
Add component (AddParameter): Name = "Length"; Value = "600µm"; VariantName = "[No Variations]"
Add component (AddParameter): Name = "Lifecycle Status"; Value = "Production"; VariantName = "[No Variations]"
Add component (AddParameter): Name = "Manufacturer"; Value = "Yageo Group"; VariantName = "[No Variations]"
Add component (AddParameter): Name = "Manufacturer Part Number"; Value = "RC0201FR-071KL"; VariantName = "[No Variations]"
Add component (AddParameter): Name = "Max Operating Temperature"; Value = "125°C"; VariantName = "[No Variations]"
Add component (AddParameter): Name = "Max Power Dissipation"; Value = "50mW"; VariantName = "[No Variations]"
Add component (AddParameter): Name = "Military Standard"; Value = "Not"; VariantName = "[No Variations]"
Add component (AddParameter): Name = "Min Operating Temperature"; Value = "-55°C"; VariantName = "[No Variations]"
Add component (AddParameter): Name = "Mounting Technology"; Value = "Surface Mount"; VariantName = "[No Variations]"
Add component (AddParameter): Name = "Number of Terminals"; Value = "2"; VariantName = "[No Variations]"
Add component (AddParameter): Name = "Number of Terminations"; Value = "2"; VariantName = "[No Variations]"
Add component (AddParameter): Name = "Packaging"; Value = "Tape & Reel"; VariantName = "[No Variations]"
Add component (AddParameter): Name = "Power Rating"; Value = "50mW"; VariantName = "[No Variations]"
Add component (AddParameter): Name = "Pricing"; Value = "1=0,1, 10=0,034, 25=0,0252, 50=0,0204, 100=0,0168, 250=0,01316, 500=0,01112, 1000=0,00952, 5000=0,00698 (USD)"; VariantName = "[No Variations]"
Add component (AddParameter): Name = "Radiation Hardening"; Value = "No"; VariantName = "[No Variations]"
Add component (AddParameter): Name = "REACH SVHC"; Value = "Yes"; VariantName = "[No Variations]"
Add component (AddParameter): Name = "RoHS"; Value = "Compliant"; VariantName = "[No Variations]"
Add component (AddParameter): Name = "Schedule B"; Value = "8533210045, 8533210045|8533210045|8533210045|8533210045|8533210045|8533210045|8533210045|8533210045|8533210045|8533210045|8533210045|8533210045|8533210045|8533210045|8533210045|8533210045|8533210045|8533210045|8533210045|8533210045|8533210045|8533210045|8533210045|85"; VariantName = "[No Variations]"
Add component (AddParameter): Name = "Stock"; Value = "505262"; VariantName = "[No Variations]"
Add component (AddParameter): Name = "Supplier"; Value = "DigiKey"; VariantName = "[No Variations]"
Add component (AddParameter): Name = "Supplier 1"; Value = "DigiKey"; VariantName = "[No Variations]"
Add component (AddParameter): Name = "Supplier Part Number"; Value = "311-1KMCT-ND"; VariantName = "[No Variations]"
Add component (AddParameter): Name = "Supplier Part Number 1"; Value = "311-1KMCT-ND"; VariantName = "[No Variations]"
Add component (AddParameter): Name = "Temperature Coefficient"; Value = "200ppm/°C"; VariantName = "[No Variations]"
Add component (AddParameter): Name = "Termination"; Value = "SMD/SMT"; VariantName = "[No Variations]"
Add component (AddParameter): Name = "Tolerance"; Value = "1%"; VariantName = "[No Variations]"
Add component (AddParameter): Name = "Value"; Value = "1kO"; VariantName = "[No Variations]"
Add component (AddParameter): Name = "Voltage Rating"; Value = "25V"; VariantName = "[No Variations]"
Add component (AddParameter): Name = "Voltage Rating (DC)"; Value = "25V"; VariantName = "[No Variations]"
Add component (AddParameter): Name = "Width"; Value = "300µm"; VariantName = "[No Variations]"
Add component (AddParameter): Name = "Working Voltage"; Value = "25V"; VariantName = "[No Variations]"
Added Component: Designator=TP1(PAD)
Added Component: Designator=TP2(PAD)
Added Component: Designator=TP3(PAD)
Added Component: Designator=TP4(PAD)
Added Component: Designator=U1(Micro BGA)
Add component (AddParameter): Name = "ADC Channels (Resolution)"; Value = "16-Ch 12-Bit"; VariantName = "[No Variations]"
Add component (AddParameter): Name = "Case/Package"; Value = "FBGA"; VariantName = "[No Variations]"
Add component (AddParameter): Name = "Category"; Value = "Microcontrollers"; VariantName = "[No Variations]"
Add component (AddParameter): Name = "China RoHS"; Value = "Compliant"; VariantName = "[No Variations]"
Add component (AddParameter): Name = "Clock Frequency"; Value = "16MHz"; VariantName = "[No Variations]"
Add component (AddParameter): Name = "ComponentLink1Description"; Value = "https://datasheet.octopart.com:443/STM32F103R8H6-STMicroelectronics-datasheet-177520228.pdf?src-supplier=IHS"; VariantName = "[No Variations]"
Add component (AddParameter): Name = "ComponentLink1URL"; Value = "https://datasheet.octopart.com:443/STM32F103R8H6-STMicroelectronics-datasheet-177520228.pdf?src-supplier=IHS"; VariantName = "[No Variations]"
Add component (AddParameter): Name = "ComponentLink2Description"; Value = "https://datasheet.octopart.com:443/STM32F103R8H6-STMicroelectronics-datasheet-14363502.pdf?src-supplier=Upverter"; VariantName = "[No Variations]"
Add component (AddParameter): Name = "ComponentLink2URL"; Value = "https://datasheet.octopart.com:443/STM32F103R8H6-STMicroelectronics-datasheet-14363502.pdf?src-supplier=Upverter"; VariantName = "[No Variations]"
Add component (AddParameter): Name = "ComponentLink3Description"; Value = "https://datasheet.octopart.com:443/STM32F103R8H6-STMicroelectronics-datasheet-48026265.pdf?src-supplier=Farnell"; VariantName = "[No Variations]"
Add component (AddParameter): Name = "ComponentLink3URL"; Value = "https://datasheet.octopart.com:443/STM32F103R8H6-STMicroelectronics-datasheet-48026265.pdf?src-supplier=Farnell"; VariantName = "[No Variations]"
Add component (AddParameter): Name = "ComponentLink4Description"; Value = "https://datasheet.octopart.com:443/STM32F103R8H6-STMicroelectronics-datasheet-21407612.pdf?src-supplier=Farnell"; VariantName = "[No Variations]"
Add component (AddParameter): Name = "ComponentLink4URL"; Value = "https://datasheet.octopart.com:443/STM32F103R8H6-STMicroelectronics-datasheet-21407612.pdf?src-supplier=Farnell"; VariantName = "[No Variations]"
Add component (AddParameter): Name = "ComponentLink5Description"; Value = "https://datasheet.octopart.com:443/STM32F103R8H6-STMicroelectronics-datasheet-16809485.pdf?src-supplier=Farnell"; VariantName = "[No Variations]"
Add component (AddParameter): Name = "ComponentLink5URL"; Value = "https://datasheet.octopart.com:443/STM32F103R8H6-STMicroelectronics-datasheet-16809485.pdf?src-supplier=Farnell"; VariantName = "[No Variations]"
Add component (AddParameter): Name = "ComponentLink6Description"; Value = "https://datasheet.octopart.com:443/STM32F103R8H6-STMicroelectronics-datasheet-10330614.pdf?src-supplier=Newark"; VariantName = "[No Variations]"
Add component (AddParameter): Name = "ComponentLink6URL"; Value = "https://datasheet.octopart.com:443/STM32F103R8H6-STMicroelectronics-datasheet-10330614.pdf?src-supplier=Newark"; VariantName = "[No Variations]"
Add component (AddParameter): Name = "ComponentLink7Description"; Value = "https://datasheet.octopart.com:443/STM32F103R8H6-STMicroelectronics-datasheet-500013.pdf?src-supplier=Factory+Futures"; VariantName = "[No Variations]"
Add component (AddParameter): Name = "ComponentLink7URL"; Value = "https://datasheet.octopart.com:443/STM32F103R8H6-STMicroelectronics-datasheet-500013.pdf?src-supplier=Factory+Futures"; VariantName = "[No Variations]"
Add component (AddParameter): Name = "ComponentLink8Description"; Value = "https://datasheet.octopart.com:443/STM32F103R8H6-STMicroelectronics-datasheet-6396519.pdf?src-supplier=Augswan"; VariantName = "[No Variations]"
Add component (AddParameter): Name = "ComponentLink8URL"; Value = "https://datasheet.octopart.com:443/STM32F103R8H6-STMicroelectronics-datasheet-6396519.pdf?src-supplier=Augswan"; VariantName = "[No Variations]"
Add component (AddParameter): Name = "ComponentLink9Description"; Value = "https://datasheet.octopart.com:443/STM32F103R8H6-STMicroelectronics-datasheet-14106722.pdf?src-supplier=iiiC"; VariantName = "[No Variations]"
Add component (AddParameter): Name = "ComponentLink9URL"; Value = "https://datasheet.octopart.com:443/STM32F103R8H6-STMicroelectronics-datasheet-14106722.pdf?src-supplier=iiiC"; VariantName = "[No Variations]"
Add component (AddParameter): Name = "ComponentLink10Description"; Value = "https://datasheet.octopart.com:443/STM32F103R8H6-STMicroelectronics-datasheet-8700640.pdf?src-supplier=Arrow+Electronics"; VariantName = "[No Variations]"
Add component (AddParameter): Name = "ComponentLink10URL"; Value = "https://datasheet.octopart.com:443/STM32F103R8H6-STMicroelectronics-datasheet-8700640.pdf?src-supplier=Arrow+Electronics"; VariantName = "[No Variations]"
Add component (AddParameter): Name = "Core Architecture"; Value = "ARM"; VariantName = "[No Variations]"
Add component (AddParameter): Name = "Country of Origin"; Value = "Malaysia"; VariantName = "[No Variations]"
Add component (AddParameter): Name = "Data Bus Width"; Value = "32b"; VariantName = "[No Variations]"
Add component (AddParameter): Name = "EEPROM Memory Size"; Value = "0B"; VariantName = "[No Variations]"
Add component (AddParameter): Name = "Export Control Classification Number (ECCN) Code"; Value = "3A991.A.2"; VariantName = "[No Variations]"
Add component (AddParameter): Name = "Flash Memory Size"; Value = "64kB"; VariantName = "[No Variations]"
Add component (AddParameter): Name = "Frequency"; Value = "72MHz"; VariantName = "[No Variations]"
Add component (AddParameter): Name = "Harmonized Tariff Schedule (HTS) Code"; Value = "8542.31.00.30"; VariantName = "[No Variations]"
Add component (AddParameter): Name = "Height"; Value = "785µm"; VariantName = "[No Variations]"
Add component (AddParameter): Name = "Interface"; Value = "CAN, USB"; VariantName = "[No Variations]"
Add component (AddParameter): Name = "Introduction Date"; Value = "2007-06-07"; VariantName = "[No Variations]"
Add component (AddParameter): Name = "Lead Free"; Value = "Lead Free"; VariantName = "[No Variations]"
Add component (AddParameter): Name = "Length"; Value = "5mm"; VariantName = "[No Variations]"
Add component (AddParameter): Name = "Lifecycle Status"; Value = "Production"; VariantName = "[No Variations]"
Add component (AddParameter): Name = "Manufacturer"; Value = "STMicroelectronics"; VariantName = "[No Variations]"
Add component (AddParameter): Name = "Manufacturer Part Number"; Value = "STM32F103R8H6"; VariantName = "[No Variations]"
Add component (AddParameter): Name = "Max Operating Temperature"; Value = "85°C"; VariantName = "[No Variations]"
Add component (AddParameter): Name = "Max Power Dissipation"; Value = "308mW"; VariantName = "[No Variations]"
Add component (AddParameter): Name = "Max Supply Current"; Value = "50mA"; VariantName = "[No Variations]"
Add component (AddParameter): Name = "Max Supply Voltage"; Value = "3.6V"; VariantName = "[No Variations]"
Add component (AddParameter): Name = "Memory Format"; Value = "FLASH"; VariantName = "[No Variations]"
Add component (AddParameter): Name = "Memory Size"; Value = "64kB"; VariantName = "[No Variations]"
Add component (AddParameter): Name = "Min Operating Temperature"; Value = "-40°C"; VariantName = "[No Variations]"
Add component (AddParameter): Name = "Min Supply Voltage"; Value = "2V"; VariantName = "[No Variations]"
Add component (AddParameter): Name = "Nominal Supply Current"; Value = "1.7µA"; VariantName = "[No Variations]"
Add component (AddParameter): Name = "Number of A/D Converters"; Value = "2"; VariantName = "[No Variations]"
Add component (AddParameter): Name = "Number of ADC Channels"; Value = "16"; VariantName = "[No Variations]"
Add component (AddParameter): Name = "Number of I2C Channels"; Value = "2"; VariantName = "[No Variations]"
Add component (AddParameter): Name = "Number of I/Os"; Value = "51"; VariantName = "[No Variations]"
Add component (AddParameter): Name = "Number of Programmable I/O"; Value = "51"; VariantName = "[No Variations]"
Add component (AddParameter): Name = "Number of SPI Channels"; Value = "2"; VariantName = "[No Variations]"
Add component (AddParameter): Name = "Number of Terminals"; Value = "64"; VariantName = "[No Variations]"
Add component (AddParameter): Name = "Number of Timers/Counters"; Value = "4"; VariantName = "[No Variations]"
Add component (AddParameter): Name = "Number of USART Channels"; Value = "3"; VariantName = "[No Variations]"
Add component (AddParameter): Name = "Operating Supply Voltage"; Value = "3.3V"; VariantName = "[No Variations]"
Add component (AddParameter): Name = "Oscillator Type"; Value = "Internal"; VariantName = "[No Variations]"
Add component (AddParameter): Name = "Peripherals"; Value = "POR"; VariantName = "[No Variations]"
Add component (AddParameter): Name = "Pins"; Value = "64"; VariantName = "[No Variations]"
Add component (AddParameter): Name = "Pricing"; Value = "3840=4,08947 (USD)"; VariantName = "[No Variations]"
Add component (AddParameter): Name = "Radiation Hardening"; Value = "No"; VariantName = "[No Variations]"
Add component (AddParameter): Name = "RAM Size"; Value = "20kB"; VariantName = "[No Variations]"
Add component (AddParameter): Name = "REACH SVHC"; Value = "Yes"; VariantName = "[No Variations]"
Add component (AddParameter): Name = "RoHS"; Value = "Compliant"; VariantName = "[No Variations]"
Add component (AddParameter): Name = "Supplier"; Value = "DigiKey"; VariantName = "[No Variations]"
Add component (AddParameter): Name = "Supplier 1"; Value = "DigiKey"; VariantName = "[No Variations]"
Add component (AddParameter): Name = "Supplier Part Number"; Value = "497-11523-ND"; VariantName = "[No Variations]"
Add component (AddParameter): Name = "Supplier Part Number 1"; Value = "497-11523-ND"; VariantName = "[No Variations]"
Add component (AddParameter): Name = "Temperature Grade"; Value = "Industrial"; VariantName = "[No Variations]"
Add component (AddParameter): Name = "Terminal Pitch"; Value = "500µm"; VariantName = "[No Variations]"
Add component (AddParameter): Name = "Watchdog Timer"; Value = "Yes"; VariantName = "[No Variations]"
Add component (AddParameter): Name = "Width"; Value = "5mm"; VariantName = "[No Variations]"
Added Component: Designator=U2(AP7343D)
Add component (AddParameter): Name = "Category"; Value = "LDO Voltage Regulators"; VariantName = "[No Variations]"
Add component (AddParameter): Name = "China RoHS"; Value = "Compliant"; VariantName = "[No Variations]"
Add component (AddParameter): Name = "ComponentLink1Description"; Value = "https://datasheet.octopart.com:443/AP7343D-33FS4-7B-Diodes-Inc.-datasheet-160640090.pdf?src-supplier=IHS"; VariantName = "[No Variations]"
Add component (AddParameter): Name = "ComponentLink1URL"; Value = "https://datasheet.octopart.com:443/AP7343D-33FS4-7B-Diodes-Inc.-datasheet-160640090.pdf?src-supplier=IHS"; VariantName = "[No Variations]"
Add component (AddParameter): Name = "ComponentLink2Description"; Value = "https://datasheet.octopart.com:443/AP7343D-33FS4-7B-Diodes-Inc.-datasheet-76801213.pdf?src-supplier=SHENGYU+ELECTRONICS"; VariantName = "[No Variations]"
Add component (AddParameter): Name = "ComponentLink2URL"; Value = "https://datasheet.octopart.com:443/AP7343D-33FS4-7B-Diodes-Inc.-datasheet-76801213.pdf?src-supplier=SHENGYU+ELECTRONICS"; VariantName = "[No Variations]"
Add component (AddParameter): Name = "Country of Origin"; Value = "Mainland China"; VariantName = "[No Variations]"
Add component (AddParameter): Name = "Dropout Voltage"; Value = "220mV"; VariantName = "[No Variations]"
Add component (AddParameter): Name = "Export Control Classification Number (ECCN) Code"; Value = "EAR99"; VariantName = "[No Variations]"
Add component (AddParameter): Name = "Harmonized Tariff Schedule (HTS) Code"; Value = "8542.39.00.60"; VariantName = "[No Variations]"
Add component (AddParameter): Name = "Height - Seated (Max)"; Value = "400µm"; VariantName = "[No Variations]"
Add component (AddParameter): Name = "Introduction Date"; Value = "2015-12-08"; VariantName = "[No Variations]"
Add component (AddParameter): Name = "LCSC"; Value = "C260892"; VariantName = "[No Variations]"
Add component (AddParameter): Name = "Length"; Value = "1mm"; VariantName = "[No Variations]"
Add component (AddParameter): Name = "Lifecycle Status"; Value = "Production"; VariantName = "[No Variations]"
Add component (AddParameter): Name = "Manufacturer"; Value = "Diodes Inc."; VariantName = "[No Variations]"
Add component (AddParameter): Name = "Manufacturer Part Number"; Value = "AP7343D-33FS4-7B"; VariantName = "[No Variations]"
Add component (AddParameter): Name = "Max Junction Temperature (Tj)"; Value = "125°C"; VariantName = "[No Variations]"
Add component (AddParameter): Name = "Max Operating Temperature"; Value = "85°C"; VariantName = "[No Variations]"
Add component (AddParameter): Name = "Max Supply Voltage"; Value = "5.25V"; VariantName = "[No Variations]"
Add component (AddParameter): Name = "Min Input Voltage"; Value = "4.3V"; VariantName = "[No Variations]"
Add component (AddParameter): Name = "Min Operating Temperature"; Value = "-40°C"; VariantName = "[No Variations]"
Add component (AddParameter): Name = "Mounting Technology"; Value = "Surface Mount"; VariantName = "[No Variations]"
Add component (AddParameter): Name = "Number of Circuits"; Value = "1"; VariantName = "[No Variations]"
Add component (AddParameter): Name = "Number of Outputs"; Value = "1"; VariantName = "[No Variations]"
Add component (AddParameter): Name = "Number of Regulators"; Value = "1"; VariantName = "[No Variations]"
Add component (AddParameter): Name = "Number of Terminals"; Value = "4"; VariantName = "[No Variations]"
Add component (AddParameter): Name = "Output Current"; Value = "300mA"; VariantName = "[No Variations]"
Add component (AddParameter): Name = "Output Voltage"; Value = "3.3V"; VariantName = "[No Variations]"
Add component (AddParameter): Name = "Pricing"; Value = "1=0,11, 10=0,076, 25=0,0664, 100=0,0557, 250=0,05072, 500=0,04772, 1000=0,04524, 2500=0,04261, 5000=0,04103, 10000=0,03973, 20000=0,03865, 30000=0,03812, 50000=0,03752, 70000=0,03717, 100000=0,03684, 250000=0,03612 (USD)"; VariantName = "[No Variations]"
Add component (AddParameter): Name = "REACH SVHC"; Value = "Yes"; VariantName = "[No Variations]"
Add component (AddParameter): Name = "RoHS"; Value = "Compliant"; VariantName = "[No Variations]"
Add component (AddParameter): Name = "Stock"; Value = "9621"; VariantName = "[No Variations]"
Add component (AddParameter): Name = "Supplier"; Value = "DigiKey"; VariantName = "[No Variations]"
Add component (AddParameter): Name = "Supplier 1"; Value = "DigiKey"; VariantName = "[No Variations]"
Add component (AddParameter): Name = "Supplier Location 1"; Value = "US"; VariantName = "[No Variations]"
Add component (AddParameter): Name = "Supplier Packaging 1"; Value = "Cut Tape"; VariantName = "[No Variations]"
Add component (AddParameter): Name = "Supplier Part Number"; Value = "AP7343D-33FS4-7BDICT-ND"; VariantName = "[No Variations]"
Add component (AddParameter): Name = "Supplier Part Number 1"; Value = "AP7343D-33FS4-7BDICT-ND"; VariantName = "[No Variations]"
Add component (AddParameter): Name = "Supplier Unit Price 1"; Value = "$0.11"; VariantName = "[No Variations]"
Add component (AddParameter): Name = "Terminal Pitch"; Value = "650µm"; VariantName = "[No Variations]"
Add component (AddParameter): Name = "Voltage Tolerance"; Value = "1%"; VariantName = "[No Variations]"
Add component (AddParameter): Name = "Width"; Value = "1mm"; VariantName = "[No Variations]"
Added Component: Designator=X1(Cristal C3E)
Add component (AddParameter): Name = "Category"; Value = "Crystals"; VariantName = "[No Variations]"
Add component (AddParameter): Name = "ComponentLink1Description"; Value = "https://datasheet.octopart.com:443/C3E-8.000-20-1020-R-Aker-datasheet-182230522.pdf?src-supplier=IHS"; VariantName = "[No Variations]"
Add component (AddParameter): Name = "ComponentLink1URL"; Value = "https://datasheet.octopart.com:443/C3E-8.000-20-1020-R-Aker-datasheet-182230522.pdf?src-supplier=IHS"; VariantName = "[No Variations]"
Add component (AddParameter): Name = "Country of Origin"; Value = "Taiwan"; VariantName = "[No Variations]"
Add component (AddParameter): Name = "ESR"; Value = "500O"; VariantName = "[No Variations]"
Add component (AddParameter): Name = "Frequency"; Value = "8MHz"; VariantName = "[No Variations]"
Add component (AddParameter): Name = "Frequency Stability"; Value = "20ppm"; VariantName = "[No Variations]"
Add component (AddParameter): Name = "Frequency Tolerance"; Value = "0.001%"; VariantName = "[No Variations]"
Add component (AddParameter): Name = "Load Capacitance"; Value = "20pF"; VariantName = "[No Variations]"
Add component (AddParameter): Name = "Manufacturer"; Value = "Aker"; VariantName = "[No Variations]"
Add component (AddParameter): Name = "Manufacturer Part Number"; Value = "C3E-8.000-20-1020-R"; VariantName = "[No Variations]"
Add component (AddParameter): Name = "Max Operating Temperature"; Value = "70°C"; VariantName = "[No Variations]"
Add component (AddParameter): Name = "Min Operating Temperature"; Value = "-20°C"; VariantName = "[No Variations]"
Add component (AddParameter): Name = "Mounting Technology"; Value = "Surface Mount"; VariantName = "[No Variations]"
Add component (AddParameter): Name = "Pricing"; Value = "1=0,59, 10=0,51, 25=0,4828, 50=0,4628, 100=0,4437, 250=0,41956, 500=0,4022 (USD)"; VariantName = "[No Variations]"
Add component (AddParameter): Name = "Stock"; Value = "914"; VariantName = "[No Variations]"
Add component (AddParameter): Name = "Supplier"; Value = "DigiKey"; VariantName = "[No Variations]"
Add component (AddParameter): Name = "Supplier 1"; Value = "DigiKey"; VariantName = "[No Variations]"
Add component (AddParameter): Name = "Supplier Part Number"; Value = "3997-C3E-8.000-20-1020-RCT-ND"; VariantName = "[No Variations]"
Add component (AddParameter): Name = "Supplier Part Number 1"; Value = "3997-C3E-8.000-20-1020-RCT-ND"; VariantName = "[No Variations]"
Added Pin To Net: NetName=3.3V Pin=C1-1
Added Pin To Net: NetName=3.3V Pin=C5-1
Added Pin To Net: NetName=3.3V Pin=C6-1
Added Pin To Net: NetName=3.3V Pin=C7-1
Added Pin To Net: NetName=3.3V Pin=C8-1
Added Pin To Net: NetName=3.3V Pin=C9-1
Added Pin To Net: NetName=3.3V Pin=C10-1
Added Pin To Net: NetName=3.3V Pin=C11-1
Added Pin To Net: NetName=3.3V Pin=C12-1
Added Pin To Net: NetName=3.3V Pin=D2-2
Added Pin To Net: NetName=3.3V Pin=R6-2
Added Pin To Net: NetName=3.3V Pin=R8-2
Added Pin To Net: NetName=3.3V Pin=R9-2
Added Pin To Net: NetName=3.3V Pin=R11-2
Added Pin To Net: NetName=3.3V Pin=R12-2
Added Pin To Net: NetName=3.3V Pin=U1-B2
Added Pin To Net: NetName=3.3V Pin=U1-D2
Added Pin To Net: NetName=3.3V Pin=U1-E4
Added Pin To Net: NetName=3.3V Pin=U1-E5
Added Pin To Net: NetName=3.3V Pin=U1-E6
Added Pin To Net: NetName=3.3V Pin=U1-H1
Added Pin To Net: NetName=3.3V Pin=U2-1
Added Pin To Net: NetName=3.3V Pin=U2-3
Added Pin To Net: NetName=3.3V Pin=U2-4
Added Net: Name=3.3V
Added Pin To Net: NetName=5V Pin=D3-1
Added Pin To Net: NetName=5V Pin=TP4-1
Added Net: Name=5V
Added Pin To Net: NetName=AIN 1 Pin=R8-1
Added Pin To Net: NetName=AIN 1 Pin=U1-G2
Added Net: Name=AIN 1
Added Pin To Net: NetName=GND Pin=C1-2
Added Pin To Net: NetName=GND Pin=C2-1
Added Pin To Net: NetName=GND Pin=C3-2
Added Pin To Net: NetName=GND Pin=C4-2
Added Pin To Net: NetName=GND Pin=C5-2
Added Pin To Net: NetName=GND Pin=C6-2
Added Pin To Net: NetName=GND Pin=C7-2
Added Pin To Net: NetName=GND Pin=C8-2
Added Pin To Net: NetName=GND Pin=C9-2
Added Pin To Net: NetName=GND Pin=C10-2
Added Pin To Net: NetName=GND Pin=C11-2
Added Pin To Net: NetName=GND Pin=C12-2
Added Pin To Net: NetName=GND Pin=CN2-4
Added Pin To Net: NetName=GND Pin=D1-1
Added Pin To Net: NetName=GND Pin=D4-1
Added Pin To Net: NetName=GND Pin=R5-1
Added Pin To Net: NetName=GND Pin=R7-1
Added Pin To Net: NetName=GND Pin=R13-1
Added Pin To Net: NetName=GND Pin=TP3-1
Added Pin To Net: NetName=GND Pin=U1-C2
Added Pin To Net: NetName=GND Pin=U1-D4
Added Pin To Net: NetName=GND Pin=U1-D5
Added Pin To Net: NetName=GND Pin=U1-D6
Added Pin To Net: NetName=GND Pin=U1-F1
Added Pin To Net: NetName=GND Pin=U1-G6
Added Pin To Net: NetName=GND Pin=U2-2
Added Pin To Net: NetName=GND Pin=U2-5
Added Pin To Net: NetName=GND Pin=X1-2
Added Pin To Net: NetName=GND Pin=X1-4
Added Net: Name=GND
Added Pin To Net: NetName=LED STLINK Pin=R3-1
Added Pin To Net: NetName=LED STLINK Pin=R4-1
Added Pin To Net: NetName=LED STLINK Pin=U1-C7
Added Net: Name=LED STLINK
Added Pin To Net: NetName=NetC4_1 Pin=C4-1
Added Pin To Net: NetName=NetC4_1 Pin=R12-1
Added Pin To Net: NetName=NetC4_1 Pin=U1-E1
Added Net: Name=NetC4_1
Added Pin To Net: NetName=NetCN1_1 Pin=R1-1
Added Net: Name=NetCN1_1
Added Pin To Net: NetName=NetCN1_2 Pin=R2-1
Added Net: Name=NetCN1_2
Added Pin To Net: NetName=NetD1_2 Pin=D1-2
Added Pin To Net: NetName=NetD1_2 Pin=R3-2
Added Net: Name=NetD1_2
Added Pin To Net: NetName=NetD2_1 Pin=D2-1
Added Pin To Net: NetName=NetD2_1 Pin=R4-2
Added Net: Name=NetD2_1
Added Pin To Net: NetName=NetD4_2 Pin=D4-2
Added Pin To Net: NetName=NetD4_2 Pin=R11-1
Added Net: Name=NetD4_2
Added Pin To Net: NetName=NetR5_2 Pin=R5-2
Added Pin To Net: NetName=NetR5_2 Pin=U1-A2
Added Net: Name=NetR5_2
Added Pin To Net: NetName=NetR7_2 Pin=R7-2
Added Pin To Net: NetName=NetR7_2 Pin=U1-B4
Added Net: Name=NetR7_2
Added Pin To Net: NetName=NetR9_1 Pin=R9-1
Added Pin To Net: NetName=NetR9_1 Pin=U1-G1
Added Net: Name=NetR9_1
Added Pin To Net: NetName=NetR13_2 Pin=R13-2
Added Pin To Net: NetName=NetR13_2 Pin=U1-D7
Added Net: Name=NetR13_2
Added Pin To Net: NetName=OSC IN Pin=C3-1
Added Pin To Net: NetName=OSC IN Pin=U1-C1
Added Pin To Net: NetName=OSC IN Pin=X1-3
Added Net: Name=OSC IN
Added Pin To Net: NetName=OSC OUT Pin=C2-2
Added Pin To Net: NetName=OSC OUT Pin=U1-D1
Added Pin To Net: NetName=OSC OUT Pin=X1-1
Added Net: Name=OSC OUT
Added Pin To Net: NetName=STM JTCK Pin=TP1-1
Added Pin To Net: NetName=STM JTCK Pin=U1-A7
Added Net: Name=STM JTCK
Added Pin To Net: NetName=STM JTMS Pin=TP2-1
Added Pin To Net: NetName=STM JTMS Pin=U1-A8
Added Net: Name=STM JTMS
Added Pin To Net: NetName=SWIM IN Pin=U1-A3
Added Pin To Net: NetName=SWIM IN Pin=U1-C3
Added Pin To Net: NetName=SWIM IN Pin=U1-G7
Added Net: Name=SWIM IN
Added Pin To Net: NetName=SWIM Pin=U1-B3
Added Pin To Net: NetName=SWIM Pin=U1-H7
Added Net: Name=SWIM
Added Pin To Net: NetName=T JTCK Pin=R1-2
Added Pin To Net: NetName=T JTCK Pin=U1-F4
Added Pin To Net: NetName=T JTCK Pin=U1-G8
Added Net: Name=T JTCK
Added Pin To Net: NetName=T JTMS Pin=R2-2
Added Pin To Net: NetName=T JTMS Pin=R10-1
Added Pin To Net: NetName=T JTMS Pin=U1-F8
Added Net: Name=T JTMS
Added Pin To Net: NetName=T SWDIO IN Pin=R10-2
Added Pin To Net: NetName=T SWDIO IN Pin=U1-H8
Added Net: Name=T SWDIO IN
Added Pin To Net: NetName=U5V Pin=CN2-1
Added Pin To Net: NetName=U5V Pin=D3-2
Added Net: Name=U5V
Added Pin To Net: NetName=USB DM Pin=CN2-2
Added Pin To Net: NetName=USB DM Pin=U1-C8
Added Net: Name=USB DM
Added Pin To Net: NetName=USB DP Pin=CN2-3
Added Pin To Net: NetName=USB DP Pin=R6-1
Added Pin To Net: NetName=USB DP Pin=U1-B8
Added Net: Name=USB DP
